0 verbose cli D:\Program Files\nodejs\node.exe D:\Program Files\nodejs\node_modules\npm\bin\npm-cli.js
1 info using npm@11.17.0
2 info using node@v26.5.1
3 silly config load:file:D:\Program Files\nodejs\node_modules\npm\npmrc
4 silly config load:file:E:\Todo\task-manager\mobile\.npmrc
5 silly config load:file:C:\Users\Lenovo\.npmrc
6 silly config load:file:C:\Users\Lenovo\AppData\Roaming\npm\etc\npmrc
7 verbose title npm install
8 verbose argv "install" "--cache" "e:\\Todo\\.npm-cache"
9 verbose logfile logs-max:10 dir:e:\Todo\.npm-cache\_logs\2026-09-08T05_56_16_067Z-
10 verbose logfile e:\Todo\.npm-cache\_logs\2026-09-08T05_56_16_067Z-debug-0.log
11 silly logfile done cleaning log files
12 silly packumentCache heap:2248146944 maxSize:562036736 maxEntrySize:281018368
13 silly idealTree buildDeps
14 silly fetch manifest expo@~57.0.20
15 silly packumentCache full:https://registry.npmjs.org/expo cache-miss
16 http fetch GET 200 https://registry.npmjs.org/npm 1164ms
17 http fetch GET 200 https://registry.npmjs.org/expo 1249ms (cache miss)
18 silly packumentCache full:https://registry.npmjs.org/expo set size:undefined disposed:false
19 silly fetch manifest @expo/metro-runtime@*
20 silly packumentCache full:https://registry.npmjs.org/@expo%2fmetro-runtime cache-miss
21 http fetch GET 200 https://registry.npmjs.org/@expo%2fmetro-runtime 971ms (cache miss)
22 silly packumentCache full:https://registry.npmjs.org/@expo%2fmetro-runtime set size:undefined disposed:false
23 silly fetch manifest react@19.2.3
24 silly packumentCache full:https://registry.npmjs.org/react cache-miss
25 http fetch GET 200 https://registry.npmjs.org/react 951ms (cache miss)
26 silly packumentCache full:https://registry.npmjs.org/react set size:undefined disposed:false
27 silly fetch manifest react-dom@*
28 silly packumentCache full:https://registry.npmjs.org/react-dom cache-miss
29 http fetch GET 200 https://registry.npmjs.org/react-dom 1505ms (cache miss)
30 silly packumentCache full:https://registry.npmjs.org/react-dom set size:undefined disposed:false
31 silly fetch manifest react@^19.2.8
32 silly packumentCache full:https://registry.npmjs.org/react cache-miss
33 http cache https://registry.npmjs.org/react 67ms (cache hit)
34 silly packumentCache full:https://registry.npmjs.org/react set size:6956072 disposed:false
35 silly fetch manifest react-native@0.86.3
36 silly packumentCache full:https://registry.npmjs.org/react-native cache-miss
37 http fetch GET 200 https://registry.npmjs.org/react-native 4134ms (cache miss)
38 silly packumentCache full:https://registry.npmjs.org/react-native set size:undefined disposed:false
39 silly fetch manifest @react-native/jest-preset@0.86.3
40 silly packumentCache full:https://registry.npmjs.org/@react-native%2fjest-preset cache-miss
41 http fetch GET 200 https://registry.npmjs.org/@react-native%2fjest-preset 338ms (cache miss)
42 silly packumentCache full:https://registry.npmjs.org/@react-native%2fjest-preset set size:undefined disposed:false
43 silly fetch manifest @types/react@^19.1.1
44 silly packumentCache full:https://registry.npmjs.org/@types%2freact cache-miss
45 http fetch GET 200 https://registry.npmjs.org/@types%2freact 322ms (cache miss)
46 silly packumentCache full:https://registry.npmjs.org/@types%2freact set size:undefined disposed:false
47 silly fetch manifest react-native-web@*
48 silly packumentCache full:https://registry.npmjs.org/react-native-web cache-miss
49 http fetch GET 200 https://registry.npmjs.org/react-native-web 315ms (cache miss)
50 silly packumentCache full:https://registry.npmjs.org/react-native-web set size:undefined disposed:false
51 silly fetch manifest react-native-webview@*
52 silly packumentCache full:https://registry.npmjs.org/react-native-webview cache-miss
53 http fetch GET 200 https://registry.npmjs.org/react-native-webview 560ms (cache miss)
54 silly packumentCache full:https://registry.npmjs.org/react-native-webview set size:undefined disposed:false
55 silly fetch manifest expo-status-bar@~57.0.1
56 silly packumentCache full:https://registry.npmjs.org/expo-status-bar cache-miss
57 http fetch GET 200 https://registry.npmjs.org/expo-status-bar 462ms (cache miss)
58 silly packumentCache full:https://registry.npmjs.org/expo-status-bar set size:undefined disposed:false
59 silly placeDep ROOT expo@57.0.20 OK for: mobile@1.0.0 want: ~57.0.20
60 silly placeDep ROOT react@19.2.3 OK for: expo@57.0.20 want: *
61 silly placeDep ROOT react-native@0.86.3 OK for: expo@57.0.20 want: *
62 silly placeDep ROOT expo-status-bar@57.0.1 OK for: mobile@1.0.0 want: ~57.0.1
63 silly fetch manifest @expo/cli@^57.0.22
64 silly packumentCache full:https://registry.npmjs.org/@expo%2fcli cache-miss
65 silly fetch manifest expo-font@~57.0.3
66 silly packumentCache full:https://registry.npmjs.org/expo-font cache-miss
67 silly fetch manifest expo-asset@~57.0.16
68 silly packumentCache full:https://registry.npmjs.org/expo-asset cache-miss
69 silly fetch manifest @expo/metro@~56.0.2
70 silly packumentCache full:https://registry.npmjs.org/@expo%2fmetro cache-miss
71 silly fetch manifest @expo/config@~57.0.9
72 silly packumentCache full:https://registry.npmjs.org/@expo%2fconfig cache-miss
73 silly fetch manifest @expo/log-box@^57.0.4
74 silly packumentCache full:https://registry.npmjs.org/@expo%2flog-box cache-miss
75 silly fetch manifest pretty-format@^29.7.0
76 silly packumentCache full:https://registry.npmjs.org/pretty-format cache-miss
77 http fetch GET 200 https://registry.npmjs.org/expo-font 238ms (cache miss)
78 silly packumentCache full:https://registry.npmjs.org/expo-font set size:undefined disposed:false
79 silly fetch manifest react-refresh@^0.14.2
80 silly packumentCache full:https://registry.npmjs.org/react-refresh cache-miss
81 http fetch GET 200 https://registry.npmjs.org/@expo%2fmetro 428ms (cache miss)
82 silly packumentCache full:https://registry.npmjs.org/@expo%2fmetro set size:undefined disposed:false
83 silly fetch manifest @babel/runtime@^7.20.0
84 silly packumentCache full:https://registry.npmjs.org/@babel%2fruntime cache-miss
85 http fetch GET 200 https://registry.npmjs.org/pretty-format 630ms (cache miss)
86 silly packumentCache full:https://registry.npmjs.org/pretty-format set size:undefined disposed:false
87 silly fetch manifest @expo/devtools@~57.0.1
88 silly packumentCache full:https://registry.npmjs.org/@expo%2fdevtools cache-miss
89 http fetch GET 200 https://registry.npmjs.org/@expo%2fcli 749ms (cache miss)
90 silly packumentCache full:https://registry.npmjs.org/@expo%2fcli set size:undefined disposed:false
91 silly fetch manifest expo-constants@~57.0.17
92 silly packumentCache full:https://registry.npmjs.org/expo-constants cache-miss
93 http fetch GET 200 https://registry.npmjs.org/expo-asset 1056ms (cache miss)
94 silly packumentCache full:https://registry.npmjs.org/expo-asset set size:undefined disposed:false
95 silly fetch manifest expo-keep-awake@~57.0.1
96 silly packumentCache full:https://registry.npmjs.org/expo-keep-awake cache-miss
97 http fetch GET 200 https://registry.npmjs.org/expo-constants 282ms (cache miss)
98 silly packumentCache full:https://registry.npmjs.org/expo-constants set size:undefined disposed:false
99 silly fetch manifest expo-file-system@~57.0.6
100 silly packumentCache full:https://registry.npmjs.org/expo-file-system cache-miss
101 http fetch GET 200 https://registry.npmjs.org/@expo%2flog-box 1141ms (cache miss)
102 silly packumentCache full:https://registry.npmjs.org/@expo%2flog-box set size:undefined disposed:false
103 silly fetch manifest @expo/dom-webview@~57.0.1
104 silly packumentCache full:https://registry.npmjs.org/@expo%2fdom-webview cache-miss
105 http fetch GET 200 https://registry.npmjs.org/@expo%2fconfig 1354ms (cache miss)
106 silly packumentCache full:https://registry.npmjs.org/@expo%2fconfig set size:undefined disposed:false
107 silly fetch manifest @expo/fingerprint@^0.20.12
108 silly packumentCache full:https://registry.npmjs.org/@expo%2ffingerprint cache-miss
109 http fetch GET 200 https://registry.npmjs.org/@babel%2fruntime 959ms (cache miss)
110 silly packumentCache full:https://registry.npmjs.org/@babel%2fruntime set size:undefined disposed:false
111 silly fetch manifest babel-preset-expo@~57.0.10
112 silly packumentCache full:https://registry.npmjs.org/babel-preset-expo cache-miss
113 http fetch GET 200 https://registry.npmjs.org/expo-keep-awake 345ms (cache miss)
114 silly packumentCache full:https://registry.npmjs.org/expo-keep-awake set size:undefined disposed:false
115 silly fetch manifest expo-modules-core@~57.0.16
116 silly packumentCache full:https://registry.npmjs.org/expo-modules-core cache-miss
117 http fetch GET 200 https://registry.npmjs.org/@expo%2fdevtools 858ms (cache miss)
118 silly packumentCache full:https://registry.npmjs.org/@expo%2fdevtools set size:undefined disposed:false
119 silly fetch manifest @expo/metro-config@~57.0.12
120 silly packumentCache full:https://registry.npmjs.org/@expo%2fmetro-config cache-miss
121 http fetch GET 200 https://registry.npmjs.org/babel-preset-expo 204ms (cache miss)
122 silly packumentCache full:https://registry.npmjs.org/babel-preset-expo set size:undefined disposed:false
123 silly fetch manifest whatwg-url-minimum@^0.1.2
124 silly packumentCache full:https://registry.npmjs.org/whatwg-url-minimum cache-miss
125 http fetch GET 200 https://registry.npmjs.org/@expo%2ffingerprint 367ms (cache miss)
126 silly packumentCache full:https://registry.npmjs.org/@expo%2ffingerprint set size:undefined disposed:false
127 silly fetch manifest @expo/config-plugins@~57.0.9
128 silly packumentCache full:https://registry.npmjs.org/@expo%2fconfig-plugins cache-miss
129 http fetch GET 200 https://registry.npmjs.org/expo-file-system 688ms (cache miss)
130 silly packumentCache full:https://registry.npmjs.org/expo-file-system set size:undefined disposed:false
131 silly fetch manifest @ungap/structured-clone@^1.3.0
132 silly packumentCache full:https://registry.npmjs.org/@ungap%2fstructured-clone cache-miss
133 http fetch GET 200 https://registry.npmjs.org/@expo%2fdom-webview 707ms (cache miss)
134 silly packumentCache full:https://registry.npmjs.org/@expo%2fdom-webview set size:undefined disposed:false
135 silly fetch manifest expo-modules-autolinking@~57.0.12
136 silly packumentCache full:https://registry.npmjs.org/expo-modules-autolinking cache-miss
137 http fetch GET 200 https://registry.npmjs.org/expo-modules-core 495ms (cache miss)
138 silly packumentCache full:https://registry.npmjs.org/expo-modules-core set size:undefined disposed:false
139 silly fetch manifest @expo/local-build-cache-provider@^57.0.8
140 silly packumentCache full:https://registry.npmjs.org/@expo%2flocal-build-cache-provider cache-miss
141 http fetch GET 200 https://registry.npmjs.org/whatwg-url-minimum 359ms (cache miss)
142 silly packumentCache full:https://registry.npmjs.org/whatwg-url-minimum set size:undefined disposed:false
143 silly fetch manifest ws@^7.5.10
144 silly packumentCache full:https://registry.npmjs.org/ws cache-miss
145 http fetch GET 200 https://registry.npmjs.org/react-refresh 1866ms (cache miss)
146 silly packumentCache full:https://registry.npmjs.org/react-refresh set size:undefined disposed:false
147 silly fetch manifest anser@^1.4.9
148 silly packumentCache full:https://registry.npmjs.org/anser cache-miss
149 http fetch GET 200 https://registry.npmjs.org/expo-modules-autolinking 369ms (cache miss)
150 silly packumentCache full:https://registry.npmjs.org/expo-modules-autolinking set size:undefined disposed:false
151 silly fetch manifest yargs@^17.6.2
152 silly packumentCache full:https://registry.npmjs.org/yargs cache-miss
153 http fetch GET 200 https://registry.npmjs.org/@expo%2flocal-build-cache-provider 285ms (cache miss)
154 silly packumentCache full:https://registry.npmjs.org/@expo%2flocal-build-cache-provider set size:undefined disposed:false
155 silly fetch manifest semver@^7.1.3
156 silly packumentCache full:https://registry.npmjs.org/semver cache-miss
157 http fetch GET 200 https://registry.npmjs.org/@expo%2fconfig-plugins 481ms (cache miss)
158 silly packumentCache full:https://registry.npmjs.org/@expo%2fconfig-plugins set size:undefined disposed:false
159 silly fetch manifest promise@^8.3.0
160 silly packumentCache full:https://registry.npmjs.org/promise cache-miss
161 http fetch GET 200 https://registry.npmjs.org/anser 89ms (cache miss)
162 silly packumentCache full:https://registry.npmjs.org/anser set size:undefined disposed:false
163 silly fetch manifest base64-js@^1.5.1
164 silly packumentCache full:https://registry.npmjs.org/base64-js cache-miss
165 http fetch GET 200 https://registry.npmjs.org/base64-js 153ms (cache miss)
166 silly packumentCache full:https://registry.npmjs.org/base64-js set size:undefined disposed:false
167 silly fetch manifest commander@^12.0.0
168 silly packumentCache full:https://registry.npmjs.org/commander cache-miss
169 http fetch GET 200 https://registry.npmjs.org/promise 205ms (cache miss)
170 silly packumentCache full:https://registry.npmjs.org/promise set size:undefined disposed:false
171 silly fetch manifest invariant@^2.2.4
172 silly packumentCache full:https://registry.npmjs.org/invariant cache-miss
173 http fetch GET 200 https://registry.npmjs.org/@ungap%2fstructured-clone 662ms (cache miss)
174 silly packumentCache full:https://registry.npmjs.org/@ungap%2fstructured-clone set size:undefined disposed:false
175 silly fetch manifest scheduler@0.27.0
176 silly packumentCache full:https://registry.npmjs.org/scheduler cache-miss
177 http fetch GET 200 https://registry.npmjs.org/yargs 280ms (cache miss)
178 silly packumentCache full:https://registry.npmjs.org/yargs set size:undefined disposed:false
179 silly fetch manifest ansi-regex@^5.0.0
180 silly packumentCache full:https://registry.npmjs.org/ansi-regex cache-miss
181 http fetch GET 200 https://registry.npmjs.org/semver 312ms (cache miss)
182 silly packumentCache full:https://registry.npmjs.org/semver set size:undefined disposed:false
183 silly fetch manifest nullthrows@^1.1.1
184 silly packumentCache full:https://registry.npmjs.org/nullthrows cache-miss
185 http fetch GET 200 https://registry.npmjs.org/invariant 175ms (cache miss)
186 silly packumentCache full:https://registry.npmjs.org/invariant set size:undefined disposed:false
187 silly fetch manifest tinyglobby@^0.2.15
188 silly packumentCache full:https://registry.npmjs.org/tinyglobby cache-miss
189 http fetch GET 200 https://registry.npmjs.org/ws 641ms (cache miss)
190 silly packumentCache full:https://registry.npmjs.org/ws set size:undefined disposed:false
191 silly fetch manifest memoize-one@^5.0.0
192 silly packumentCache full:https://registry.npmjs.org/memoize-one cache-miss
193 http fetch GET 200 https://registry.npmjs.org/@expo%2fmetro-config 1180ms (cache miss)
194 silly packumentCache full:https://registry.npmjs.org/@expo%2fmetro-config set size:undefined disposed:false
195 silly fetch manifest whatwg-fetch@^3.0.0
196 silly packumentCache full:https://registry.npmjs.org/whatwg-fetch cache-miss
197 http fetch GET 200 https://registry.npmjs.org/commander 284ms (cache miss)
198 silly packumentCache full:https://registry.npmjs.org/commander set size:undefined disposed:false
199 silly fetch manifest metro-runtime@^0.84.3
200 silly packumentCache full:https://registry.npmjs.org/metro-runtime cache-miss
201 http fetch GET 200 https://registry.npmjs.org/tinyglobby 170ms (cache miss)
202 silly packumentCache full:https://registry.npmjs.org/tinyglobby set size:undefined disposed:false
203 silly fetch manifest react-refresh@^0.14.0
204 silly packumentCache full:https://registry.npmjs.org/react-refresh cache-miss
205 http fetch GET 200 https://registry.npmjs.org/memoize-one 154ms (cache miss)
206 silly packumentCache full:https://registry.npmjs.org/memoize-one set size:undefined disposed:false
207 silly fetch manifest hermes-compiler@250829098.0.17
208 silly packumentCache full:https://registry.npmjs.org/hermes-compiler cache-miss
209 http cache https://registry.npmjs.org/react-refresh 74ms (cache hit)
210 silly packumentCache full:https://registry.npmjs.org/react-refresh set size:6601939 disposed:false
211 silly fetch manifest abort-controller@^3.0.0
212 silly packumentCache full:https://registry.npmjs.org/abort-controller cache-miss
213 http fetch GET 200 https://registry.npmjs.org/nullthrows 425ms (cache miss)
214 silly packumentCache full:https://registry.npmjs.org/nullthrows set size:undefined disposed:false
215 silly fetch manifest metro-source-map@^0.84.3
216 silly packumentCache full:https://registry.npmjs.org/metro-source-map cache-miss
217 http fetch GET 200 https://registry.npmjs.org/whatwg-fetch 282ms (cache miss)
218 silly packumentCache full:https://registry.npmjs.org/whatwg-fetch set size:undefined disposed:false
219 silly fetch manifest stacktrace-parser@^0.1.10
220 silly packumentCache full:https://registry.npmjs.org/stacktrace-parser cache-miss
221 http fetch GET 200 https://registry.npmjs.org/hermes-compiler 176ms (cache miss)
222 silly packumentCache full:https://registry.npmjs.org/hermes-compiler set size:undefined disposed:false
223 silly fetch manifest flow-enums-runtime@^0.0.6
224 silly packumentCache full:https://registry.npmjs.org/flow-enums-runtime cache-miss
225 http fetch GET 200 https://registry.npmjs.org/abort-controller 162ms (cache miss)
226 silly packumentCache full:https://registry.npmjs.org/abort-controller set size:undefined disposed:false
227 silly fetch manifest react-devtools-core@^6.1.5
228 silly packumentCache full:https://registry.npmjs.org/react-devtools-core cache-miss
229 http fetch GET 200 https://registry.npmjs.org/metro-source-map 159ms (cache miss)
230 silly packumentCache full:https://registry.npmjs.org/metro-source-map set size:undefined disposed:false
231 silly fetch manifest regenerator-runtime@^0.13.2
232 silly packumentCache full:https://registry.npmjs.org/regenerator-runtime cache-miss
233 http fetch GET 200 https://registry.npmjs.org/flow-enums-runtime 208ms (cache miss)
234 silly packumentCache full:https://registry.npmjs.org/flow-enums-runtime set size:undefined disposed:false
235 silly fetch manifest @react-native/codegen@0.86.3
236 silly packumentCache full:https://registry.npmjs.org/@react-native%2fcodegen cache-miss
237 http fetch GET 200 https://registry.npmjs.org/ansi-regex 709ms (cache miss)
238 silly packumentCache full:https://registry.npmjs.org/ansi-regex set size:undefined disposed:false
239 silly fetch manifest @react-native/js-polyfills@0.86.3
240 silly packumentCache full:https://registry.npmjs.org/@react-native%2fjs-polyfills cache-miss
241 http fetch GET 200 https://registry.npmjs.org/stacktrace-parser 262ms (cache miss)
242 silly packumentCache full:https://registry.npmjs.org/stacktrace-parser set size:undefined disposed:false
243 silly fetch manifest @react-native/gradle-plugin@0.86.3
244 silly packumentCache full:https://registry.npmjs.org/@react-native%2fgradle-plugin cache-miss
245 http fetch GET 200 https://registry.npmjs.org/metro-runtime 525ms (cache miss)
246 silly packumentCache full:https://registry.npmjs.org/metro-runtime set size:undefined disposed:false
247 silly fetch manifest @react-native/assets-registry@0.86.3
248 silly packumentCache full:https://registry.npmjs.org/@react-native%2fassets-registry cache-miss
249 http fetch GET 200 https://registry.npmjs.org/regenerator-runtime 124ms (cache miss)
250 silly packumentCache full:https://registry.npmjs.org/regenerator-runtime set size:undefined disposed:false
251 silly fetch manifest @react-native/normalize-colors@0.86.3
252 silly packumentCache full:https://registry.npmjs.org/@react-native%2fnormalize-colors cache-miss
253 http fetch GET 200 https://registry.npmjs.org/scheduler 825ms (cache miss)
254 silly packumentCache full:https://registry.npmjs.org/scheduler set size:undefined disposed:false
255 silly fetch manifest @react-native/virtualized-lists@0.86.3
256 silly packumentCache full:https://registry.npmjs.org/@react-native%2fvirtualized-lists cache-miss
257 http fetch GET 200 https://registry.npmjs.org/react-devtools-core 506ms (cache miss)
258 silly packumentCache full:https://registry.npmjs.org/react-devtools-core set size:undefined disposed:false
259 silly fetch manifest babel-plugin-syntax-hermes-parser@0.36.0
260 silly packumentCache full:https://registry.npmjs.org/babel-plugin-syntax-hermes-parser cache-miss
261 http fetch GET 200 https://registry.npmjs.org/babel-plugin-syntax-hermes-parser 177ms (cache miss)
262 silly packumentCache full:https://registry.npmjs.org/babel-plugin-syntax-hermes-parser set size:undefined disposed:false
263 silly fetch manifest @react-native/community-cli-plugin@0.86.3
264 silly packumentCache full:https://registry.npmjs.org/@react-native%2fcommunity-cli-plugin cache-miss
265 http fetch GET 200 https://registry.npmjs.org/@react-native%2fcodegen 617ms (cache miss)
266 silly packumentCache full:https://registry.npmjs.org/@react-native%2fcodegen set size:undefined disposed:false
267 http fetch GET 200 https://registry.npmjs.org/@react-native%2fvirtualized-lists 719ms (cache miss)
268 silly packumentCache full:https://registry.npmjs.org/@react-native%2fvirtualized-lists set size:undefined disposed:false
269 http fetch GET 200 https://registry.npmjs.org/@react-native%2fgradle-plugin 964ms (cache miss)
270 silly packumentCache full:https://registry.npmjs.org/@react-native%2fgradle-plugin set size:undefined disposed:false
271 http fetch GET 200 https://registry.npmjs.org/@react-native%2fnormalize-colors 1155ms (cache miss)
272 silly packumentCache full:https://registry.npmjs.org/@react-native%2fnormalize-colors set size:undefined disposed:false
273 http fetch GET 200 https://registry.npmjs.org/@react-native%2fjs-polyfills 1351ms (cache miss)
274 silly packumentCache full:https://registry.npmjs.org/@react-native%2fjs-polyfills set size:undefined disposed:false
275 http fetch GET 200 https://registry.npmjs.org/@react-native%2fcommunity-cli-plugin 1090ms (cache miss)
276 silly packumentCache full:https://registry.npmjs.org/@react-native%2fcommunity-cli-plugin set size:undefined disposed:false
277 http fetch GET 200 https://registry.npmjs.org/@react-native%2fassets-registry 1713ms (cache miss)
278 silly packumentCache full:https://registry.npmjs.org/@react-native%2fassets-registry set size:undefined disposed:false
279 silly fetch manifest expo@*
280 silly packumentCache full:https://registry.npmjs.org/expo cache-miss
281 http cache https://registry.npmjs.org/expo 18ms (cache hit)
282 silly packumentCache full:https://registry.npmjs.org/expo set size:4076996 disposed:false
283 silly fetch manifest react@*
284 silly packumentCache full:https://registry.npmjs.org/react cache-miss
285 http cache https://registry.npmjs.org/react 39ms (cache hit)
286 silly packumentCache full:https://registry.npmjs.org/react set size:6956072 disposed:false
287 silly fetch manifest react-native@*
288 silly packumentCache full:https://registry.npmjs.org/react-native cache-miss
289 http cache https://registry.npmjs.org/react-native 115ms (cache hit)
290 silly packumentCache full:https://registry.npmjs.org/react-native set size:15787688 disposed:false
291 silly fetch manifest expo-router@*
292 silly packumentCache full:https://registry.npmjs.org/expo-router cache-miss
293 http fetch GET 200 https://registry.npmjs.org/expo-router 741ms (cache miss)
294 silly packumentCache full:https://registry.npmjs.org/expo-router set size:undefined disposed:false
295 silly fetch manifest @testing-library/react-native@>= 13.2.0
296 silly packumentCache full:https://registry.npmjs.org/@testing-library%2freact-native cache-miss
297 http fetch GET 200 https://registry.npmjs.org/@testing-library%2freact-native 1090ms (cache miss)
298 silly packumentCache full:https://registry.npmjs.org/@testing-library%2freact-native set size:undefined disposed:false
299 silly fetch manifest jest@>=29.0.0
300 silly packumentCache full:https://registry.npmjs.org/jest cache-miss
301 http fetch GET 200 https://registry.npmjs.org/jest 342ms (cache miss)
302 silly packumentCache full:https://registry.npmjs.org/jest set size:undefined disposed:false
303 silly fetch manifest node-notifier@^8.0.1 || ^9.0.0 || ^10.0.0
304 silly packumentCache full:https://registry.npmjs.org/node-notifier cache-miss
305 http fetch GET 200 https://registry.npmjs.org/node-notifier 88ms (cache miss)
306 silly packumentCache full:https://registry.npmjs.org/node-notifier set size:undefined disposed:false
307 silly fetch manifest test-renderer@^1.0.0
308 silly packumentCache full:https://registry.npmjs.org/test-renderer cache-miss
309 http fetch GET 200 https://registry.npmjs.org/test-renderer 101ms (cache miss)
310 silly packumentCache full:https://registry.npmjs.org/test-renderer set size:undefined disposed:false
311 silly fetch manifest expo-linking@^57.0.9
312 silly packumentCache full:https://registry.npmjs.org/expo-linking cache-miss
313 http fetch GET 200 https://registry.npmjs.org/expo-linking 513ms (cache miss)
314 silly packumentCache full:https://registry.npmjs.org/expo-linking set size:undefined disposed:false
315 silly fetch manifest react-native-gesture-handler@*
316 silly packumentCache full:https://registry.npmjs.org/react-native-gesture-handler cache-miss
317 http fetch GET 200 https://registry.npmjs.org/react-native-gesture-handler 958ms (cache miss)
318 silly packumentCache full:https://registry.npmjs.org/react-native-gesture-handler set size:undefined disposed:false
319 silly fetch manifest react-native-reanimated@*
320 silly packumentCache full:https://registry.npmjs.org/react-native-reanimated cache-miss
321 http fetch GET 200 https://registry.npmjs.org/react-native-reanimated 300ms (cache miss)
322 silly packumentCache full:https://registry.npmjs.org/react-native-reanimated set size:undefined disposed:false
323 silly fetch manifest react-native-worklets@0.12.x
324 silly packumentCache full:https://registry.npmjs.org/react-native-worklets cache-miss
325 http fetch GET 200 https://registry.npmjs.org/react-native-worklets 488ms (cache miss)
326 silly packumentCache full:https://registry.npmjs.org/react-native-worklets set size:undefined disposed:false
327 silly fetch manifest @babel/core@*
328 silly packumentCache full:https://registry.npmjs.org/@babel%2fcore cache-miss
329 http fetch GET 200 https://registry.npmjs.org/@babel%2fcore 219ms (cache miss)
330 silly packumentCache full:https://registry.npmjs.org/@babel%2fcore set size:undefined disposed:false
331 silly fetch manifest @react-native/metro-config@*
332 silly packumentCache full:https://registry.npmjs.org/@react-native%2fmetro-config cache-miss
333 http fetch GET 200 https://registry.npmjs.org/@react-native%2fmetro-config 1093ms (cache miss)
334 silly packumentCache full:https://registry.npmjs.org/@react-native%2fmetro-config set size:undefined disposed:false
335 silly fetch manifest react-native-safe-area-context@>= 5.4.0
336 silly packumentCache full:https://registry.npmjs.org/react-native-safe-area-context cache-miss
337 http fetch GET 200 https://registry.npmjs.org/react-native-safe-area-context 218ms (cache miss)
338 silly packumentCache full:https://registry.npmjs.org/react-native-safe-area-context set size:undefined disposed:false
339 silly fetch manifest react-server-dom-webpack@~19.0.4 || ~19.1.5 || ~19.2.4
340 silly packumentCache full:https://registry.npmjs.org/react-server-dom-webpack cache-miss
341 http fetch GET 200 https://registry.npmjs.org/react-server-dom-webpack 803ms (cache miss)
342 silly packumentCache full:https://registry.npmjs.org/react-server-dom-webpack set size:undefined disposed:false
343 silly fetch manifest webpack@^5.59.0
344 silly packumentCache full:https://registry.npmjs.org/webpack cache-miss
345 http fetch GET 200 https://registry.npmjs.org/webpack 1329ms (cache miss)
346 silly packumentCache full:https://registry.npmjs.org/webpack set size:undefined disposed:false
347 silly fetch manifest expo-widgets@^57.0.16
348 silly packumentCache full:https://registry.npmjs.org/expo-widgets cache-miss
349 http fetch GET 200 https://registry.npmjs.org/expo-widgets 879ms (cache miss)
350 silly packumentCache full:https://registry.npmjs.org/expo-widgets set size:undefined disposed:false
351 silly fetch manifest react-native-worklets@^0.7.4 || ^0.8.0 || ^0.9.0 || ^0.10.0
352 silly packumentCache full:https://registry.npmjs.org/react-native-worklets cache-miss
353 http cache https://registry.npmjs.org/react-native-worklets 45ms (cache hit)
354 silly packumentCache full:https://registry.npmjs.org/react-native-worklets set size:3403976 disposed:false
355 silly fetch manifest react-native@0.83 - 0.86
356 silly packumentCache full:https://registry.npmjs.org/react-native cache-miss
357 http cache https://registry.npmjs.org/react-native 60ms (cache hit)
358 silly packumentCache full:https://registry.npmjs.org/react-native set size:15787688 disposed:false
359 silly placeDep ROOT @babel/runtime@7.29.7 OK for: expo@57.0.20 want: ^7.20.0
360 silly placeDep node_modules/expo @expo/cli@57.0.22 CONFLICT for: expo@57.0.20 want: ^57.0.22
361 silly placeDep ROOT @expo/config@57.0.9 OK for: expo@57.0.20 want: ~57.0.9
362 silly placeDep ROOT @expo/config-plugins@57.0.9 OK for: expo@57.0.20 want: ~57.0.9
363 silly placeDep ROOT @expo/devtools@57.0.1 OK for: expo@57.0.20 want: ~57.0.1
364 silly placeDep node_modules/expo @expo/dom-webview@57.0.1 CONFLICT for: expo@57.0.20 want: ~57.0.1
365 silly placeDep ROOT @expo/fingerprint@0.20.12 OK for: expo@57.0.20 want: ^0.20.12
366 silly placeDep ROOT @expo/local-build-cache-provider@57.0.8 OK for: expo@57.0.20 want: ^57.0.8
367 silly placeDep node_modules/expo @expo/log-box@57.0.4 CONFLICT for: expo@57.0.20 want: ^57.0.4
368 silly placeDep ROOT @expo/metro@56.0.2 OK for: expo@57.0.20 want: ~56.0.2
369 silly placeDep node_modules/expo @expo/metro-config@57.0.12 CONFLICT for: expo@57.0.20 want: ~57.0.12
370 silly placeDep ROOT @ungap/structured-clone@1.4.0 OK for: expo@57.0.20 want: ^1.3.0
371 silly placeDep node_modules/expo babel-preset-expo@57.0.10 CONFLICT for: expo@57.0.20 want: ~57.0.10
372 silly placeDep ROOT react-refresh@0.14.2 OK for: babel-preset-expo@57.0.10 want: >=0.14.0 <1.0.0
373 silly placeDep node_modules/expo expo-asset@57.0.16 CONFLICT for: expo@57.0.20 want: ~57.0.16
374 silly placeDep node_modules/expo expo-constants@57.0.17 CONFLICT for: expo@57.0.20 want: ~57.0.17
375 silly placeDep node_modules/expo expo-file-system@57.0.6 CONFLICT for: expo@57.0.20 want: ~57.0.6
376 silly placeDep node_modules/expo expo-font@57.0.3 CONFLICT for: expo@57.0.20 want: ~57.0.3
377 silly placeDep node_modules/expo expo-keep-awake@57.0.1 CONFLICT for: expo@57.0.20 want: ~57.0.1
378 silly placeDep ROOT expo-modules-autolinking@57.0.12 OK for: expo@57.0.20 want: ~57.0.12
379 silly placeDep ROOT expo-modules-core@57.0.16 OK for: expo@57.0.20 want: ~57.0.16
380 silly placeDep ROOT pretty-format@29.7.0 OK for: expo@57.0.20 want: ^29.7.0
381 silly placeDep ROOT whatwg-url-minimum@0.1.2 OK for: expo@57.0.20 want: ^0.1.2
382 silly fetch manifest ws@^8.12.1
383 silly packumentCache full:https://registry.npmjs.org/ws cache-miss
384 silly fetch manifest arg@^5.0.2
385 silly packumentCache full:https://registry.npmjs.org/arg cache-miss
386 silly fetch manifest ora@^3.4.0
387 silly packumentCache full:https://registry.npmjs.org/ora cache-miss
388 silly fetch manifest zod@^3.25.76
389 silly packumentCache full:https://registry.npmjs.org/zod cache-miss
390 silly fetch manifest glob@^13.0.0
391 silly packumentCache full:https://registry.npmjs.org/glob cache-miss
392 silly fetch manifest send@^0.19.0
393 silly packumentCache full:https://registry.npmjs.org/send cache-miss
394 silly fetch manifest toqr@^0.1.1
395 silly packumentCache full:https://registry.npmjs.org/toqr cache-miss
396 http cache https://registry.npmjs.org/ws 25ms (cache hit)
397 silly packumentCache full:https://registry.npmjs.org/ws set size:447661 disposed:false
398 silly fetch manifest chalk@^4.0.0
399 silly packumentCache full:https://registry.npmjs.org/chalk cache-miss
400 http fetch GET 200 https://registry.npmjs.org/arg 205ms (cache miss)
401 silly packumentCache full:https://registry.npmjs.org/arg set size:undefined disposed:false
402 silly fetch manifest debug@^4.3.4
403 silly packumentCache full:https://registry.npmjs.org/debug cache-miss
404 http fetch GET 200 https://registry.npmjs.org/ora 216ms (cache miss)
405 silly packumentCache full:https://registry.npmjs.org/ora set size:undefined disposed:false
406 silly fetch manifest getenv@^2.0.0
407 silly packumentCache full:https://registry.npmjs.org/getenv cache-miss
408 http fetch GET 200 https://registry.npmjs.org/send 224ms (cache miss)
409 silly packumentCache full:https://registry.npmjs.org/send set size:undefined disposed:false
410 silly fetch manifest semver@^7.6.0
411 silly packumentCache full:https://registry.npmjs.org/semver cache-miss
412 http fetch GET 200 https://registry.npmjs.org/toqr 230ms (cache miss)
413 silly packumentCache full:https://registry.npmjs.org/toqr set size:undefined disposed:false
414 silly fetch manifest accepts@^1.3.8
415 silly packumentCache full:https://registry.npmjs.org/accepts cache-miss
416 http cache https://registry.npmjs.org/semver 18ms (cache hit)
417 silly packumentCache full:https://registry.npmjs.org/semver set size:246069 disposed:false
418 silly fetch manifest ci-info@^3.3.0
419 silly packumentCache full:https://registry.npmjs.org/ci-info cache-miss
420 http fetch GET 200 https://registry.npmjs.org/glob 285ms (cache miss)
421 silly packumentCache full:https://registry.npmjs.org/glob set size:undefined disposed:false
422 silly fetch manifest connect@^3.7.0
423 silly packumentCache full:https://registry.npmjs.org/connect cache-miss
424 http fetch GET 200 https://registry.npmjs.org/zod 356ms (cache miss)
425 silly packumentCache full:https://registry.npmjs.org/zod set size:undefined disposed:false
426 silly fetch manifest prompts@^2.3.2
427 silly packumentCache full:https://registry.npmjs.org/prompts cache-miss
428 http fetch GET 200 https://registry.npmjs.org/getenv 259ms (cache miss)
429 silly packumentCache full:https://registry.npmjs.org/getenv set size:undefined disposed:false
430 silly fetch manifest slugify@^1.3.4
431 silly packumentCache full:https://registry.npmjs.org/slugify cache-miss
432 http fetch GET 200 https://registry.npmjs.org/accepts 254ms (cache miss)
433 silly packumentCache full:https://registry.npmjs.org/accepts set size:undefined disposed:false
434 silly fetch manifest progress@^2.0.3
435 silly packumentCache full:https://registry.npmjs.org/progress cache-miss
436 http fetch GET 200 https://registry.npmjs.org/ci-info 239ms (cache miss)
437 silly packumentCache full:https://registry.npmjs.org/ci-info set size:undefined disposed:false
438 silly fetch manifest @expo/env@~2.4.3
439 silly packumentCache full:https://registry.npmjs.org/@expo%2fenv cache-miss
440 http fetch GET 200 https://registry.npmjs.org/debug 287ms (cache miss)
441 silly packumentCache full:https://registry.npmjs.org/debug set size:undefined disposed:false
442 silly fetch manifest multitars@^1.0.2
443 silly packumentCache full:https://registry.npmjs.org/multitars cache-miss
444 http fetch GET 200 https://registry.npmjs.org/chalk 466ms (cache miss)
445 silly packumentCache full:https://registry.npmjs.org/chalk set size:undefined disposed:false
446 silly fetch manifest picomatch@^4.0.4
447 silly packumentCache full:https://registry.npmjs.org/picomatch cache-miss
448 http fetch GET 200 https://registry.npmjs.org/connect 219ms (cache miss)
449 silly packumentCache full:https://registry.npmjs.org/connect set size:undefined disposed:false
450 silly fetch manifest wrap-ansi@^7.0.0
451 silly packumentCache full:https://registry.npmjs.org/wrap-ansi cache-miss
452 http fetch GET 200 https://registry.npmjs.org/prompts 146ms (cache miss)
453 silly packumentCache full:https://registry.npmjs.org/prompts set size:undefined disposed:false
454 silly fetch manifest node-forge@^1.3.3
455 silly packumentCache full:https://registry.npmjs.org/node-forge cache-miss
456 http fetch GET 200 https://registry.npmjs.org/slugify 115ms (cache miss)
457 silly packumentCache full:https://registry.npmjs.org/slugify set size:undefined disposed:false
458 silly fetch manifest @expo/plist@^0.8.1
459 silly packumentCache full:https://registry.npmjs.org/@expo%2fplist cache-miss
460 http fetch GET 200 https://registry.npmjs.org/picomatch 120ms (cache miss)
461 silly packumentCache full:https://registry.npmjs.org/picomatch set size:undefined disposed:false
462 silly fetch manifest compression@^1.7.4
463 silly packumentCache full:https://registry.npmjs.org/compression cache-miss
464 http fetch GET 200 https://registry.npmjs.org/wrap-ansi 155ms (cache miss)
465 silly packumentCache full:https://registry.npmjs.org/wrap-ansi set size:undefined disposed:false
466 silly fetch manifest expo-server@^57.0.3
467 silly packumentCache full:https://registry.npmjs.org/expo-server cache-miss
468 http fetch GET 200 https://registry.npmjs.org/node-forge 106ms (cache miss)
469 silly packumentCache full:https://registry.npmjs.org/node-forge set size:undefined disposed:false
470 silly fetch manifest lan-network@^0.2.1
471 silly packumentCache full:https://registry.npmjs.org/lan-network cache-miss
472 http fetch GET 200 https://registry.npmjs.org/compression 155ms (cache miss)
473 silly packumentCache full:https://registry.npmjs.org/compression set size:undefined disposed:false
474 silly fetch manifest resolve-from@^5.0.0
475 silly packumentCache full:https://registry.npmjs.org/resolve-from cache-miss
476 http fetch GET 200 https://registry.npmjs.org/progress 322ms (cache miss)
477 silly packumentCache full:https://registry.npmjs.org/progress set size:undefined disposed:false
478 silly fetch manifest @expo/devcert@^1.2.1
479 silly packumentCache full:https://registry.npmjs.org/@expo%2fdevcert cache-miss
480 http fetch GET 200 https://registry.npmjs.org/expo-server 134ms (cache miss)
481 silly packumentCache full:https://registry.npmjs.org/expo-server set size:undefined disposed:false
482 silly fetch manifest bplist-parser@^0.3.1
483 silly packumentCache full:https://registry.npmjs.org/bplist-parser cache-miss
484 http fetch GET 200 https://registry.npmjs.org/resolve-from 94ms (cache miss)
485 silly packumentCache full:https://registry.npmjs.org/resolve-from set size:undefined disposed:false
486 silly fetch manifest terminal-link@^2.1.1
487 silly packumentCache full:https://registry.npmjs.org/terminal-link cache-miss
488 http fetch GET 200 https://registry.npmjs.org/multitars 391ms (cache miss)
489 silly packumentCache full:https://registry.npmjs.org/multitars set size:undefined disposed:false
490 silly fetch manifest @expo/xcpretty@^4.4.4
491 silly packumentCache full:https://registry.npmjs.org/@expo%2fxcpretty cache-miss
492 http fetch GET 200 https://registry.npmjs.org/bplist-parser 137ms (cache miss)
493 silly packumentCache full:https://registry.npmjs.org/bplist-parser set size:undefined disposed:false
494 silly fetch manifest bplist-creator@0.1.0
495 silly packumentCache full:https://registry.npmjs.org/bplist-creator cache-miss
496 http fetch GET 200 https://registry.npmjs.org/@expo%2fenv 585ms (cache miss)
497 silly packumentCache full:https://registry.npmjs.org/@expo%2fenv set size:undefined disposed:false
498 silly fetch manifest fetch-nodeshim@^0.4.10
499 silly packumentCache full:https://registry.npmjs.org/fetch-nodeshim cache-miss
500 http fetch GET 200 https://registry.npmjs.org/bplist-creator 124ms (cache miss)
501 silly packumentCache full:https://registry.npmjs.org/bplist-creator set size:undefined disposed:false
502 silly fetch manifest @expo/json-file@^11.0.1
503 silly packumentCache full:https://registry.npmjs.org/@expo%2fjson-file cache-miss
504 http fetch GET 200 https://registry.npmjs.org/@expo%2fdevcert 304ms (cache miss)
505 silly packumentCache full:https://registry.npmjs.org/@expo%2fdevcert set size:undefined disposed:false
506 silly fetch manifest @expo/osascript@^2.7.1
507 silly packumentCache full:https://registry.npmjs.org/@expo%2fosascript cache-miss
508 http fetch GET 200 https://registry.npmjs.org/@expo%2fxcpretty 315ms (cache miss)
509 silly packumentCache full:https://registry.npmjs.org/@expo%2fxcpretty set size:undefined disposed:false
510 silly fetch manifest @expo/ws-tunnel@^2.0.0
511 silly packumentCache full:https://registry.npmjs.org/@expo%2fws-tunnel cache-miss
512 http fetch GET 200 https://registry.npmjs.org/fetch-nodeshim 124ms (cache miss)
513 silly packumentCache full:https://registry.npmjs.org/fetch-nodeshim set size:undefined disposed:false
514 silly fetch manifest dnssd-advertise@^1.1.4
515 silly packumentCache full:https://registry.npmjs.org/dnssd-advertise cache-miss
516 http fetch GET 200 https://registry.npmjs.org/@expo%2fplist 640ms (cache miss)
517 silly packumentCache full:https://registry.npmjs.org/@expo%2fplist set size:undefined disposed:false
518 silly fetch manifest npm-package-arg@^11.0.0
519 silly packumentCache full:https://registry.npmjs.org/npm-package-arg cache-miss
520 http fetch GET 200 https://registry.npmjs.org/terminal-link 390ms (cache miss)
521 silly packumentCache full:https://registry.npmjs.org/terminal-link set size:undefined disposed:false
522 silly fetch manifest @expo/image-utils@^0.11.5
523 silly packumentCache full:https://registry.npmjs.org/@expo%2fimage-utils cache-miss
524 http fetch GET 200 https://registry.npmjs.org/lan-network 569ms (cache miss)
525 silly packumentCache full:https://registry.npmjs.org/lan-network set size:undefined disposed:false
526 silly fetch manifest @expo/spawn-async@^1.8.0
527 silly packumentCache full:https://registry.npmjs.org/@expo%2fspawn-async cache-miss
528 http fetch GET 200 https://registry.npmjs.org/npm-package-arg 111ms (cache miss)
529 silly packumentCache full:https://registry.npmjs.org/npm-package-arg set size:undefined disposed:false
530 silly fetch manifest @expo/schema-utils@^57.0.2
531 silly packumentCache full:https://registry.npmjs.org/@expo%2fschema-utils cache-miss
532 http fetch GET 200 https://registry.npmjs.org/dnssd-advertise 140ms (cache miss)
533 silly packumentCache full:https://registry.npmjs.org/dnssd-advertise set size:undefined disposed:false
534 silly fetch manifest agent-cli-detector@0.1.7
535 silly packumentCache full:https://registry.npmjs.org/agent-cli-detector cache-miss
536 http fetch GET 200 https://registry.npmjs.org/@expo%2fjson-file 588ms (cache miss)
537 silly packumentCache full:https://registry.npmjs.org/@expo%2fjson-file set size:undefined disposed:false
538 silly fetch manifest structured-headers@^0.4.1
539 silly packumentCache full:https://registry.npmjs.org/structured-headers cache-miss
540 http fetch GET 200 https://registry.npmjs.org/agent-cli-detector 396ms (cache miss)
541 silly packumentCache full:https://registry.npmjs.org/agent-cli-detector set size:undefined disposed:false
542 silly fetch manifest @expo/require-utils@^57.0.5
543 silly packumentCache full:https://registry.npmjs.org/@expo%2frequire-utils cache-miss
544 http fetch GET 200 https://registry.npmjs.org/structured-headers 85ms (cache miss)
545 silly packumentCache full:https://registry.npmjs.org/structured-headers set size:undefined disposed:false
546 silly fetch manifest @expo/router-server@^57.0.9
547 silly packumentCache full:https://registry.npmjs.org/@expo%2frouter-server cache-miss
548 http fetch GET 200 https://registry.npmjs.org/@expo%2fws-tunnel 577ms (cache miss)
549 silly packumentCache full:https://registry.npmjs.org/@expo%2fws-tunnel set size:undefined disposed:false
550 silly fetch manifest @expo/inline-modules@^0.1.7
551 silly packumentCache full:https://registry.npmjs.org/@expo%2finline-modules cache-miss
552 http fetch GET 200 https://registry.npmjs.org/@expo%2fosascript 672ms (cache miss)
553 silly packumentCache full:https://registry.npmjs.org/@expo%2fosascript set size:undefined disposed:false
554 silly fetch manifest @expo/metro-file-map@^57.0.2
555 silly packumentCache full:https://registry.npmjs.org/@expo%2fmetro-file-map cache-miss
556 http fetch GET 200 https://registry.npmjs.org/@expo%2frouter-server 344ms (cache miss)
557 silly packumentCache full:https://registry.npmjs.org/@expo%2frouter-server set size:undefined disposed:false
558 silly fetch manifest sandbox-cli-detector@^0.2.0
559 silly packumentCache full:https://registry.npmjs.org/sandbox-cli-detector cache-miss
560 http fetch GET 200 https://registry.npmjs.org/@expo%2fspawn-async 910ms (cache miss)
561 silly packumentCache full:https://registry.npmjs.org/@expo%2fspawn-async set size:undefined disposed:false
562 silly fetch manifest @expo/package-manager@^1.13.1
563 silly packumentCache full:https://registry.npmjs.org/@expo%2fpackage-manager cache-miss
564 http fetch GET 200 https://registry.npmjs.org/@expo%2fmetro-file-map 392ms (cache miss)
565 silly packumentCache full:https://registry.npmjs.org/@expo%2fmetro-file-map set size:undefined disposed:false
566 silly fetch manifest @expo/prebuild-config@^57.0.15
567 silly packumentCache full:https://registry.npmjs.org/@expo%2fprebuild-config cache-miss
568 http fetch GET 200 https://registry.npmjs.org/@expo%2fimage-utils 943ms (cache miss)
569 silly packumentCache full:https://registry.npmjs.org/@expo%2fimage-utils set size:undefined disposed:false
570 silly fetch manifest @react-native/dev-middleware@0.86.3
571 silly packumentCache full:https://registry.npmjs.org/@react-native%2fdev-middleware cache-miss
572 http fetch GET 200 https://registry.npmjs.org/@expo%2fschema-utils 864ms (cache miss)
573 silly packumentCache full:https://registry.npmjs.org/@expo%2fschema-utils set size:undefined disposed:false
574 silly fetch manifest @expo/code-signing-certificates@^0.0.6
575 silly packumentCache full:https://registry.npmjs.org/@expo%2fcode-signing-certificates cache-miss
576 http fetch GET 200 https://registry.npmjs.org/sandbox-cli-detector 132ms (cache miss)
577 silly packumentCache full:https://registry.npmjs.org/sandbox-cli-detector set size:undefined disposed:false
578 silly fetch manifest deepmerge@^4.3.1
579 silly packumentCache full:https://registry.npmjs.org/deepmerge cache-miss
580 http fetch GET 200 https://registry.npmjs.org/@expo%2finline-modules 514ms (cache miss)
581 silly packumentCache full:https://registry.npmjs.org/@expo%2finline-modules set size:undefined disposed:false
582 silly fetch manifest @expo/config-types@^57.0.2
583 silly packumentCache full:https://registry.npmjs.org/@expo%2fconfig-types cache-miss
584 http fetch GET 200 https://registry.npmjs.org/@expo%2frequire-utils 532ms (cache miss)
585 silly packumentCache full:https://registry.npmjs.org/@expo%2frequire-utils set size:undefined disposed:false
586 silly fetch manifest resolve-workspace-root@^2.0.0
587 silly packumentCache full:https://registry.npmjs.org/resolve-workspace-root cache-miss
588 http fetch GET 200 https://registry.npmjs.org/deepmerge 108ms (cache miss)
589 silly packumentCache full:https://registry.npmjs.org/deepmerge set size:undefined disposed:false
590 silly fetch manifest chalk@^4.1.2
591 silly packumentCache full:https://registry.npmjs.org/chalk cache-miss
592 http cache https://registry.npmjs.org/chalk 16ms (cache hit)
593 silly packumentCache full:https://registry.npmjs.org/chalk set size:134775 disposed:false
594 silly fetch manifest debug@^4.3.5
595 silly packumentCache full:https://registry.npmjs.org/debug cache-miss
596 http cache https://registry.npmjs.org/debug 16ms (cache hit)
597 silly packumentCache full:https://registry.npmjs.org/debug set size:195840 disposed:false
598 silly fetch manifest xcode@^3.0.1
599 silly packumentCache full:https://registry.npmjs.org/xcode cache-miss
600 http fetch GET 200 https://registry.npmjs.org/@expo%2fconfig-types 412ms (cache miss)
601 silly packumentCache full:https://registry.npmjs.org/@expo%2fconfig-types set size:undefined disposed:false
602 silly fetch manifest semver@^7.5.4
603 silly packumentCache full:https://registry.npmjs.org/semver cache-hit
604 silly fetch manifest xml2js@0.6.0
605 silly packumentCache full:https://registry.npmjs.org/xml2js cache-miss
606 http fetch GET 200 https://registry.npmjs.org/resolve-workspace-root 484ms (cache miss)
607 silly packumentCache full:https://registry.npmjs.org/resolve-workspace-root set size:undefined disposed:false
608 silly fetch manifest slugify@^1.6.6
609 silly packumentCache full:https://registry.npmjs.org/slugify cache-miss
610 http fetch GET 200 https://registry.npmjs.org/@expo%2fcode-signing-certificates 566ms (cache miss)
611 silly packumentCache full:https://registry.npmjs.org/@expo%2fcode-signing-certificates set size:undefined disposed:false
612 silly fetch manifest @expo/json-file@~11.0.1
613 silly packumentCache full:https://registry.npmjs.org/@expo%2fjson-file cache-miss
614 http cache https://registry.npmjs.org/slugify 89ms (cache hit)
615 silly packumentCache full:https://registry.npmjs.org/slugify set size:103522 disposed:false
616 silly fetch manifest @expo/sdk-runtime-versions@^1.0.0
617 silly packumentCache full:https://registry.npmjs.org/@expo%2fsdk-runtime-versions cache-miss
618 http cache https://registry.npmjs.org/@expo%2fjson-file 91ms (cache hit)
619 silly packumentCache full:https://registry.npmjs.org/@expo%2fjson-file set size:798881 disposed:false
620 silly fetch manifest ignore@^5.3.1
621 silly packumentCache full:https://registry.npmjs.org/ignore cache-miss
622 http fetch GET 200 https://registry.npmjs.org/xml2js 201ms (cache miss)
623 silly packumentCache full:https://registry.npmjs.org/xml2js set size:undefined disposed:false
624 silly fetch manifest @expo/env@^2.4.3
625 silly packumentCache full:https://registry.npmjs.org/@expo%2fenv cache-miss
626 http cache https://registry.npmjs.org/@expo%2fenv 8ms (cache hit)
627 silly packumentCache full:https://registry.npmjs.org/@expo%2fenv set size:614833 disposed:false
628 silly fetch manifest minimatch@^10.2.2
629 silly packumentCache full:https://registry.npmjs.org/minimatch cache-miss
630 http fetch GET 200 https://registry.npmjs.org/@expo%2fprebuild-config 786ms (cache miss)
631 silly packumentCache full:https://registry.npmjs.org/@expo%2fprebuild-config set size:undefined disposed:false
632 silly fetch manifest metro@0.84.5
633 silly packumentCache full:https://registry.npmjs.org/metro cache-miss
634 http fetch GET 200 https://registry.npmjs.org/ignore 179ms (cache miss)
635 silly packumentCache full:https://registry.npmjs.org/ignore set size:undefined disposed:false
636 silly fetch manifest metro-core@0.84.5
637 silly packumentCache full:https://registry.npmjs.org/metro-core cache-miss
638 http fetch GET 200 https://registry.npmjs.org/minimatch 171ms (cache miss)
639 silly packumentCache full:https://registry.npmjs.org/minimatch set size:undefined disposed:false
640 silly fetch manifest metro-cache@0.84.5
641 silly packumentCache full:https://registry.npmjs.org/metro-cache cache-miss
642 http fetch GET 200 https://registry.npmjs.org/@expo%2fsdk-runtime-versions 316ms (cache miss)
643 silly packumentCache full:https://registry.npmjs.org/@expo%2fsdk-runtime-versions set size:undefined disposed:false
644 silly fetch manifest metro-config@0.84.5
645 silly packumentCache full:https://registry.npmjs.org/metro-config cache-miss
646 http fetch GET 200 https://registry.npmjs.org/xcode 785ms (cache miss)
647 silly packumentCache full:https://registry.npmjs.org/xcode set size:undefined disposed:false
648 silly fetch manifest metro-runtime@0.84.5
649 silly packumentCache full:https://registry.npmjs.org/metro-runtime cache-miss
650 http fetch GET 200 https://registry.npmjs.org/@react-native%2fdev-middleware 1067ms (cache miss)
651 silly packumentCache full:https://registry.npmjs.org/@react-native%2fdev-middleware set size:undefined disposed:false
652 silly fetch manifest metro-file-map@0.84.5
653 silly packumentCache full:https://registry.npmjs.org/metro-file-map cache-miss
654 http cache https://registry.npmjs.org/metro-runtime 42ms (cache hit)
655 silly packumentCache full:https://registry.npmjs.org/metro-runtime set size:232205 disposed:false
656 silly fetch manifest metro-resolver@0.84.5
657 silly packumentCache full:https://registry.npmjs.org/metro-resolver cache-miss
658 http fetch GET 200 https://registry.npmjs.org/@expo%2fpackage-manager 1144ms (cache miss)
659 silly packumentCache full:https://registry.npmjs.org/@expo%2fpackage-manager set size:undefined disposed:false
660 silly fetch manifest metro-cache-key@0.84.5
661 silly packumentCache full:https://registry.npmjs.org/metro-cache-key cache-miss
662 http fetch GET 200 https://registry.npmjs.org/metro-cache 211ms (cache miss)
663 silly packumentCache full:https://registry.npmjs.org/metro-cache set size:undefined disposed:false
664 silly fetch manifest metro-source-map@0.84.5
665 silly packumentCache full:https://registry.npmjs.org/metro-source-map cache-miss
666 http cache https://registry.npmjs.org/metro-source-map 8ms (cache hit)
667 silly packumentCache full:https://registry.npmjs.org/metro-source-map set size:439263 disposed:false
668 silly fetch manifest metro-symbolicate@0.84.5
669 silly packumentCache full:https://registry.npmjs.org/metro-symbolicate cache-miss
670 http fetch GET 200 https://registry.npmjs.org/metro-symbolicate 132ms (cache miss)
671 silly packumentCache full:https://registry.npmjs.org/metro-symbolicate set size:undefined disposed:false
672 silly fetch manifest metro-minify-terser@0.84.5
673 silly packumentCache full:https://registry.npmjs.org/metro-minify-terser cache-miss
674 http fetch GET 200 https://registry.npmjs.org/metro-cache-key 229ms (cache miss)
675 silly packumentCache full:https://registry.npmjs.org/metro-cache-key set size:undefined disposed:false
676 silly fetch manifest metro-transform-worker@0.84.5
677 silly packumentCache full:https://registry.npmjs.org/metro-transform-worker cache-miss
678 http fetch GET 200 https://registry.npmjs.org/metro-core 497ms (cache miss)
679 silly packumentCache full:https://registry.npmjs.org/metro-core set size:undefined disposed:false
680 silly fetch manifest metro-babel-transformer@0.84.5
681 silly packumentCache full:https://registry.npmjs.org/metro-babel-transformer cache-miss
682 http fetch GET 200 https://registry.npmjs.org/metro-config 471ms (cache miss)
683 silly packumentCache full:https://registry.npmjs.org/metro-config set size:undefined disposed:false
684 silly fetch manifest metro-transform-plugins@0.84.5
685 silly packumentCache full:https://registry.npmjs.org/metro-transform-plugins cache-miss
686 http fetch GET 200 https://registry.npmjs.org/metro 708ms (cache miss)
687 silly packumentCache full:https://registry.npmjs.org/metro set size:undefined disposed:false
688 silly fetch manifest chalk@^4.1.0
689 silly packumentCache full:https://registry.npmjs.org/chalk cache-hit
690 silly fetch manifest debug@^4.3.2
691 silly packumentCache full:https://registry.npmjs.org/debug cache-hit
692 silly fetch manifest postcss@^8.5.14
693 silly packumentCache full:https://registry.npmjs.org/postcss cache-miss
694 http fetch GET 200 https://registry.npmjs.org/metro-file-map 485ms (cache miss)
695 silly packumentCache full:https://registry.npmjs.org/metro-file-map set size:undefined disposed:false
696 silly fetch manifest @babel/core@^7.20.0
697 silly packumentCache full:https://registry.npmjs.org/@babel%2fcore cache-miss
698 http fetch GET 200 https://registry.npmjs.org/metro-resolver 486ms (cache miss)
699 silly packumentCache full:https://registry.npmjs.org/metro-resolver set size:undefined disposed:false
700 silly fetch manifest browserslist@^4.25.0
701 silly packumentCache full:https://registry.npmjs.org/browserslist cache-miss
702 http fetch GET 200 https://registry.npmjs.org/metro-babel-transformer 212ms (cache miss)
703 silly packumentCache full:https://registry.npmjs.org/metro-babel-transformer set size:undefined disposed:false
704 silly fetch manifest jsc-safe-url@^0.2.4
705 silly packumentCache full:https://registry.npmjs.org/jsc-safe-url cache-miss
706 http cache https://registry.npmjs.org/@babel%2fcore 45ms (cache hit)
707 silly packumentCache full:https://registry.npmjs.org/@babel%2fcore set size:788273 disposed:false
708 silly fetch manifest lightningcss@^1.30.1
709 silly packumentCache full:https://registry.npmjs.org/lightningcss cache-miss
710 http fetch GET 200 https://registry.npmjs.org/jsc-safe-url 137ms (cache miss)
711 silly packumentCache full:https://registry.npmjs.org/jsc-safe-url set size:undefined disposed:false
712 silly fetch manifest hermes-parser@^0.36.0
713 silly packumentCache full:https://registry.npmjs.org/hermes-parser cache-miss
714 http fetch GET 200 https://registry.npmjs.org/lightningcss 159ms (cache miss)
715 silly packumentCache full:https://registry.npmjs.org/lightningcss set size:undefined disposed:false
716 silly fetch manifest @babel/generator@^7.20.5
717 silly packumentCache full:https://registry.npmjs.org/@babel%2fgenerator cache-miss
718 http fetch GET 200 https://registry.npmjs.org/browserslist 232ms (cache miss)
719 silly packumentCache full:https://registry.npmjs.org/browserslist set size:undefined disposed:false
720 silly fetch manifest @babel/code-frame@^7.20.0
721 silly packumentCache full:https://registry.npmjs.org/@babel%2fcode-frame cache-miss
722 http fetch GET 200 https://registry.npmjs.org/postcss 336ms (cache miss)
723 silly packumentCache full:https://registry.npmjs.org/postcss set size:undefined disposed:false
724 silly fetch manifest @jridgewell/remapping@^2.3.5
725 silly packumentCache full:https://registry.npmjs.org/@jridgewell%2fremapping cache-miss
726 http fetch GET 200 https://registry.npmjs.org/metro-transform-worker 522ms (cache miss)
727 silly packumentCache full:https://registry.npmjs.org/metro-transform-worker set size:undefined disposed:false
728 silly fetch manifest @jridgewell/gen-mapping@^0.3.13
729 silly packumentCache full:https://registry.npmjs.org/@jridgewell%2fgen-mapping cache-miss
730 http fetch GET 200 https://registry.npmjs.org/metro-transform-plugins 420ms (cache miss)
731 silly packumentCache full:https://registry.npmjs.org/metro-transform-plugins set size:undefined disposed:false
732 silly fetch manifest @jridgewell/sourcemap-codec@^1.5.5
733 silly packumentCache full:https://registry.npmjs.org/@jridgewell%2fsourcemap-codec cache-miss
734 http fetch GET 200 https://registry.npmjs.org/@jridgewell%2fremapping 118ms (cache miss)
735 silly packumentCache full:https://registry.npmjs.org/@jridgewell%2fremapping set size:undefined disposed:false
736 silly fetch manifest @babel/generator@^7.20.5
737 silly packumentCache full:https://registry.npmjs.org/@babel%2fgenerator cache-miss
738 http fetch GET 200 https://registry.npmjs.org/hermes-parser 234ms (cache miss)
739 silly packumentCache full:https://registry.npmjs.org/hermes-parser set size:undefined disposed:false
740 silly fetch manifest @babel/preset-typescript@^7.23.0
741 silly packumentCache full:https://registry.npmjs.org/@babel%2fpreset-typescript cache-miss
742 http fetch GET 200 https://registry.npmjs.org/@babel%2fgenerator 178ms (cache miss)
743 silly packumentCache full:https://registry.npmjs.org/@babel%2fgenerator set size:undefined disposed:false
744 silly fetch manifest babel-plugin-react-compiler@^1.0.0
745 silly packumentCache full:https://registry.npmjs.org/babel-plugin-react-compiler cache-miss
746 http fetch GET 200 https://registry.npmjs.org/@jridgewell%2fsourcemap-codec 160ms (cache miss)
747 silly packumentCache full:https://registry.npmjs.org/@jridgewell%2fsourcemap-codec set size:undefined disposed:false
748 silly fetch manifest @babel/helper-module-imports@^7.25.9
749 silly packumentCache full:https://registry.npmjs.org/@babel%2fhelper-module-imports cache-miss
750 http fetch GET 200 https://registry.npmjs.org/@babel%2fcode-frame 213ms (cache miss)
751 silly packumentCache full:https://registry.npmjs.org/@babel%2fcode-frame set size:undefined disposed:false
752 silly fetch manifest babel-plugin-react-native-web@~0.21.0
753 silly packumentCache full:https://registry.npmjs.org/babel-plugin-react-native-web cache-miss
754 http fetch GET 200 https://registry.npmjs.org/@jridgewell%2fgen-mapping 179ms (cache miss)
755 silly packumentCache full:https://registry.npmjs.org/@jridgewell%2fgen-mapping set size:undefined disposed:false
756 silly fetch manifest @babel/plugin-transform-for-of@^7.24.7
757 silly packumentCache full:https://registry.npmjs.org/@babel%2fplugin-transform-for-of cache-miss
758 http fetch GET 200 https://registry.npmjs.org/@babel%2fpreset-typescript 163ms (cache miss)
759 silly packumentCache full:https://registry.npmjs.org/@babel%2fpreset-typescript set size:undefined disposed:false
760 silly fetch manifest @babel/plugin-transform-classes@^7.25.4
761 silly packumentCache full:https://registry.npmjs.org/@babel%2fplugin-transform-classes cache-miss
762 http fetch GET 200 https://registry.npmjs.org/@babel%2fplugin-transform-for-of 192ms (cache miss)
763 silly packumentCache full:https://registry.npmjs.org/@babel%2fplugin-transform-for-of set size:undefined disposed:false
764 silly fetch manifest @babel/plugin-transform-runtime@^7.24.7
765 silly packumentCache full:https://registry.npmjs.org/@babel%2fplugin-transform-runtime cache-miss
766 http fetch GET 200 https://registry.npmjs.org/@babel%2fhelper-module-imports 223ms (cache miss)
767 silly packumentCache full:https://registry.npmjs.org/@babel%2fhelper-module-imports set size:undefined disposed:false
768 silly fetch manifest @babel/plugin-proposal-decorators@^7.12.9
769 silly packumentCache full:https://registry.npmjs.org/@babel%2fplugin-proposal-decorators cache-miss
770 http fetch GET 200 https://registry.npmjs.org/@babel%2fgenerator 365ms (cache miss)
771 silly packumentCache full:https://registry.npmjs.org/@babel%2fgenerator set size:undefined disposed:false
772 silly fetch manifest @babel/plugin-transform-react-jsx@^7.28.6
773 silly packumentCache full:https://registry.npmjs.org/@babel%2fplugin-transform-react-jsx cache-miss
774 http fetch GET 200 https://registry.npmjs.org/babel-plugin-react-native-web 319ms (cache miss)
775 silly packumentCache full:https://registry.npmjs.org/babel-plugin-react-native-web set size:undefined disposed:false
776 silly fetch manifest babel-plugin-syntax-hermes-parser@^0.36.0
777 silly packumentCache full:https://registry.npmjs.org/babel-plugin-syntax-hermes-parser cache-miss
778 http fetch GET 200 https://registry.npmjs.org/@babel%2fplugin-transform-classes 216ms (cache miss)
779 silly packumentCache full:https://registry.npmjs.org/@babel%2fplugin-transform-classes set size:undefined disposed:false
780 silly fetch manifest babel-plugin-transform-flow-enums@^0.0.2
781 silly packumentCache full:https://registry.npmjs.org/babel-plugin-transform-flow-enums cache-miss
782 http cache https://registry.npmjs.org/babel-plugin-syntax-hermes-parser 22ms (cache hit)
783 silly packumentCache full:https://registry.npmjs.org/babel-plugin-syntax-hermes-parser set size:108082 disposed:false
784 silly fetch manifest @babel/plugin-transform-parameters@^7.24.7
785 silly packumentCache full:https://registry.npmjs.org/@babel%2fplugin-transform-parameters cache-miss
786 http fetch GET 200 https://registry.npmjs.org/babel-plugin-react-compiler 399ms (cache miss)
787 silly packumentCache full:https://registry.npmjs.org/babel-plugin-react-compiler set size:undefined disposed:false
788 silly fetch manifest @babel/plugin-transform-typescript@^7.25.2
789 silly packumentCache full:https://registry.npmjs.org/@babel%2fplugin-transform-typescript cache-miss
790 http fetch GET 200 https://registry.npmjs.org/@babel%2fplugin-transform-runtime 200ms (cache miss)
791 silly packumentCache full:https://registry.npmjs.org/@babel%2fplugin-transform-runtime set size:undefined disposed:false
792 silly fetch manifest @react-native/babel-plugin-codegen@0.86.3
793 silly packumentCache full:https://registry.npmjs.org/@react-native%2fbabel-plugin-codegen cache-miss
794 http fetch GET 200 https://registry.npmjs.org/@babel%2fplugin-transform-react-jsx 222ms (cache miss)
795 silly packumentCache full:https://registry.npmjs.org/@babel%2fplugin-transform-react-jsx set size:undefined disposed:false
796 silly fetch manifest @babel/plugin-syntax-dynamic-import@^7.8.3
797 silly packumentCache full:https://registry.npmjs.org/@babel%2fplugin-syntax-dynamic-import cache-miss
798 http fetch GET 200 https://registry.npmjs.org/@babel%2fplugin-transform-typescript 174ms (cache miss)
799 silly packumentCache full:https://registry.npmjs.org/@babel%2fplugin-transform-typescript set size:undefined disposed:false
800 silly fetch manifest @babel/plugin-transform-block-scoping@^7.25.0
801 silly packumentCache full:https://registry.npmjs.org/@babel%2fplugin-transform-block-scoping cache-miss
802 http fetch GET 200 https://registry.npmjs.org/@babel%2fplugin-transform-parameters 226ms (cache miss)
803 silly packumentCache full:https://registry.npmjs.org/@babel%2fplugin-transform-parameters set size:undefined disposed:false
804 silly fetch manifest @babel/plugin-transform-destructuring@^7.24.8
805 silly packumentCache full:https://registry.npmjs.org/@babel%2fplugin-transform-destructuring cache-miss
806 http fetch GET 200 https://registry.npmjs.org/babel-plugin-transform-flow-enums 377ms (cache miss)
807 silly packumentCache full:https://registry.npmjs.org/babel-plugin-transform-flow-enums set size:undefined disposed:false
808 silly fetch manifest @babel/plugin-transform-unicode-regex@^7.24.7
809 silly packumentCache full:https://registry.npmjs.org/@babel%2fplugin-transform-unicode-regex cache-miss
810 http fetch GET 200 https://registry.npmjs.org/@babel%2fplugin-syntax-dynamic-import 179ms (cache miss)
811 silly packumentCache full:https://registry.npmjs.org/@babel%2fplugin-syntax-dynamic-import set size:undefined disposed:false
812 silly fetch manifest @babel/plugin-syntax-optional-chaining@^7.8.3
813 silly packumentCache full:https://registry.npmjs.org/@babel%2fplugin-syntax-optional-chaining cache-miss
814 http fetch GET 200 https://registry.npmjs.org/@babel%2fplugin-transform-block-scoping 166ms (cache miss)
815 silly packumentCache full:https://registry.npmjs.org/@babel%2fplugin-transform-block-scoping set size:undefined disposed:false
816 silly fetch manifest @babel/plugin-transform-private-methods@^7.24.7
817 silly packumentCache full:https://registry.npmjs.org/@babel%2fplugin-transform-private-methods cache-miss
818 http fetch GET 200 https://registry.npmjs.org/@babel%2fplugin-proposal-decorators 562ms (cache miss)
819 silly packumentCache full:https://registry.npmjs.org/@babel%2fplugin-proposal-decorators set size:undefined disposed:false
820 silly fetch manifest @babel/plugin-syntax-export-default-from@^7.24.7
821 silly packumentCache full:https://registry.npmjs.org/@babel%2fplugin-syntax-export-default-from cache-miss
822 http fetch GET 200 https://registry.npmjs.org/@babel%2fplugin-transform-destructuring 222ms (cache miss)
823 silly packumentCache full:https://registry.npmjs.org/@babel%2fplugin-transform-destructuring set size:undefined disposed:false
824 silly fetch manifest @babel/plugin-transform-class-properties@^7.25.4
825 silly packumentCache full:https://registry.npmjs.org/@babel%2fplugin-transform-class-properties cache-miss
826 http fetch GET 200 https://registry.npmjs.org/@babel%2fplugin-transform-private-methods 177ms (cache miss)
827 silly packumentCache full:https://registry.npmjs.org/@babel%2fplugin-transform-private-methods set size:undefined disposed:false
828 silly fetch manifest @babel/plugin-transform-flow-strip-types@^7.25.2
829 silly packumentCache full:https://registry.npmjs.org/@babel%2fplugin-transform-flow-strip-types cache-miss
830 http fetch GET 200 https://registry.npmjs.org/@babel%2fplugin-transform-class-properties 214ms (cache miss)
831 silly packumentCache full:https://registry.npmjs.org/@babel%2fplugin-transform-class-properties set size:undefined disposed:false
832 silly fetch manifest @babel/plugin-transform-modules-commonjs@^7.24.8
833 silly packumentCache full:https://registry.npmjs.org/@babel%2fplugin-transform-modules-commonjs cache-miss
834 http fetch GET 200 https://registry.npmjs.org/@babel%2fplugin-syntax-export-default-from 293ms (cache miss)
835 silly packumentCache full:https://registry.npmjs.org/@babel%2fplugin-syntax-export-default-from set size:undefined disposed:false
836 silly fetch manifest @babel/plugin-transform-optional-chaining@^7.24.8
837 silly packumentCache full:https://registry.npmjs.org/@babel%2fplugin-transform-optional-chaining cache-miss
838 http fetch GET 200 https://registry.npmjs.org/@babel%2fplugin-syntax-optional-chaining 469ms (cache miss)
839 silly packumentCache full:https://registry.npmjs.org/@babel%2fplugin-syntax-optional-chaining set size:undefined disposed:false
840 silly fetch manifest @babel/plugin-proposal-export-default-from@^7.24.7
841 silly packumentCache full:https://registry.npmjs.org/@babel%2fplugin-proposal-export-default-from cache-miss
842 http fetch GET 200 https://registry.npmjs.org/@babel%2fplugin-transform-unicode-regex 512ms (cache miss)
843 silly packumentCache full:https://registry.npmjs.org/@babel%2fplugin-transform-unicode-regex set size:undefined disposed:false
844 silly fetch manifest @babel/plugin-transform-async-to-generator@^7.24.7
845 silly packumentCache full:https://registry.npmjs.org/@babel%2fplugin-transform-async-to-generator cache-miss
846 http fetch GET 200 https://registry.npmjs.org/@babel%2fplugin-transform-optional-chaining 146ms (cache miss)
847 silly packumentCache full:https://registry.npmjs.org/@babel%2fplugin-transform-optional-chaining set size:undefined disposed:false
848 silly fetch manifest @babel/plugin-transform-class-static-block@^7.27.1
849 silly packumentCache full:https://registry.npmjs.org/@babel%2fplugin-transform-class-static-block cache-miss
850 http fetch GET 200 https://registry.npmjs.org/@babel%2fplugin-transform-modules-commonjs 238ms (cache miss)
851 silly packumentCache full:https://registry.npmjs.org/@babel%2fplugin-transform-modules-commonjs set size:undefined disposed:false
852 silly fetch manifest @babel/plugin-transform-object-rest-spread@^7.24.7
853 silly packumentCache full:https://registry.npmjs.org/@babel%2fplugin-transform-object-rest-spread cache-miss
854 http fetch GET 200 https://registry.npmjs.org/@babel%2fplugin-transform-flow-strip-types 397ms (cache miss)
855 silly packumentCache full:https://registry.npmjs.org/@babel%2fplugin-transform-flow-strip-types set size:undefined disposed:false
856 silly fetch manifest @babel/plugin-transform-react-display-name@^7.24.7
857 silly packumentCache full:https://registry.npmjs.org/@babel%2fplugin-transform-react-display-name cache-miss
858 http fetch GET 200 https://registry.npmjs.org/@react-native%2fbabel-plugin-codegen 919ms (cache miss)
859 silly packumentCache full:https://registry.npmjs.org/@react-native%2fbabel-plugin-codegen set size:undefined disposed:false
860 silly fetch manifest @babel/plugin-transform-export-namespace-from@^7.25.9
861 silly packumentCache full:https://registry.npmjs.org/@babel%2fplugin-transform-export-namespace-from cache-miss
862 http fetch GET 200 https://registry.npmjs.org/@babel%2fplugin-transform-object-rest-spread 120ms (cache miss)
863 silly packumentCache full:https://registry.npmjs.org/@babel%2fplugin-transform-object-rest-spread set size:undefined disposed:false
864 silly fetch manifest @babel/plugin-transform-react-jsx-development@^7.27.1
865 silly packumentCache full:https://registry.npmjs.org/@babel%2fplugin-transform-react-jsx-development cache-miss
866 http fetch GET 200 https://registry.npmjs.org/@babel%2fplugin-transform-async-to-generator 170ms (cache miss)
867 silly packumentCache full:https://registry.npmjs.org/@babel%2fplugin-transform-async-to-generator set size:undefined disposed:false
868 silly fetch manifest @babel/plugin-transform-optional-catch-binding@^7.24.7
869 silly packumentCache full:https://registry.npmjs.org/@babel%2fplugin-transform-optional-catch-binding cache-miss
870 http fetch GET 200 https://registry.npmjs.org/@babel%2fplugin-transform-class-static-block 162ms (cache miss)
871 silly packumentCache full:https://registry.npmjs.org/@babel%2fplugin-transform-class-static-block set size:undefined disposed:false
872 silly fetch manifest @babel/plugin-transform-react-pure-annotations@^7.27.1
873 silly packumentCache full:https://registry.npmjs.org/@babel%2fplugin-transform-react-pure-annotations cache-miss
874 http fetch GET 200 https://registry.npmjs.org/@babel%2fplugin-transform-export-namespace-from 114ms (cache miss)
875 silly packumentCache full:https://registry.npmjs.org/@babel%2fplugin-transform-export-namespace-from set size:undefined disposed:false
876 silly fetch manifest @babel/plugin-syntax-nullish-coalescing-operator@^7.8.3
877 silly packumentCache full:https://registry.npmjs.org/@babel%2fplugin-syntax-nullish-coalescing-operator cache-miss
878 http fetch GET 200 https://registry.npmjs.org/@babel%2fplugin-transform-react-jsx-development 96ms (cache miss)
879 silly packumentCache full:https://registry.npmjs.org/@babel%2fplugin-transform-react-jsx-development set size:undefined disposed:false
880 silly fetch manifest @babel/plugin-transform-async-generator-functions@^7.25.4
881 silly packumentCache full:https://registry.npmjs.org/@babel%2fplugin-transform-async-generator-functions cache-miss
882 http fetch GET 200 https://registry.npmjs.org/@babel%2fplugin-transform-react-display-name 177ms (cache miss)
883 silly packumentCache full:https://registry.npmjs.org/@babel%2fplugin-transform-react-display-name set size:undefined disposed:false
884 silly fetch manifest @babel/plugin-transform-private-property-in-object@^7.24.7
885 silly packumentCache full:https://registry.npmjs.org/@babel%2fplugin-transform-private-property-in-object cache-miss
886 http fetch GET 200 https://registry.npmjs.org/@babel%2fplugin-syntax-nullish-coalescing-operator 93ms (cache miss)
887 silly packumentCache full:https://registry.npmjs.org/@babel%2fplugin-syntax-nullish-coalescing-operator set size:undefined disposed:false
888 silly fetch manifest @babel/plugin-transform-nullish-coalescing-operator@^7.24.7
889 silly packumentCache full:https://registry.npmjs.org/@babel%2fplugin-transform-nullish-coalescing-operator cache-miss
890 http fetch GET 200 https://registry.npmjs.org/@babel%2fplugin-transform-async-generator-functions 95ms (cache miss)
891 silly packumentCache full:https://registry.npmjs.org/@babel%2fplugin-transform-async-generator-functions set size:undefined disposed:false
892 silly fetch manifest @babel/plugin-transform-logical-assignment-operators@^7.24.7
893 silly packumentCache full:https://registry.npmjs.org/@babel%2fplugin-transform-logical-assignment-operators cache-miss
894 http fetch GET 200 https://registry.npmjs.org/@babel%2fplugin-transform-react-pure-annotations 196ms (cache miss)
895 silly packumentCache full:https://registry.npmjs.org/@babel%2fplugin-transform-react-pure-annotations set size:undefined disposed:false
896 silly fetch manifest @babel/plugin-transform-named-capturing-groups-regex@^7.24.7
897 silly packumentCache full:https://registry.npmjs.org/@babel%2fplugin-transform-named-capturing-groups-regex cache-miss
898 http fetch GET 200 https://registry.npmjs.org/@babel%2fplugin-proposal-export-default-from 638ms (cache miss)
899 silly packumentCache full:https://registry.npmjs.org/@babel%2fplugin-proposal-export-default-from set size:undefined disposed:false
900 silly fetch manifest fontfaceobserver@^2.1.0
901 silly packumentCache full:https://registry.npmjs.org/fontfaceobserver cache-miss
902 http fetch GET 200 https://registry.npmjs.org/@babel%2fplugin-transform-logical-assignment-operators 241ms (cache miss)
903 silly packumentCache full:https://registry.npmjs.org/@babel%2fplugin-transform-logical-assignment-operators set size:undefined disposed:false
904 silly fetch manifest commander@^7.2.0
905 silly packumentCache full:https://registry.npmjs.org/commander cache-miss
906 http fetch GET 200 https://registry.npmjs.org/@babel%2fplugin-transform-private-property-in-object 346ms (cache miss)
907 silly packumentCache full:https://registry.npmjs.org/@babel%2fplugin-transform-private-property-in-object set size:undefined disposed:false
908 silly fetch manifest expo-modules-jsi@~57.0.8
909 silly packumentCache full:https://registry.npmjs.org/expo-modules-jsi cache-miss
910 http fetch GET 200 https://registry.npmjs.org/@babel%2fplugin-transform-named-capturing-groups-regex 254ms (cache miss)
911 silly packumentCache full:https://registry.npmjs.org/@babel%2fplugin-transform-named-capturing-groups-regex set size:undefined disposed:false
912 silly fetch manifest @expo/expo-modules-macros-plugin@0.6.1
913 silly packumentCache full:https://registry.npmjs.org/@expo%2fexpo-modules-macros-plugin cache-miss
914 http fetch GET 200 https://registry.npmjs.org/metro-minify-terser 2676ms (cache miss)
915 silly packumentCache full:https://registry.npmjs.org/metro-minify-terser set size:undefined disposed:false
916 silly fetch manifest react-is@^18.0.0
917 silly packumentCache full:https://registry.npmjs.org/react-is cache-miss
918 http cache https://registry.npmjs.org/commander 60ms (cache hit)
919 silly packumentCache full:https://registry.npmjs.org/commander set size:353104 disposed:false
920 silly fetch manifest ansi-styles@^5.0.0
921 silly packumentCache full:https://registry.npmjs.org/ansi-styles cache-miss
922 http fetch GET 200 https://registry.npmjs.org/@babel%2fplugin-transform-optional-catch-binding 517ms (cache miss)
923 silly packumentCache full:https://registry.npmjs.org/@babel%2fplugin-transform-optional-catch-binding set size:undefined disposed:false
924 silly fetch manifest @jest/schemas@^29.6.3
925 silly packumentCache full:https://registry.npmjs.org/@jest%2fschemas cache-miss
926 http fetch GET 200 https://registry.npmjs.org/expo-modules-jsi 134ms (cache miss)
927 silly packumentCache full:https://registry.npmjs.org/expo-modules-jsi set size:undefined disposed:false
928 http fetch GET 200 https://registry.npmjs.org/@babel%2fplugin-transform-nullish-coalescing-operator 411ms (cache miss)
929 silly packumentCache full:https://registry.npmjs.org/@babel%2fplugin-transform-nullish-coalescing-operator set size:undefined disposed:false
930 http fetch GET 200 https://registry.npmjs.org/ansi-styles 160ms (cache miss)
931 silly packumentCache full:https://registry.npmjs.org/ansi-styles set size:undefined disposed:false
932 http fetch GET 200 https://registry.npmjs.org/fontfaceobserver 357ms (cache miss)
933 silly packumentCache full:https://registry.npmjs.org/fontfaceobserver set size:undefined disposed:false
934 http fetch GET 200 https://registry.npmjs.org/@expo%2fexpo-modules-macros-plugin 506ms (cache miss)
935 silly packumentCache full:https://registry.npmjs.org/@expo%2fexpo-modules-macros-plugin set size:undefined disposed:false
936 http fetch GET 200 https://registry.npmjs.org/@jest%2fschemas 581ms (cache miss)
937 silly packumentCache full:https://registry.npmjs.org/@jest%2fschemas set size:undefined disposed:false
938 http fetch GET 200 https://registry.npmjs.org/react-is 1891ms (cache miss)
939 silly packumentCache full:https://registry.npmjs.org/react-is set size:undefined disposed:false
940 silly fetch manifest typescript@^5.0.0 || ^5.0.0-0 || ^6.0.0 || ^7.0.0
941 silly packumentCache full:https://registry.npmjs.org/typescript cache-miss
942 http fetch GET 200 https://registry.npmjs.org/typescript 2498ms (cache miss)
943 silly packumentCache full:https://registry.npmjs.org/typescript set size:undefined disposed:false
944 silly placeDep ROOT @expo/config-types@57.0.2 OK for: @expo/config@57.0.9 want: ^57.0.2
945 silly placeDep ROOT @expo/json-file@11.0.1 OK for: @expo/config@57.0.9 want: ^11.0.1
946 silly placeDep ROOT @expo/require-utils@57.0.5 OK for: @expo/config@57.0.9 want: ^57.0.5
947 silly placeDep ROOT deepmerge@4.3.1 OK for: @expo/config@57.0.9 want: ^4.3.1
948 silly placeDep ROOT getenv@2.0.0 OK for: @expo/config@57.0.9 want: ^2.0.0
949 silly placeDep ROOT glob@13.0.6 OK for: @expo/config@57.0.9 want: ^13.0.0
950 silly placeDep ROOT resolve-workspace-root@2.0.1 OK for: @expo/config@57.0.9 want: ^2.0.0
951 silly placeDep ROOT semver@7.8.5 OK for: @expo/config@57.0.9 want: ^7.6.0
952 silly placeDep ROOT slugify@1.6.9 OK for: @expo/config@57.0.9 want: ^1.3.4
953 silly fetch manifest json5@^2.2.3
954 silly packumentCache full:https://registry.npmjs.org/json5 cache-miss
955 silly fetch manifest @babel/core@^7.25.2
956 silly packumentCache full:https://registry.npmjs.org/@babel%2fcore cache-hit
957 silly fetch manifest minipass@^7.1.3
958 silly packumentCache full:https://registry.npmjs.org/minipass cache-miss
959 silly fetch manifest path-scurry@^2.0.2
960 silly packumentCache full:https://registry.npmjs.org/path-scurry cache-miss
961 http fetch GET 200 https://registry.npmjs.org/json5 181ms (cache miss)
962 silly packumentCache full:https://registry.npmjs.org/json5 set size:undefined disposed:false
963 http fetch GET 200 https://registry.npmjs.org/path-scurry 180ms (cache miss)
964 silly packumentCache full:https://registry.npmjs.org/path-scurry set size:undefined disposed:false
965 http fetch GET 200 https://registry.npmjs.org/minipass 185ms (cache miss)
966 silly packumentCache full:https://registry.npmjs.org/minipass set size:undefined disposed:false
967 silly placeDep ROOT @expo/plist@0.8.1 OK for: @expo/config-plugins@57.0.9 want: ^0.8.1
968 silly placeDep ROOT @expo/sdk-runtime-versions@1.0.0 OK for: @expo/config-plugins@57.0.9 want: ^1.0.0
969 silly placeDep ROOT chalk@4.1.2 OK for: @expo/config-plugins@57.0.9 want: ^4.1.2
970 silly placeDep ROOT debug@4.4.3 OK for: @expo/config-plugins@57.0.9 want: ^4.3.5
971 silly placeDep ROOT xcode@3.0.1 OK for: @expo/config-plugins@57.0.9 want: ^3.0.1
972 silly placeDep ROOT xml2js@0.6.0 OK for: @expo/config-plugins@57.0.9 want: 0.6.0
973 silly fetch manifest xmlbuilder@^15.1.1
974 silly packumentCache full:https://registry.npmjs.org/xmlbuilder cache-miss
975 silly fetch manifest @xmldom/xmldom@^0.8.8
976 silly packumentCache full:https://registry.npmjs.org/@xmldom%2fxmldom cache-miss
977 silly fetch manifest ansi-styles@^4.1.0
978 silly packumentCache full:https://registry.npmjs.org/ansi-styles cache-miss
979 silly fetch manifest supports-color@^7.1.0
980 silly packumentCache full:https://registry.npmjs.org/supports-color cache-miss
981 silly fetch manifest ms@^2.1.3
982 silly packumentCache full:https://registry.npmjs.org/ms cache-miss
983 silly fetch manifest uuid@^7.0.3
984 silly packumentCache full:https://registry.npmjs.org/uuid cache-miss
985 silly fetch manifest simple-plist@^1.1.0
986 silly packumentCache full:https://registry.npmjs.org/simple-plist cache-miss
987 http cache https://registry.npmjs.org/ansi-styles 22ms (cache hit)
988 silly packumentCache full:https://registry.npmjs.org/ansi-styles set size:71772 disposed:false
989 silly fetch manifest sax@>=0.6.0
990 silly packumentCache full:https://registry.npmjs.org/sax cache-miss
991 http fetch GET 200 https://registry.npmjs.org/sax 163ms (cache miss)
992 silly packumentCache full:https://registry.npmjs.org/sax set size:undefined disposed:false
993 silly fetch manifest xmlbuilder@~11.0.0
994 silly packumentCache full:https://registry.npmjs.org/xmlbuilder cache-miss
995 http fetch GET 200 https://registry.npmjs.org/ms 192ms (cache miss)
996 silly packumentCache full:https://registry.npmjs.org/ms set size:undefined disposed:false
997 http fetch GET 200 https://registry.npmjs.org/supports-color 205ms (cache miss)
998 silly packumentCache full:https://registry.npmjs.org/supports-color set size:undefined disposed:false
999 http fetch GET 200 https://registry.npmjs.org/uuid 208ms (cache miss)
1000 silly packumentCache full:https://registry.npmjs.org/uuid set size:undefined disposed:false
1001 http fetch GET 200 https://registry.npmjs.org/xmlbuilder 215ms (cache miss)
1002 silly packumentCache full:https://registry.npmjs.org/xmlbuilder set size:undefined disposed:false
1003 http fetch GET 200 https://registry.npmjs.org/xmlbuilder 97ms (cache miss)
1004 silly packumentCache full:https://registry.npmjs.org/xmlbuilder set size:undefined disposed:false
1005 http fetch GET 200 https://registry.npmjs.org/@xmldom%2fxmldom 368ms (cache miss)
1006 silly packumentCache full:https://registry.npmjs.org/@xmldom%2fxmldom set size:undefined disposed:false
1007 http fetch GET 200 https://registry.npmjs.org/simple-plist 470ms (cache miss)
1008 silly packumentCache full:https://registry.npmjs.org/simple-plist set size:undefined disposed:false
1009 silly placeDep ROOT @expo/env@2.4.3 OK for: @expo/fingerprint@0.20.12 want: ^2.4.3
1010 silly placeDep ROOT @expo/spawn-async@1.8.0 OK for: @expo/fingerprint@0.20.12 want: ^1.8.0
1011 silly placeDep ROOT arg@5.0.2 OK for: @expo/fingerprint@0.20.12 want: ^5.0.2
1012 silly placeDep ROOT ignore@5.3.2 OK for: @expo/fingerprint@0.20.12 want: ^5.3.1
1013 silly placeDep ROOT minimatch@10.2.6 OK for: @expo/fingerprint@0.20.12 want: ^10.2.2
1014 silly placeDep ROOT resolve-from@5.0.0 OK for: @expo/fingerprint@0.20.12 want: ^5.0.0
1015 silly fetch manifest cross-spawn@^7.0.6
1016 silly packumentCache full:https://registry.npmjs.org/cross-spawn cache-miss
1017 silly fetch manifest brace-expansion@^5.0.8
1018 silly packumentCache full:https://registry.npmjs.org/brace-expansion cache-miss
1019 http fetch GET 200 https://registry.npmjs.org/cross-spawn 68ms (cache miss)
1020 silly packumentCache full:https://registry.npmjs.org/cross-spawn set size:undefined disposed:false
1021 http fetch GET 200 https://registry.npmjs.org/brace-expansion 114ms (cache miss)
1022 silly packumentCache full:https://registry.npmjs.org/brace-expansion set size:undefined disposed:false
1023 silly placeDep ROOT @babel/code-frame@7.29.7 OK for: @expo/json-file@11.0.1 want: ^7.20.0
1024 silly placeDep ROOT json5@2.2.3 OK for: @expo/json-file@11.0.1 want: ^2.2.3
1025 silly fetch manifest js-tokens@^4.0.0
1026 silly packumentCache full:https://registry.npmjs.org/js-tokens cache-miss
1027 silly fetch manifest picocolors@^1.1.1
1028 silly packumentCache full:https://registry.npmjs.org/picocolors cache-miss
1029 silly fetch manifest @babel/helper-validator-identifier@^7.29.7
1030 silly packumentCache full:https://registry.npmjs.org/@babel%2fhelper-validator-identifier cache-miss
1031 http fetch GET 200 https://registry.npmjs.org/picocolors 150ms (cache miss)
1032 silly packumentCache full:https://registry.npmjs.org/picocolors set size:undefined disposed:false
1033 http fetch GET 200 https://registry.npmjs.org/js-tokens 151ms (cache miss)
1034 silly packumentCache full:https://registry.npmjs.org/js-tokens set size:undefined disposed:false
1035 http fetch GET 200 https://registry.npmjs.org/@babel%2fhelper-validator-identifier 445ms (cache miss)
1036 silly packumentCache full:https://registry.npmjs.org/@babel%2fhelper-validator-identifier set size:undefined disposed:false
1037 silly placeDep ROOT @babel/helper-validator-identifier@7.29.7 OK for: @babel/code-frame@7.29.7 want: ^7.29.7
1038 silly placeDep ROOT js-tokens@4.0.0 OK for: @babel/code-frame@7.29.7 want: ^4.0.0
1039 silly placeDep ROOT picocolors@1.1.1 OK for: @babel/code-frame@7.29.7 want: ^1.1.1
1040 silly placeDep ROOT metro@0.84.5 OK for: @expo/metro@56.0.2 want: 0.84.5
1041 silly placeDep ROOT metro-babel-transformer@0.84.5 OK for: @expo/metro@56.0.2 want: 0.84.5
1042 silly placeDep ROOT metro-cache@0.84.5 OK for: @expo/metro@56.0.2 want: 0.84.5
1043 silly placeDep ROOT metro-cache-key@0.84.5 OK for: @expo/metro@56.0.2 want: 0.84.5
1044 silly placeDep ROOT metro-config@0.84.5 OK for: @expo/metro@56.0.2 want: 0.84.5
1045 silly placeDep ROOT metro-core@0.84.5 OK for: @expo/metro@56.0.2 want: 0.84.5
1046 silly placeDep ROOT metro-file-map@0.84.5 OK for: @expo/metro@56.0.2 want: 0.84.5
1047 silly placeDep ROOT metro-minify-terser@0.84.5 OK for: @expo/metro@56.0.2 want: 0.84.5
1048 silly placeDep ROOT metro-resolver@0.84.5 OK for: @expo/metro@56.0.2 want: 0.84.5
1049 silly placeDep ROOT metro-runtime@0.84.5 OK for: @expo/metro@56.0.2 want: 0.84.5
1050 silly placeDep ROOT metro-source-map@0.84.5 OK for: @expo/metro@56.0.2 want: 0.84.5
1051 silly placeDep ROOT metro-symbolicate@0.84.5 OK for: @expo/metro@56.0.2 want: 0.84.5
1052 silly placeDep ROOT metro-transform-plugins@0.84.5 OK for: @expo/metro@56.0.2 want: 0.84.5
1053 silly placeDep ROOT metro-transform-worker@0.84.5 OK for: @expo/metro@56.0.2 want: 0.84.5
1054 silly fetch manifest throat@^5.0.0
1055 silly packumentCache full:https://registry.npmjs.org/throat cache-miss
1056 silly fetch manifest accepts@^2.0.0
1057 silly packumentCache full:https://registry.npmjs.org/accepts cache-miss
1058 silly fetch manifest ci-info@^2.0.0
1059 silly packumentCache full:https://registry.npmjs.org/ci-info cache-miss
1060 silly fetch manifest connect@^3.6.5
1061 silly packumentCache full:https://registry.npmjs.org/connect cache-miss
1062 silly fetch manifest mime-types@^3.0.1
1063 silly packumentCache full:https://registry.npmjs.org/mime-types cache-miss
1064 silly fetch manifest source-map@^0.5.6
1065 silly packumentCache full:https://registry.npmjs.org/source-map cache-miss
1066 silly fetch manifest graceful-fs@^4.2.4
1067 silly packumentCache full:https://registry.npmjs.org/graceful-fs cache-miss
1068 http cache https://registry.npmjs.org/accepts 13ms (cache hit)
1069 silly packumentCache full:https://registry.npmjs.org/accepts set size:77054 disposed:false
1070 silly fetch manifest jest-worker@^29.7.0
1071 silly packumentCache full:https://registry.npmjs.org/jest-worker cache-miss
1072 http cache https://registry.npmjs.org/ci-info 15ms (cache hit)
1073 silly packumentCache full:https://registry.npmjs.org/ci-info set size:91363 disposed:false
1074 silly fetch manifest @babel/types@^7.29.0
1075 silly packumentCache full:https://registry.npmjs.org/@babel%2ftypes cache-miss
1076 http cache https://registry.npmjs.org/connect 27ms (cache hit)
1077 silly packumentCache full:https://registry.npmjs.org/connect set size:438385 disposed:false
1078 silly fetch manifest jsc-safe-url@^0.2.2
1079 silly packumentCache full:https://registry.npmjs.org/jsc-safe-url cache-miss
1080 http cache https://registry.npmjs.org/jsc-safe-url 8ms (cache hit)
1081 silly packumentCache full:https://registry.npmjs.org/jsc-safe-url set size:13143 disposed:false
1082 silly fetch manifest @babel/parser@^7.29.0
1083 silly packumentCache full:https://registry.npmjs.org/@babel%2fparser cache-miss
1084 http fetch GET 200 https://registry.npmjs.org/mime-types 191ms (cache miss)
1085 silly packumentCache full:https://registry.npmjs.org/mime-types set size:undefined disposed:false
1086 silly fetch manifest hermes-parser@0.35.0
1087 silly packumentCache full:https://registry.npmjs.org/hermes-parser cache-miss
1088 http fetch GET 200 https://registry.npmjs.org/source-map 200ms (cache miss)
1089 silly packumentCache full:https://registry.npmjs.org/source-map set size:undefined disposed:false
1090 silly fetch manifest @babel/template@^7.28.6
1091 silly packumentCache full:https://registry.npmjs.org/@babel%2ftemplate cache-miss
1092 http cache https://registry.npmjs.org/hermes-parser 32ms (cache hit)
1093 silly packumentCache full:https://registry.npmjs.org/hermes-parser set size:172593 disposed:false
1094 silly fetch manifest @babel/traverse@^7.29.0
1095 silly packumentCache full:https://registry.npmjs.org/@babel%2ftraverse cache-miss
1096 http fetch GET 200 https://registry.npmjs.org/@babel%2ftypes 221ms (cache miss)
1097 silly packumentCache full:https://registry.npmjs.org/@babel%2ftypes set size:undefined disposed:false
1098 silly fetch manifest lodash.throttle@^4.1.1
1099 silly packumentCache full:https://registry.npmjs.org/lodash.throttle cache-miss
1100 http fetch GET 200 https://registry.npmjs.org/jest-worker 261ms (cache miss)
1101 silly packumentCache full:https://registry.npmjs.org/jest-worker set size:undefined disposed:false
1102 silly fetch manifest serialize-error@^2.1.0
1103 silly packumentCache full:https://registry.npmjs.org/serialize-error cache-miss
1104 http fetch GET 200 https://registry.npmjs.org/lodash.throttle 122ms (cache miss)
1105 silly packumentCache full:https://registry.npmjs.org/lodash.throttle set size:undefined disposed:false
1106 silly fetch manifest @babel/generator@^7.29.1
1107 silly packumentCache full:https://registry.npmjs.org/@babel%2fgenerator cache-miss
1108 http fetch GET 200 https://registry.npmjs.org/@babel%2ftemplate 191ms (cache miss)
1109 silly packumentCache full:https://registry.npmjs.org/@babel%2ftemplate set size:undefined disposed:false
1110 silly fetch manifest error-stack-parser@^2.0.6
1111 silly packumentCache full:https://registry.npmjs.org/error-stack-parser cache-miss
1112 http fetch GET 200 https://registry.npmjs.org/graceful-fs 426ms (cache miss)
1113 silly packumentCache full:https://registry.npmjs.org/graceful-fs set size:undefined disposed:false
1114 silly fetch manifest https-proxy-agent@^7.0.5
1115 silly packumentCache full:https://registry.npmjs.org/https-proxy-agent cache-miss
1116 http cache https://registry.npmjs.org/@babel%2fgenerator 62ms (cache hit)
1117 silly packumentCache full:https://registry.npmjs.org/@babel%2fgenerator set size:522841 disposed:false
1118 silly fetch manifest exponential-backoff@^3.1.1
1119 silly packumentCache full:https://registry.npmjs.org/exponential-backoff cache-miss
1120 http fetch GET 200 https://registry.npmjs.org/throat 465ms (cache miss)
1121 silly packumentCache full:https://registry.npmjs.org/throat set size:undefined disposed:false
1122 silly fetch manifest yaml@^2.6.1
1123 silly packumentCache full:https://registry.npmjs.org/yaml cache-miss
1124 http fetch GET 200 https://registry.npmjs.org/@babel%2ftraverse 233ms (cache miss)
1125 silly packumentCache full:https://registry.npmjs.org/@babel%2ftraverse set size:undefined disposed:false
1126 silly fetch manifest jest-validate@^29.7.0
1127 silly packumentCache full:https://registry.npmjs.org/jest-validate cache-miss
1128 http fetch GET 200 https://registry.npmjs.org/@babel%2fparser 473ms (cache miss)
1129 silly packumentCache full:https://registry.npmjs.org/@babel%2fparser set size:undefined disposed:false
1130 silly fetch manifest walker@^1.0.7
1131 silly packumentCache full:https://registry.npmjs.org/walker cache-miss
1132 http fetch GET 200 https://registry.npmjs.org/https-proxy-agent 107ms (cache miss)
1133 silly packumentCache full:https://registry.npmjs.org/https-proxy-agent set size:undefined disposed:false
1134 silly fetch manifest micromatch@^4.0.4
1135 silly packumentCache full:https://registry.npmjs.org/micromatch cache-miss
1136 http fetch GET 200 https://registry.npmjs.org/error-stack-parser 138ms (cache miss)
1137 silly packumentCache full:https://registry.npmjs.org/error-stack-parser set size:undefined disposed:false
1138 silly fetch manifest fb-watchman@^2.0.0
1139 silly packumentCache full:https://registry.npmjs.org/fb-watchman cache-miss
1140 http fetch GET 200 https://registry.npmjs.org/walker 138ms (cache miss)
1141 silly packumentCache full:https://registry.npmjs.org/walker set size:undefined disposed:false
1142 silly fetch manifest terser@^5.15.0
1143 silly packumentCache full:https://registry.npmjs.org/terser cache-miss
1144 http fetch GET 200 https://registry.npmjs.org/yaml 214ms (cache miss)
1145 silly packumentCache full:https://registry.npmjs.org/yaml set size:undefined disposed:false
1146 silly fetch manifest ob1@0.84.5
1147 silly packumentCache full:https://registry.npmjs.org/ob1 cache-miss
1148 http fetch GET 200 https://registry.npmjs.org/fb-watchman 141ms (cache miss)
1149 silly packumentCache full:https://registry.npmjs.org/fb-watchman set size:undefined disposed:false
1150 silly fetch manifest vlq@^1.0.0
1151 silly packumentCache full:https://registry.npmjs.org/vlq cache-miss
1152 http fetch GET 200 https://registry.npmjs.org/micromatch 158ms (cache miss)
1153 silly packumentCache full:https://registry.npmjs.org/micromatch set size:undefined disposed:false
1154 silly fetch manifest vlq@^1.0.0
1155 silly packumentCache full:https://registry.npmjs.org/vlq cache-miss
1156 http fetch GET 200 https://registry.npmjs.org/serialize-error 482ms (cache miss)
1157 silly packumentCache full:https://registry.npmjs.org/serialize-error set size:undefined disposed:false
1158 http fetch GET 200 https://registry.npmjs.org/exponential-backoff 418ms (cache miss)
1159 silly packumentCache full:https://registry.npmjs.org/exponential-backoff set size:undefined disposed:false
1160 http fetch GET 200 https://registry.npmjs.org/vlq 182ms (cache miss)
1161 silly packumentCache full:https://registry.npmjs.org/vlq set size:undefined disposed:false
1162 http fetch GET 200 https://registry.npmjs.org/terser 226ms (cache miss)
1163 silly packumentCache full:https://registry.npmjs.org/terser set size:undefined disposed:false
1164 http fetch GET 200 https://registry.npmjs.org/vlq 245ms (cache miss)
1165 silly packumentCache full:https://registry.npmjs.org/vlq set size:undefined disposed:false
1166 http fetch GET 200 https://registry.npmjs.org/ob1 284ms (cache miss)
1167 silly packumentCache full:https://registry.npmjs.org/ob1 set size:undefined disposed:false
1168 http fetch GET 200 https://registry.npmjs.org/jest-validate 668ms (cache miss)
1169 silly packumentCache full:https://registry.npmjs.org/jest-validate set size:undefined disposed:false
1170 silly placeDep ROOT @xmldom/xmldom@0.8.15 OK for: @expo/plist@0.8.1 want: ^0.8.8
1171 silly placeDep ROOT base64-js@1.5.1 OK for: @expo/plist@0.8.1 want: ^1.5.1
1172 silly placeDep ROOT xmlbuilder@15.1.1 OK for: @expo/plist@0.8.1 want: ^15.1.1
1173 silly placeDep ROOT @babel/core@7.29.7 OK for: @expo/require-utils@57.0.5 want: ^7.25.2
1174 silly placeDep ROOT @babel/plugin-transform-modules-commonjs@7.29.7 OK for: @expo/require-utils@57.0.5 want: ^7.24.8
1175 silly fetch manifest semver@^6.3.1
1176 silly packumentCache full:https://registry.npmjs.org/semver cache-hit
1177 silly fetch manifest gensync@^1.0.0-beta.2
1178 silly packumentCache full:https://registry.npmjs.org/gensync cache-miss
1179 silly fetch manifest @babel/types@^7.29.7
1180 silly packumentCache full:https://registry.npmjs.org/@babel%2ftypes cache-miss
1181 silly fetch manifest @babel/parser@^7.29.7
1182 silly packumentCache full:https://registry.npmjs.org/@babel%2fparser cache-miss
1183 silly fetch manifest @babel/helpers@^7.29.7
1184 silly packumentCache full:https://registry.npmjs.org/@babel%2fhelpers cache-miss
1185 silly fetch manifest @babel/template@^7.29.7
1186 silly packumentCache full:https://registry.npmjs.org/@babel%2ftemplate cache-miss
1187 silly fetch manifest @babel/traverse@^7.29.7
1188 silly packumentCache full:https://registry.npmjs.org/@babel%2ftraverse cache-miss
1189 silly fetch manifest @babel/generator@^7.29.7
1190 silly packumentCache full:https://registry.npmjs.org/@babel%2fgenerator cache-hit
1191 silly fetch manifest convert-source-map@^2.0.0
1192 silly packumentCache full:https://registry.npmjs.org/convert-source-map cache-miss
1193 http cache https://registry.npmjs.org/@babel%2ftypes 22ms (cache hit)
1194 silly packumentCache full:https://registry.npmjs.org/@babel%2ftypes set size:502938 disposed:false
1195 silly fetch manifest @babel/helper-module-transforms@^7.29.7
1196 silly packumentCache full:https://registry.npmjs.org/@babel%2fhelper-module-transforms cache-miss
1197 http cache https://registry.npmjs.org/@babel%2ftraverse 30ms (cache hit)
1198 silly packumentCache full:https://registry.npmjs.org/@babel%2ftraverse set size:564759 disposed:false
1199 silly fetch manifest @babel/helper-compilation-targets@^7.29.7
1200 silly packumentCache full:https://registry.npmjs.org/@babel%2fhelper-compilation-targets cache-miss
1201 http cache https://registry.npmjs.org/@babel%2fparser 42ms (cache hit)
1202 silly packumentCache full:https://registry.npmjs.org/@babel%2fparser set size:737961 disposed:false
1203 silly fetch manifest @babel/helper-plugin-utils@^7.29.7
1204 silly packumentCache full:https://registry.npmjs.org/@babel%2fhelper-plugin-utils cache-miss
1205 http cache https://registry.npmjs.org/@babel%2ftemplate 64ms (cache hit)
1206 silly packumentCache full:https://registry.npmjs.org/@babel%2ftemplate set size:237074 disposed:false
1207 silly fetch manifest @babel/helper-module-transforms@^7.29.7
1208 silly packumentCache full:https://registry.npmjs.org/@babel%2fhelper-module-transforms cache-miss
1209 http fetch GET 200 https://registry.npmjs.org/gensync 182ms (cache miss)
1210 silly packumentCache full:https://registry.npmjs.org/gensync set size:undefined disposed:false
1211 http fetch GET 200 https://registry.npmjs.org/convert-source-map 180ms (cache miss)
1212 silly packumentCache full:https://registry.npmjs.org/convert-source-map set size:undefined disposed:false
1213 http fetch GET 200 https://registry.npmjs.org/@babel%2fhelpers 203ms (cache miss)
1214 silly packumentCache full:https://registry.npmjs.org/@babel%2fhelpers set size:undefined disposed:false
1215 http fetch GET 200 https://registry.npmjs.org/@babel%2fhelper-plugin-utils 156ms (cache miss)
1216 silly packumentCache full:https://registry.npmjs.org/@babel%2fhelper-plugin-utils set size:undefined disposed:false
1217 http fetch GET 200 https://registry.npmjs.org/@babel%2fhelper-module-transforms 193ms (cache miss)
1218 silly packumentCache full:https://registry.npmjs.org/@babel%2fhelper-module-transforms set size:undefined disposed:false
1219 http fetch GET 200 https://registry.npmjs.org/@babel%2fhelper-module-transforms 197ms (cache miss)
1220 silly packumentCache full:https://registry.npmjs.org/@babel%2fhelper-module-transforms set size:undefined disposed:false
1221 http fetch GET 200 https://registry.npmjs.org/@babel%2fhelper-compilation-targets 417ms (cache miss)
1222 silly packumentCache full:https://registry.npmjs.org/@babel%2fhelper-compilation-targets set size:undefined disposed:false
1223 silly fetch manifest @babel/core@^7.0.0
1224 silly packumentCache full:https://registry.npmjs.org/@babel%2fcore cache-hit
1225 silly placeDep ROOT @babel/generator@7.29.8 OK for: @babel/core@7.29.7 want: ^7.29.7
1226 silly placeDep ROOT @babel/helper-compilation-targets@7.29.7 OK for: @babel/core@7.29.7 want: ^7.29.7
1227 silly placeDep ROOT @babel/helper-module-transforms@7.29.7 OK for: @babel/core@7.29.7 want: ^7.29.7
1228 silly placeDep ROOT @babel/helpers@7.29.7 OK for: @babel/core@7.29.7 want: ^7.29.7
1229 silly placeDep ROOT @babel/parser@7.29.8 OK for: @babel/core@7.29.7 want: ^7.29.7
1230 silly placeDep ROOT @babel/template@7.29.7 OK for: @babel/core@7.29.7 want: ^7.29.7
1231 silly placeDep ROOT @babel/traverse@7.29.8 OK for: @babel/core@7.29.7 want: ^7.29.7
1232 silly placeDep ROOT @babel/types@7.29.8 OK for: @babel/core@7.29.7 want: ^7.29.7
1233 silly placeDep ROOT @jridgewell/remapping@2.3.5 OK for: @babel/core@7.29.7 want: ^2.3.5
1234 silly placeDep ROOT convert-source-map@2.0.0 OK for: @babel/core@7.29.7 want: ^2.0.0
1235 silly placeDep ROOT gensync@1.0.0-beta.2 OK for: @babel/core@7.29.7 want: ^1.0.0-beta.2
1236 silly placeDep node_modules/@babel/core semver@6.3.1 OK for: @babel/core@7.29.7 want: ^6.3.1
1237 silly fetch manifest jsesc@^3.0.2
1238 silly packumentCache full:https://registry.npmjs.org/jsesc cache-miss
1239 silly fetch manifest @babel/types@^7.29.8
1240 silly packumentCache full:https://registry.npmjs.org/@babel%2ftypes cache-hit
1241 silly fetch manifest @babel/parser@^7.29.8
1242 silly packumentCache full:https://registry.npmjs.org/@babel%2fparser cache-hit
1243 silly fetch manifest @jridgewell/gen-mapping@^0.3.12
1244 silly packumentCache full:https://registry.npmjs.org/@jridgewell%2fgen-mapping cache-miss
1245 silly fetch manifest @jridgewell/trace-mapping@^0.3.28
1246 silly packumentCache full:https://registry.npmjs.org/@jridgewell%2ftrace-mapping cache-miss
1247 silly fetch manifest lru-cache@^5.1.1
1248 silly packumentCache full:https://registry.npmjs.org/lru-cache cache-miss
1249 silly fetch manifest browserslist@^4.24.0
1250 silly packumentCache full:https://registry.npmjs.org/browserslist cache-miss
1251 silly fetch manifest @babel/compat-data@^7.29.7
1252 silly packumentCache full:https://registry.npmjs.org/@babel%2fcompat-data cache-miss
1253 silly fetch manifest @babel/helper-validator-option@^7.29.7
1254 silly packumentCache full:https://registry.npmjs.org/@babel%2fhelper-validator-option cache-miss
1255 http cache https://registry.npmjs.org/@jridgewell%2fgen-mapping 20ms (cache hit)
1256 silly packumentCache full:https://registry.npmjs.org/@jridgewell%2fgen-mapping set size:75941 disposed:false
1257 silly fetch manifest @babel/helper-module-imports@^7.29.7
1258 silly packumentCache full:https://registry.npmjs.org/@babel%2fhelper-module-imports cache-miss
1259 http cache https://registry.npmjs.org/browserslist 18ms (cache hit)
1260 silly packumentCache full:https://registry.npmjs.org/browserslist set size:521015 disposed:false
1261 silly fetch manifest @babel/helper-globals@^7.29.7
1262 silly packumentCache full:https://registry.npmjs.org/@babel%2fhelper-globals cache-miss
1263 http cache https://registry.npmjs.org/@babel%2fhelper-module-imports 15ms (cache hit)
1264 silly packumentCache full:https://registry.npmjs.org/@babel%2fhelper-module-imports set size:203392 disposed:false
1265 silly fetch manifest @babel/helper-string-parser@^7.29.7
1266 silly packumentCache full:https://registry.npmjs.org/@babel%2fhelper-string-parser cache-miss
1267 http fetch GET 200 https://registry.npmjs.org/@babel%2fhelper-globals 140ms (cache miss)
1268 silly packumentCache full:https://registry.npmjs.org/@babel%2fhelper-globals set size:undefined disposed:false
1269 silly fetch manifest @jridgewell/gen-mapping@^0.3.5
1270 silly packumentCache full:https://registry.npmjs.org/@jridgewell%2fgen-mapping cache-hit
1271 silly fetch manifest @jridgewell/trace-mapping@^0.3.24
1272 silly packumentCache full:https://registry.npmjs.org/@jridgewell%2ftrace-mapping cache-miss
1273 http fetch GET 200 https://registry.npmjs.org/jsesc 189ms (cache miss)
1274 silly packumentCache full:https://registry.npmjs.org/jsesc set size:undefined disposed:false
1275 http fetch GET 200 https://registry.npmjs.org/@babel%2fhelper-validator-option 184ms (cache miss)
1276 silly packumentCache full:https://registry.npmjs.org/@babel%2fhelper-validator-option set size:undefined disposed:false
1277 http fetch GET 200 https://registry.npmjs.org/@babel%2fhelper-string-parser 158ms (cache miss)
1278 silly packumentCache full:https://registry.npmjs.org/@babel%2fhelper-string-parser set size:undefined disposed:false
1279 http fetch GET 200 https://registry.npmjs.org/@babel%2fcompat-data 197ms (cache miss)
1280 silly packumentCache full:https://registry.npmjs.org/@babel%2fcompat-data set size:undefined disposed:false
1281 http fetch GET 200 https://registry.npmjs.org/lru-cache 213ms (cache miss)
1282 silly packumentCache full:https://registry.npmjs.org/lru-cache set size:undefined disposed:false
1283 http fetch GET 200 https://registry.npmjs.org/@jridgewell%2ftrace-mapping 535ms (cache miss)
1284 silly packumentCache full:https://registry.npmjs.org/@jridgewell%2ftrace-mapping set size:undefined disposed:false
1285 http fetch GET 200 https://registry.npmjs.org/@jridgewell%2ftrace-mapping 785ms (cache miss)
1286 silly packumentCache full:https://registry.npmjs.org/@jridgewell%2ftrace-mapping set size:undefined disposed:false
1287 silly placeDep ROOT @jridgewell/gen-mapping@0.3.13 OK for: @babel/generator@7.29.8 want: ^0.3.12
1288 silly placeDep ROOT @jridgewell/trace-mapping@0.3.31 OK for: @babel/generator@7.29.8 want: ^0.3.28
1289 silly placeDep ROOT jsesc@3.1.0 OK for: @babel/generator@7.29.8 want: ^3.0.2
1290 silly fetch manifest @jridgewell/sourcemap-codec@^1.5.0
1291 silly packumentCache full:https://registry.npmjs.org/@jridgewell%2fsourcemap-codec cache-miss
1292 silly fetch manifest @jridgewell/resolve-uri@^3.1.0
1293 silly packumentCache full:https://registry.npmjs.org/@jridgewell%2fresolve-uri cache-miss
1294 silly fetch manifest @jridgewell/sourcemap-codec@^1.4.14
1295 silly packumentCache full:https://registry.npmjs.org/@jridgewell%2fsourcemap-codec cache-miss
1296 http cache https://registry.npmjs.org/@jridgewell%2fsourcemap-codec 37ms (cache hit)
1297 silly packumentCache full:https://registry.npmjs.org/@jridgewell%2fsourcemap-codec set size:65255 disposed:false
1298 http cache https://registry.npmjs.org/@jridgewell%2fsourcemap-codec 44ms (cache hit)
1299 silly packumentCache full:https://registry.npmjs.org/@jridgewell%2fsourcemap-codec set size:65255 disposed:false
1300 silly packumentCache full:https://registry.npmjs.org/@jridgewell%2fsourcemap-codec dispose
1301 http fetch GET 200 https://registry.npmjs.org/@jridgewell%2fresolve-uri 758ms (cache miss)
1302 silly packumentCache full:https://registry.npmjs.org/@jridgewell%2fresolve-uri set size:undefined disposed:false
1303 silly placeDep ROOT @babel/compat-data@7.29.7 OK for: @babel/helper-compilation-targets@7.29.7 want: ^7.29.7
1304 silly placeDep ROOT @babel/helper-validator-option@7.29.7 OK for: @babel/helper-compilation-targets@7.29.7 want: ^7.29.7
1305 silly placeDep ROOT browserslist@4.28.9 OK for: @babel/helper-compilation-targets@7.29.7 want: ^4.24.0
1306 silly placeDep ROOT lru-cache@5.1.1 OK for: @babel/helper-compilation-targets@7.29.7 want: ^5.1.1
1307 silly placeDep node_modules/@babel/helper-compilation-targets semver@6.3.1 OK for: @babel/helper-compilation-targets@7.29.7 want: ^6.3.1
1308 silly fetch manifest caniuse-lite@^1.0.30001810
1309 silly packumentCache full:https://registry.npmjs.org/caniuse-lite cache-miss
1310 silly fetch manifest node-releases@^2.0.54
1311 silly packumentCache full:https://registry.npmjs.org/node-releases cache-miss
1312 silly fetch manifest electron-to-chromium@^1.5.420
1313 silly packumentCache full:https://registry.npmjs.org/electron-to-chromium cache-miss
1314 silly fetch manifest update-browserslist-db@^1.3.2
1315 silly packumentCache full:https://registry.npmjs.org/update-browserslist-db cache-miss
1316 silly fetch manifest baseline-browser-mapping@^2.11.20
1317 silly packumentCache full:https://registry.npmjs.org/baseline-browser-mapping cache-miss
1318 silly fetch manifest yallist@^3.0.2
1319 silly packumentCache full:https://registry.npmjs.org/yallist cache-miss
1320 http fetch GET 200 https://registry.npmjs.org/yallist 72ms (cache miss)
1321 silly packumentCache full:https://registry.npmjs.org/yallist set size:undefined disposed:false
1322 http fetch GET 200 https://registry.npmjs.org/node-releases 203ms (cache miss)
1323 silly packumentCache full:https://registry.npmjs.org/node-releases set size:undefined disposed:false
1324 http fetch GET 200 https://registry.npmjs.org/baseline-browser-mapping 226ms (cache miss)
1325 silly packumentCache full:https://registry.npmjs.org/baseline-browser-mapping set size:undefined disposed:false
1326 http fetch GET 200 https://registry.npmjs.org/update-browserslist-db 619ms (cache miss)
1327 silly packumentCache full:https://registry.npmjs.org/update-browserslist-db set size:undefined disposed:false
1328 http fetch GET 200 https://registry.npmjs.org/electron-to-chromium 729ms (cache miss)
1329 silly packumentCache full:https://registry.npmjs.org/electron-to-chromium set size:undefined disposed:false
1330 http fetch GET 200 https://registry.npmjs.org/caniuse-lite 797ms (cache miss)
1331 silly packumentCache full:https://registry.npmjs.org/caniuse-lite set size:undefined disposed:false
1332 silly placeDep ROOT @babel/helper-module-imports@7.29.7 OK for: @babel/helper-module-transforms@7.29.7 want: ^7.29.7
1333 silly placeDep ROOT @babel/helper-plugin-utils@7.29.7 OK for: @babel/plugin-transform-modules-commonjs@7.29.7 want: ^7.29.7
1334 silly placeDep ROOT @babel/helper-globals@7.29.7 OK for: @babel/traverse@7.29.8 want: ^7.29.7
1335 silly placeDep ROOT @babel/helper-string-parser@7.29.7 OK for: @babel/types@7.29.8 want: ^7.29.7
1336 silly placeDep ROOT cross-spawn@7.0.6 OK for: @expo/spawn-async@1.8.0 want: ^7.0.6
1337 silly fetch manifest which@^2.0.1
1338 silly packumentCache full:https://registry.npmjs.org/which cache-miss
1339 silly fetch manifest path-key@^3.1.0
1340 silly packumentCache full:https://registry.npmjs.org/path-key cache-miss
1341 silly fetch manifest shebang-command@^2.0.0
1342 silly packumentCache full:https://registry.npmjs.org/shebang-command cache-miss
1343 http fetch GET 200 https://registry.npmjs.org/shebang-command 177ms (cache miss)
1344 silly packumentCache full:https://registry.npmjs.org/shebang-command set size:undefined disposed:false
1345 http fetch GET 200 https://registry.npmjs.org/which 180ms (cache miss)
1346 silly packumentCache full:https://registry.npmjs.org/which set size:undefined disposed:false
1347 http fetch GET 200 https://registry.npmjs.org/path-key 185ms (cache miss)
1348 silly packumentCache full:https://registry.npmjs.org/path-key set size:undefined disposed:false
1349 silly placeDep ROOT @jridgewell/sourcemap-codec@1.6.0 OK for: @jridgewell/gen-mapping@0.3.13 want: ^1.5.0
1350 silly placeDep ROOT @jridgewell/resolve-uri@3.1.2 OK for: @jridgewell/trace-mapping@0.3.31 want: ^3.1.0
1351 silly fetch manifest browserslist@>= 4.21.0
1352 silly packumentCache full:https://registry.npmjs.org/browserslist cache-hit
1353 silly placeDep ROOT baseline-browser-mapping@2.11.21 OK for: browserslist@4.28.9 want: ^2.11.20
1354 silly placeDep ROOT caniuse-lite@1.0.30001810 OK for: browserslist@4.28.9 want: ^1.0.30001810
1355 silly placeDep ROOT electron-to-chromium@1.5.423 OK for: browserslist@4.28.9 want: ^1.5.420
1356 silly placeDep ROOT node-releases@2.0.54 OK for: browserslist@4.28.9 want: ^2.0.54
1357 silly placeDep ROOT update-browserslist-db@1.3.2 OK for: browserslist@4.28.9 want: ^1.3.2
1358 silly fetch manifest escalade@^3.2.0
1359 silly packumentCache full:https://registry.npmjs.org/escalade cache-miss
1360 http fetch GET 200 https://registry.npmjs.org/escalade 137ms (cache miss)
1361 silly packumentCache full:https://registry.npmjs.org/escalade set size:undefined disposed:false
1362 silly placeDep ROOT ansi-styles@4.3.0 OK for: chalk@4.1.2 want: ^4.1.0
1363 silly placeDep ROOT supports-color@7.2.0 OK for: chalk@4.1.2 want: ^7.1.0
1364 silly fetch manifest color-convert@^2.0.1
1365 silly packumentCache full:https://registry.npmjs.org/color-convert cache-miss
1366 silly fetch manifest has-flag@^4.0.0
1367 silly packumentCache full:https://registry.npmjs.org/has-flag cache-miss
1368 http fetch GET 200 https://registry.npmjs.org/has-flag 88ms (cache miss)
1369 silly packumentCache full:https://registry.npmjs.org/has-flag set size:undefined disposed:false
1370 http fetch GET 200 https://registry.npmjs.org/color-convert 99ms (cache miss)
1371 silly packumentCache full:https://registry.npmjs.org/color-convert set size:undefined disposed:false
1372 silly placeDep ROOT color-convert@2.0.1 OK for: ansi-styles@4.3.0 want: ^2.0.1
1373 silly fetch manifest color-name@~1.1.4
1374 silly packumentCache full:https://registry.npmjs.org/color-name cache-miss
1375 http fetch GET 200 https://registry.npmjs.org/color-name 412ms (cache miss)
1376 silly packumentCache full:https://registry.npmjs.org/color-name set size:undefined disposed:false
1377 silly placeDep ROOT color-name@1.1.4 OK for: color-convert@2.0.1 want: ~1.1.4
1378 silly placeDep ROOT path-key@3.1.1 OK for: cross-spawn@7.0.6 want: ^3.1.0
1379 silly placeDep ROOT shebang-command@2.0.0 OK for: cross-spawn@7.0.6 want: ^2.0.0
1380 silly placeDep ROOT which@2.0.2 OK for: cross-spawn@7.0.6 want: ^2.0.1
1381 silly fetch manifest shebang-regex@^3.0.0
1382 silly packumentCache full:https://registry.npmjs.org/shebang-regex cache-miss
1383 silly fetch manifest isexe@^2.0.0
1384 silly packumentCache full:https://registry.npmjs.org/isexe cache-miss
1385 http fetch GET 200 https://registry.npmjs.org/isexe 140ms (cache miss)
1386 silly packumentCache full:https://registry.npmjs.org/isexe set size:undefined disposed:false
1387 http fetch GET 200 https://registry.npmjs.org/shebang-regex 146ms (cache miss)
1388 silly packumentCache full:https://registry.npmjs.org/shebang-regex set size:undefined disposed:false
1389 silly placeDep ROOT ms@2.1.3 OK for: debug@4.4.3 want: ^2.1.3
1390 silly placeDep ROOT commander@7.2.0 OK for: expo-modules-autolinking@57.0.12 want: ^7.2.0
1391 silly placeDep ROOT @expo/expo-modules-macros-plugin@0.6.1 OK for: expo-modules-core@57.0.16 want: 0.6.1
1392 silly placeDep ROOT expo-modules-jsi@57.0.8 OK for: expo-modules-core@57.0.16 want: ~57.0.8
1393 silly placeDep ROOT invariant@2.2.4 OK for: expo-modules-core@57.0.16 want: ^2.2.4
1394 silly fetch manifest loose-envify@^1.0.0
1395 silly packumentCache full:https://registry.npmjs.org/loose-envify cache-miss
1396 http fetch GET 200 https://registry.npmjs.org/loose-envify 1360ms (cache miss)
1397 silly packumentCache full:https://registry.npmjs.org/loose-envify set size:undefined disposed:false
1398 silly placeDep ROOT minipass@7.1.3 OK for: glob@13.0.6 want: ^7.1.3
1399 silly placeDep ROOT path-scurry@2.0.2 OK for: glob@13.0.6 want: ^2.0.2
1400 silly fetch manifest lru-cache@^11.0.0
1401 silly packumentCache full:https://registry.npmjs.org/lru-cache cache-miss
1402 http cache https://registry.npmjs.org/lru-cache 18ms (cache hit)
1403 silly packumentCache full:https://registry.npmjs.org/lru-cache set size:460407 disposed:false
1404 silly placeDep ROOT loose-envify@1.4.0 OK for: invariant@2.2.4 want: ^1.0.0
1405 silly placeDep ROOT yallist@3.1.1 OK for: lru-cache@5.1.1 want: ^3.0.2
1406 silly fetch manifest bufferutil@^4.0.1
1407 silly packumentCache full:https://registry.npmjs.org/bufferutil cache-miss
1408 http fetch GET 200 https://registry.npmjs.org/bufferutil 138ms (cache miss)
1409 silly packumentCache full:https://registry.npmjs.org/bufferutil set size:undefined disposed:false
1410 silly fetch manifest utf-8-validate@^5.0.2
1411 silly packumentCache full:https://registry.npmjs.org/utf-8-validate cache-miss
1412 http fetch GET 200 https://registry.npmjs.org/utf-8-validate 100ms (cache miss)
1413 silly packumentCache full:https://registry.npmjs.org/utf-8-validate set size:undefined disposed:false
1414 silly placeDep ROOT accepts@2.0.0 OK for: metro@0.84.5 want: ^2.0.0
1415 silly placeDep ROOT ci-info@2.0.0 OK for: metro@0.84.5 want: ^2.0.0
1416 silly placeDep ROOT connect@3.7.0 OK for: metro@0.84.5 want: ^3.6.5
1417 silly placeDep ROOT error-stack-parser@2.1.4 OK for: metro@0.84.5 want: ^2.0.6
1418 silly placeDep ROOT flow-enums-runtime@0.0.6 OK for: metro@0.84.5 want: ^0.0.6
1419 silly placeDep ROOT graceful-fs@4.2.11 OK for: metro@0.84.5 want: ^4.2.4
1420 silly placeDep ROOT hermes-parser@0.35.0 OK for: metro@0.84.5 want: 0.35.0
1421 silly placeDep ROOT jest-worker@29.7.0 OK for: metro@0.84.5 want: ^29.7.0
1422 silly placeDep ROOT jsc-safe-url@0.2.4 OK for: metro@0.84.5 want: ^0.2.2
1423 silly placeDep ROOT lodash.throttle@4.1.1 OK for: metro@0.84.5 want: ^4.1.1
1424 silly placeDep ROOT mime-types@3.0.2 OK for: metro@0.84.5 want: ^3.0.1
1425 silly placeDep ROOT nullthrows@1.1.1 OK for: metro@0.84.5 want: ^1.1.1
1426 silly placeDep ROOT serialize-error@2.1.0 OK for: metro@0.84.5 want: ^2.1.0
1427 silly placeDep ROOT source-map@0.5.7 OK for: metro@0.84.5 want: ^0.5.6
1428 silly placeDep ROOT throat@5.0.0 OK for: metro@0.84.5 want: ^5.0.0
1429 silly placeDep ROOT ws@7.5.13 OK for: metro@0.84.5 want: ^7.5.10
1430 silly placeDep ROOT yargs@17.7.3 OK for: metro@0.84.5 want: ^17.6.2
1431 silly fetch manifest mime-types@^3.0.0
1432 silly packumentCache full:https://registry.npmjs.org/mime-types cache-miss
1433 silly fetch manifest negotiator@^1.0.0
1434 silly packumentCache full:https://registry.npmjs.org/negotiator cache-miss
1435 silly fetch manifest debug@2.6.9
1436 silly packumentCache full:https://registry.npmjs.org/debug cache-hit
1437 silly fetch manifest finalhandler@1.1.2
1438 silly packumentCache full:https://registry.npmjs.org/finalhandler cache-miss
1439 silly fetch manifest parseurl@~1.3.3
1440 silly packumentCache full:https://registry.npmjs.org/parseurl cache-miss
1441 silly fetch manifest utils-merge@1.0.1
1442 silly packumentCache full:https://registry.npmjs.org/utils-merge cache-miss
1443 silly fetch manifest stackframe@^1.3.4
1444 silly packumentCache full:https://registry.npmjs.org/stackframe cache-miss
1445 silly fetch manifest hermes-estree@0.35.0
1446 silly packumentCache full:https://registry.npmjs.org/hermes-estree cache-miss
1447 http cache https://registry.npmjs.org/mime-types 16ms (cache hit)
1448 silly packumentCache full:https://registry.npmjs.org/mime-types set size:139110 disposed:false
1449 silly fetch manifest jest-util@^29.7.0
1450 silly packumentCache full:https://registry.npmjs.org/jest-util cache-miss
1451 http fetch GET 200 https://registry.npmjs.org/parseurl 121ms (cache miss)
1452 silly packumentCache full:https://registry.npmjs.org/parseurl set size:undefined disposed:false
1453 silly fetch manifest @types/node@*
1454 silly packumentCache full:https://registry.npmjs.org/@types%2fnode cache-miss
1455 http fetch GET 200 https://registry.npmjs.org/finalhandler 170ms (cache miss)
1456 silly packumentCache full:https://registry.npmjs.org/finalhandler set size:undefined disposed:false
1457 silly fetch manifest merge-stream@^2.0.0
1458 silly packumentCache full:https://registry.npmjs.org/merge-stream cache-miss
1459 http fetch GET 200 https://registry.npmjs.org/stackframe 234ms (cache miss)
1460 silly packumentCache full:https://registry.npmjs.org/stackframe set size:undefined disposed:false
1461 silly fetch manifest supports-color@^8.0.0
1462 silly packumentCache full:https://registry.npmjs.org/supports-color cache-miss
1463 http fetch GET 200 https://registry.npmjs.org/negotiator 242ms (cache miss)
1464 silly packumentCache full:https://registry.npmjs.org/negotiator set size:undefined disposed:false
1465 silly fetch manifest mime-db@^1.54.0
1466 silly packumentCache full:https://registry.npmjs.org/mime-db cache-miss
1467 http fetch GET 200 https://registry.npmjs.org/hermes-estree 244ms (cache miss)
1468 silly packumentCache full:https://registry.npmjs.org/hermes-estree set size:undefined disposed:false
1469 silly fetch manifest y18n@^5.0.5
1470 silly packumentCache full:https://registry.npmjs.org/y18n cache-miss
1471 http fetch GET 200 https://registry.npmjs.org/jest-util 247ms (cache miss)
1472 silly packumentCache full:https://registry.npmjs.org/jest-util set size:undefined disposed:false
1473 silly fetch manifest cliui@^8.0.1
1474 silly packumentCache full:https://registry.npmjs.org/cliui cache-miss
1475 http cache https://registry.npmjs.org/supports-color 32ms (cache hit)
1476 silly packumentCache full:https://registry.npmjs.org/supports-color set size:124169 disposed:false
1477 silly fetch manifest escalade@^3.1.1
1478 silly packumentCache full:https://registry.npmjs.org/escalade cache-miss
1479 http cache https://registry.npmjs.org/escalade 7ms (cache hit)
1480 silly packumentCache full:https://registry.npmjs.org/escalade set size:33724 disposed:false
1481 silly fetch manifest string-width@^4.2.3
1482 silly packumentCache full:https://registry.npmjs.org/string-width cache-miss
1483 http fetch GET 200 https://registry.npmjs.org/utils-merge 454ms (cache miss)
1484 silly packumentCache full:https://registry.npmjs.org/utils-merge set size:undefined disposed:false
1485 silly fetch manifest yargs-parser@^21.1.1
1486 silly packumentCache full:https://registry.npmjs.org/yargs-parser cache-miss
1487 http fetch GET 200 https://registry.npmjs.org/y18n 213ms (cache miss)
1488 silly packumentCache full:https://registry.npmjs.org/y18n set size:undefined disposed:false
1489 silly fetch manifest get-caller-file@^2.0.5
1490 silly packumentCache full:https://registry.npmjs.org/get-caller-file cache-miss
1491 http fetch GET 200 https://registry.npmjs.org/mime-db 232ms (cache miss)
1492 silly packumentCache full:https://registry.npmjs.org/mime-db set size:undefined disposed:false
1493 silly fetch manifest require-directory@^2.1.1
1494 silly packumentCache full:https://registry.npmjs.org/require-directory cache-miss
1495 http fetch GET 200 https://registry.npmjs.org/cliui 284ms (cache miss)
1496 silly packumentCache full:https://registry.npmjs.org/cliui set size:undefined disposed:false
1497 http fetch GET 200 https://registry.npmjs.org/merge-stream 389ms (cache miss)
1498 silly packumentCache full:https://registry.npmjs.org/merge-stream set size:undefined disposed:false
1499 http fetch GET 200 https://registry.npmjs.org/require-directory 182ms (cache miss)
1500 silly packumentCache full:https://registry.npmjs.org/require-directory set size:undefined disposed:false
1501 http fetch GET 200 https://registry.npmjs.org/@types%2fnode 575ms (cache miss)
1502 silly packumentCache full:https://registry.npmjs.org/@types%2fnode set size:undefined disposed:false
1503 http fetch GET 200 https://registry.npmjs.org/get-caller-file 463ms (cache miss)
1504 silly packumentCache full:https://registry.npmjs.org/get-caller-file set size:undefined disposed:false
1505 http fetch GET 200 https://registry.npmjs.org/string-width 650ms (cache miss)
1506 silly packumentCache full:https://registry.npmjs.org/string-width set size:undefined disposed:false
1507 http fetch GET 200 https://registry.npmjs.org/yargs-parser 477ms (cache miss)
1508 silly packumentCache full:https://registry.npmjs.org/yargs-parser set size:undefined disposed:false
1509 silly placeDep ROOT negotiator@1.1.0 OK for: accepts@2.0.0 want: ^1.0.0
1510 silly fetch manifest content-type@^2.1.0
1511 silly packumentCache full:https://registry.npmjs.org/content-type cache-miss
1512 http fetch GET 200 https://registry.npmjs.org/content-type 183ms (cache miss)
1513 silly packumentCache full:https://registry.npmjs.org/content-type set size:undefined disposed:false
1514 silly placeDep node_modules/connect debug@2.6.9 OK for: connect@3.7.0 want: 2.6.9
1515 silly placeDep ROOT finalhandler@1.1.2 OK for: connect@3.7.0 want: 1.1.2
1516 silly placeDep ROOT parseurl@1.3.3 OK for: connect@3.7.0 want: ~1.3.3
1517 silly placeDep ROOT utils-merge@1.0.1 OK for: connect@3.7.0 want: 1.0.1
1518 silly fetch manifest ms@2.0.0
1519 silly packumentCache full:https://registry.npmjs.org/ms cache-miss
1520 silly fetch manifest unpipe@~1.0.0
1521 silly packumentCache full:https://registry.npmjs.org/unpipe cache-miss
1522 silly fetch manifest statuses@~1.5.0
1523 silly packumentCache full:https://registry.npmjs.org/statuses cache-miss
1524 silly fetch manifest encodeurl@~1.0.2
1525 silly packumentCache full:https://registry.npmjs.org/encodeurl cache-miss
1526 silly fetch manifest escape-html@~1.0.3
1527 silly packumentCache full:https://registry.npmjs.org/escape-html cache-miss
1528 silly fetch manifest on-finished@~2.3.0
1529 silly packumentCache full:https://registry.npmjs.org/on-finished cache-miss
1530 http cache https://registry.npmjs.org/ms 26ms (cache hit)
1531 silly packumentCache full:https://registry.npmjs.org/ms set size:92208 disposed:false
1532 http fetch GET 200 https://registry.npmjs.org/unpipe 186ms (cache miss)
1533 silly packumentCache full:https://registry.npmjs.org/unpipe set size:undefined disposed:false
1534 http fetch GET 200 https://registry.npmjs.org/on-finished 180ms (cache miss)
1535 silly packumentCache full:https://registry.npmjs.org/on-finished set size:undefined disposed:false
1536 http fetch GET 200 https://registry.npmjs.org/escape-html 185ms (cache miss)
1537 silly packumentCache full:https://registry.npmjs.org/escape-html set size:undefined disposed:false
1538 http fetch GET 200 https://registry.npmjs.org/encodeurl 188ms (cache miss)
1539 silly packumentCache full:https://registry.npmjs.org/encodeurl set size:undefined disposed:false
1540 http fetch GET 200 https://registry.npmjs.org/statuses 192ms (cache miss)
1541 silly packumentCache full:https://registry.npmjs.org/statuses set size:undefined disposed:false
1542 silly placeDep ROOT stackframe@1.3.4 OK for: error-stack-parser@2.1.4 want: ^1.3.4
1543 silly placeDep node_modules/finalhandler debug@2.6.9 OK for: finalhandler@1.1.2 want: 2.6.9
1544 silly placeDep ROOT encodeurl@1.0.2 OK for: finalhandler@1.1.2 want: ~1.0.2
1545 silly placeDep ROOT escape-html@1.0.3 OK for: finalhandler@1.1.2 want: ~1.0.3
1546 silly placeDep ROOT on-finished@2.3.0 OK for: finalhandler@1.1.2 want: ~2.3.0
1547 silly placeDep ROOT statuses@1.5.0 OK for: finalhandler@1.1.2 want: ~1.5.0
1548 silly placeDep ROOT unpipe@1.0.0 OK for: finalhandler@1.1.2 want: ~1.0.0
1549 silly fetch manifest ee-first@1.1.1
1550 silly packumentCache full:https://registry.npmjs.org/ee-first cache-miss
1551 http fetch GET 200 https://registry.npmjs.org/ee-first 449ms (cache miss)
1552 silly packumentCache full:https://registry.npmjs.org/ee-first set size:undefined disposed:false
1553 silly placeDep ROOT hermes-estree@0.35.0 OK for: hermes-parser@0.35.0 want: 0.35.0
1554 silly placeDep ROOT @types/node@26.5.0 OK for: jest-worker@29.7.0 want: *
1555 silly placeDep ROOT jest-util@29.7.0 OK for: jest-worker@29.7.0 want: ^29.7.0
1556 silly placeDep ROOT merge-stream@2.0.0 OK for: jest-worker@29.7.0 want: ^2.0.0
1557 silly placeDep node_modules/jest-worker supports-color@8.1.1 OK for: jest-worker@29.7.0 want: ^8.0.0
1558 silly fetch manifest undici-types@~8.9.0
1559 silly packumentCache full:https://registry.npmjs.org/undici-types cache-miss
1560 silly fetch manifest ci-info@^3.2.0
1561 silly packumentCache full:https://registry.npmjs.org/ci-info cache-hit
1562 silly fetch manifest picomatch@^2.2.3
1563 silly packumentCache full:https://registry.npmjs.org/picomatch cache-miss
1564 silly fetch manifest @jest/types@^29.6.3
1565 silly packumentCache full:https://registry.npmjs.org/@jest%2ftypes cache-miss
1566 http cache https://registry.npmjs.org/picomatch 19ms (cache hit)
1567 silly packumentCache full:https://registry.npmjs.org/picomatch set size:134451 disposed:false
1568 http fetch GET 200 https://registry.npmjs.org/undici-types 111ms (cache miss)
1569 silly packumentCache full:https://registry.npmjs.org/undici-types set size:undefined disposed:false
1570 http fetch GET 200 https://registry.npmjs.org/@jest%2ftypes 290ms (cache miss)
1571 silly packumentCache full:https://registry.npmjs.org/@jest%2ftypes set size:undefined disposed:false
1572 silly placeDep ROOT undici-types@8.9.0 OK for: @types/node@26.5.0 want: ~8.9.0
1573 silly placeDep ROOT @jest/types@29.6.3 OK for: jest-util@29.7.0 want: ^29.6.3
1574 silly placeDep node_modules/jest-util ci-info@3.9.0 OK for: jest-util@29.7.0 want: ^3.2.0
1575 silly placeDep ROOT picomatch@2.3.2 OK for: jest-util@29.7.0 want: ^2.2.3
1576 silly fetch manifest @types/yargs@^17.0.8
1577 silly packumentCache full:https://registry.npmjs.org/@types%2fyargs cache-miss
1578 silly fetch manifest @types/istanbul-reports@^3.0.0
1579 silly packumentCache full:https://registry.npmjs.org/@types%2fistanbul-reports cache-miss
1580 silly fetch manifest @types/istanbul-lib-coverage@^2.0.0
1581 silly packumentCache full:https://registry.npmjs.org/@types%2fistanbul-lib-coverage cache-miss
1582 http fetch GET 200 https://registry.npmjs.org/@types%2fistanbul-reports 93ms (cache miss)
1583 silly packumentCache full:https://registry.npmjs.org/@types%2fistanbul-reports set size:undefined disposed:false
1584 http fetch GET 200 https://registry.npmjs.org/@types%2fistanbul-lib-coverage 96ms (cache miss)
1585 silly packumentCache full:https://registry.npmjs.org/@types%2fistanbul-lib-coverage set size:undefined disposed:false
1586 http fetch GET 200 https://registry.npmjs.org/@types%2fyargs 108ms (cache miss)
1587 silly packumentCache full:https://registry.npmjs.org/@types%2fyargs set size:undefined disposed:false
1588 silly placeDep ROOT @jest/schemas@29.6.3 OK for: @jest/types@29.6.3 want: ^29.6.3
1589 silly placeDep ROOT @types/istanbul-lib-coverage@2.0.6 OK for: @jest/types@29.6.3 want: ^2.0.0
1590 silly placeDep ROOT @types/istanbul-reports@3.0.4 OK for: @jest/types@29.6.3 want: ^3.0.0
1591 silly placeDep ROOT @types/yargs@17.0.35 OK for: @jest/types@29.6.3 want: ^17.0.8
1592 silly fetch manifest @sinclair/typebox@^0.27.8
1593 silly packumentCache full:https://registry.npmjs.org/@sinclair%2ftypebox cache-miss
1594 silly fetch manifest @types/istanbul-lib-report@*
1595 silly packumentCache full:https://registry.npmjs.org/@types%2fistanbul-lib-report cache-miss
1596 silly fetch manifest @types/yargs-parser@*
1597 silly packumentCache full:https://registry.npmjs.org/@types%2fyargs-parser cache-miss
1598 http fetch GET 200 https://registry.npmjs.org/@types%2fyargs-parser 139ms (cache miss)
1599 silly packumentCache full:https://registry.npmjs.org/@types%2fyargs-parser set size:undefined disposed:false
1600 http fetch GET 200 https://registry.npmjs.org/@types%2fistanbul-lib-report 377ms (cache miss)
1601 silly packumentCache full:https://registry.npmjs.org/@types%2fistanbul-lib-report set size:undefined disposed:false
1602 http fetch GET 200 https://registry.npmjs.org/@sinclair%2ftypebox 889ms (cache miss)
1603 silly packumentCache full:https://registry.npmjs.org/@sinclair%2ftypebox set size:undefined disposed:false
1604 silly placeDep ROOT @sinclair/typebox@0.27.12 OK for: @jest/schemas@29.6.3 want: ^0.27.8
1605 silly placeDep ROOT @types/istanbul-lib-report@3.0.3 OK for: @types/istanbul-reports@3.0.4 want: *
1606 silly placeDep ROOT @types/yargs-parser@21.0.3 OK for: @types/yargs@17.0.35 want: *
1607 silly placeDep ROOT exponential-backoff@3.1.3 OK for: metro-cache@0.84.5 want: ^3.1.1
1608 silly placeDep ROOT https-proxy-agent@7.0.6 OK for: metro-cache@0.84.5 want: ^7.0.5
1609 silly fetch manifest agent-base@^7.1.2
1610 silly packumentCache full:https://registry.npmjs.org/agent-base cache-miss
1611 http fetch GET 200 https://registry.npmjs.org/agent-base 120ms (cache miss)
1612 silly packumentCache full:https://registry.npmjs.org/agent-base set size:undefined disposed:false
1613 silly placeDep ROOT agent-base@7.1.4 OK for: https-proxy-agent@7.0.6 want: ^7.1.2
1614 silly placeDep ROOT jest-validate@29.7.0 OK for: metro-config@0.84.5 want: ^29.7.0
1615 silly placeDep ROOT yaml@2.9.0 OK for: metro-config@0.84.5 want: ^2.6.1
1616 silly fetch manifest leven@^3.1.0
1617 silly packumentCache full:https://registry.npmjs.org/leven cache-miss
1618 silly fetch manifest camelcase@^6.2.0
1619 silly packumentCache full:https://registry.npmjs.org/camelcase cache-miss
1620 silly fetch manifest jest-get-type@^29.6.3
1621 silly packumentCache full:https://registry.npmjs.org/jest-get-type cache-miss
1622 http fetch GET 200 https://registry.npmjs.org/leven 96ms (cache miss)
1623 silly packumentCache full:https://registry.npmjs.org/leven set size:undefined disposed:false
1624 http fetch GET 200 https://registry.npmjs.org/jest-get-type 107ms (cache miss)
1625 silly packumentCache full:https://registry.npmjs.org/jest-get-type set size:undefined disposed:false
1626 http fetch GET 200 https://registry.npmjs.org/camelcase 122ms (cache miss)
1627 silly packumentCache full:https://registry.npmjs.org/camelcase set size:undefined disposed:false
1628 silly placeDep ROOT camelcase@6.3.0 OK for: jest-validate@29.7.0 want: ^6.2.0
1629 silly placeDep ROOT jest-get-type@29.6.3 OK for: jest-validate@29.7.0 want: ^29.6.3
1630 silly placeDep ROOT leven@3.1.0 OK for: jest-validate@29.7.0 want: ^3.1.0
1631 silly placeDep ROOT fb-watchman@2.0.2 OK for: metro-file-map@0.84.5 want: ^2.0.0
1632 silly placeDep ROOT micromatch@4.0.8 OK for: metro-file-map@0.84.5 want: ^4.0.4
1633 silly placeDep ROOT walker@1.0.8 OK for: metro-file-map@0.84.5 want: ^1.0.7
1634 silly fetch manifest bser@2.1.1
1635 silly packumentCache full:https://registry.npmjs.org/bser cache-miss
1636 silly fetch manifest braces@^3.0.3
1637 silly packumentCache full:https://registry.npmjs.org/braces cache-miss
1638 silly fetch manifest makeerror@1.0.12
1639 silly packumentCache full:https://registry.npmjs.org/makeerror cache-miss
1640 http fetch GET 200 https://registry.npmjs.org/braces 137ms (cache miss)
1641 silly packumentCache full:https://registry.npmjs.org/braces set size:undefined disposed:false
1642 http fetch GET 200 https://registry.npmjs.org/bser 413ms (cache miss)
1643 silly packumentCache full:https://registry.npmjs.org/bser set size:undefined disposed:false
1644 http fetch GET 200 https://registry.npmjs.org/makeerror 456ms (cache miss)
1645 silly packumentCache full:https://registry.npmjs.org/makeerror set size:undefined disposed:false
1646 silly placeDep ROOT bser@2.1.1 OK for: fb-watchman@2.0.2 want: 2.1.1
1647 silly fetch manifest node-int64@^0.4.0
1648 silly packumentCache full:https://registry.npmjs.org/node-int64 cache-miss
1649 http fetch GET 200 https://registry.npmjs.org/node-int64 165ms (cache miss)
1650 silly packumentCache full:https://registry.npmjs.org/node-int64 set size:undefined disposed:false
1651 silly placeDep ROOT node-int64@0.4.0 OK for: bser@2.1.1 want: ^0.4.0
1652 silly placeDep ROOT terser@5.51.2 OK for: metro-minify-terser@0.84.5 want: ^5.15.0
1653 silly fetch manifest acorn@^8.15.0
1654 silly packumentCache full:https://registry.npmjs.org/acorn cache-miss
1655 silly fetch manifest commander@^2.20.0
1656 silly packumentCache full:https://registry.npmjs.org/commander cache-hit
1657 silly fetch manifest source-map-support@~0.5.20
1658 silly packumentCache full:https://registry.npmjs.org/source-map-support cache-miss
1659 silly fetch manifest @jridgewell/source-map@^0.3.3
1660 silly packumentCache full:https://registry.npmjs.org/@jridgewell%2fsource-map cache-miss
1661 http fetch GET 200 https://registry.npmjs.org/source-map-support 174ms (cache miss)
1662 silly packumentCache full:https://registry.npmjs.org/source-map-support set size:undefined disposed:false
1663 http fetch GET 200 https://registry.npmjs.org/@jridgewell%2fsource-map 201ms (cache miss)
1664 silly packumentCache full:https://registry.npmjs.org/@jridgewell%2fsource-map set size:undefined disposed:false
1665 http fetch GET 200 https://registry.npmjs.org/acorn 216ms (cache miss)
1666 silly packumentCache full:https://registry.npmjs.org/acorn set size:undefined disposed:false
1667 silly placeDep ROOT ob1@0.84.5 OK for: metro-source-map@0.84.5 want: 0.84.5
1668 silly placeDep ROOT vlq@1.0.1 OK for: metro-source-map@0.84.5 want: ^1.0.0
1669 silly placeDep ROOT braces@3.0.3 OK for: micromatch@4.0.8 want: ^3.0.3
1670 silly fetch manifest fill-range@^7.1.1
1671 silly packumentCache full:https://registry.npmjs.org/fill-range cache-miss
1672 http fetch GET 200 https://registry.npmjs.org/fill-range 134ms (cache miss)
1673 silly packumentCache full:https://registry.npmjs.org/fill-range set size:undefined disposed:false
1674 silly placeDep ROOT fill-range@7.1.1 OK for: braces@3.0.3 want: ^7.1.1
1675 silly fetch manifest to-regex-range@^5.0.1
1676 silly packumentCache full:https://registry.npmjs.org/to-regex-range cache-miss
1677 http fetch GET 200 https://registry.npmjs.org/to-regex-range 103ms (cache miss)
1678 silly packumentCache full:https://registry.npmjs.org/to-regex-range set size:undefined disposed:false
1679 silly placeDep ROOT to-regex-range@5.0.1 OK for: fill-range@7.1.1 want: ^5.0.1
1680 silly fetch manifest is-number@^7.0.0
1681 silly packumentCache full:https://registry.npmjs.org/is-number cache-miss
1682 http fetch GET 200 https://registry.npmjs.org/is-number 169ms (cache miss)
1683 silly packumentCache full:https://registry.npmjs.org/is-number set size:undefined disposed:false
1684 silly placeDep ROOT mime-db@1.54.0 OK for: mime-types@3.0.2 want: ^1.54.0
1685 silly placeDep ROOT brace-expansion@5.0.9 OK for: minimatch@10.2.6 want: ^5.0.8
1686 silly fetch manifest balanced-match@^4.0.2
1687 silly packumentCache full:https://registry.npmjs.org/balanced-match cache-miss
1688 http fetch GET 200 https://registry.npmjs.org/balanced-match 91ms (cache miss)
1689 silly packumentCache full:https://registry.npmjs.org/balanced-match set size:undefined disposed:false
1690 silly placeDep ROOT balanced-match@4.0.4 OK for: brace-expansion@5.0.9 want: ^4.0.2
1691 silly placeDep ROOT content-type@2.1.0 OK for: negotiator@1.1.0 want: ^2.1.0
1692 silly placeDep ROOT ee-first@1.1.1 OK for: on-finished@2.3.0 want: 1.1.1
1693 silly placeDep node_modules/path-scurry lru-cache@11.5.2 OK for: path-scurry@2.0.2 want: ^11.0.0
1694 silly placeDep node_modules/pretty-format ansi-styles@5.2.0 OK for: pretty-format@29.7.0 want: ^5.0.0
1695 silly placeDep ROOT react-is@18.3.1 OK for: pretty-format@29.7.0 want: ^18.0.0
1696 silly fetch manifest react@^19.2.3
1697 silly packumentCache full:https://registry.npmjs.org/react cache-miss
1698 http cache https://registry.npmjs.org/react 24ms (cache hit)
1699 silly packumentCache full:https://registry.npmjs.org/react set size:6956072 disposed:false
1700 silly fetch manifest @react-native-community/cli@*
1701 silly packumentCache full:https://registry.npmjs.org/@react-native-community%2fcli cache-miss
1702 http fetch GET 200 https://registry.npmjs.org/@react-native-community%2fcli 618ms (cache miss)
1703 silly packumentCache full:https://registry.npmjs.org/@react-native-community%2fcli set size:undefined disposed:false
1704 silly fetch manifest @react-native/metro-config@0.86.3
1705 silly packumentCache full:https://registry.npmjs.org/@react-native%2fmetro-config cache-miss
1706 http cache https://registry.npmjs.org/@react-native%2fmetro-config 29ms (cache hit)
1707 silly packumentCache full:https://registry.npmjs.org/@react-native%2fmetro-config set size:2434149 disposed:false
1708 silly placeDep ROOT @react-native/assets-registry@0.86.3 OK for: react-native@0.86.3 want: 0.86.3
1709 silly placeDep ROOT @react-native/codegen@0.86.3 OK for: react-native@0.86.3 want: 0.86.3
1710 silly placeDep ROOT @react-native/community-cli-plugin@0.86.3 OK for: react-native@0.86.3 want: 0.86.3
1711 silly placeDep ROOT @react-native/gradle-plugin@0.86.3 OK for: react-native@0.86.3 want: 0.86.3
1712 silly placeDep ROOT @react-native/js-polyfills@0.86.3 OK for: react-native@0.86.3 want: 0.86.3
1713 silly placeDep ROOT @react-native/normalize-colors@0.86.3 OK for: react-native@0.86.3 want: 0.86.3
1714 silly placeDep ROOT @react-native/virtualized-lists@0.86.3 OK for: react-native@0.86.3 want: 0.86.3
1715 silly placeDep ROOT abort-controller@3.0.0 OK for: react-native@0.86.3 want: ^3.0.0
1716 silly placeDep ROOT anser@1.4.10 OK for: react-native@0.86.3 want: ^1.4.9
1717 silly placeDep ROOT ansi-regex@5.0.1 OK for: react-native@0.86.3 want: ^5.0.0
1718 silly placeDep ROOT babel-plugin-syntax-hermes-parser@0.36.0 OK for: react-native@0.86.3 want: 0.36.0
1719 silly placeDep node_modules/react-native commander@12.1.0 OK for: react-native@0.86.3 want: ^12.0.0
1720 silly placeDep ROOT hermes-compiler@250829098.0.17 OK for: react-native@0.86.3 want: 250829098.0.17
1721 silly placeDep ROOT memoize-one@5.2.1 OK for: react-native@0.86.3 want: ^5.0.0
1722 silly placeDep ROOT promise@8.3.0 OK for: react-native@0.86.3 want: ^8.3.0
1723 silly placeDep ROOT react-devtools-core@6.1.5 OK for: react-native@0.86.3 want: ^6.1.5
1724 silly placeDep ROOT regenerator-runtime@0.13.11 OK for: react-native@0.86.3 want: ^0.13.2
1725 silly placeDep ROOT scheduler@0.27.0 OK for: react-native@0.86.3 want: 0.27.0
1726 silly placeDep ROOT stacktrace-parser@0.1.11 OK for: react-native@0.86.3 want: ^0.1.10
1727 silly placeDep ROOT tinyglobby@0.2.17 OK for: react-native@0.86.3 want: ^0.2.15
1728 silly placeDep ROOT whatwg-fetch@3.6.20 OK for: react-native@0.86.3 want: ^3.0.0
1729 silly fetch manifest hermes-parser@0.36.0
1730 silly packumentCache full:https://registry.npmjs.org/hermes-parser cache-hit
1731 silly fetch manifest event-target-shim@^5.0.0
1732 silly packumentCache full:https://registry.npmjs.org/event-target-shim cache-miss
1733 silly fetch manifest hermes-parser@0.36.0
1734 silly packumentCache full:https://registry.npmjs.org/hermes-parser cache-hit
1735 silly fetch manifest asap@~2.0.6
1736 silly packumentCache full:https://registry.npmjs.org/asap cache-miss
1737 silly fetch manifest shell-quote@^1.6.1
1738 silly packumentCache full:https://registry.npmjs.org/shell-quote cache-miss
1739 silly fetch manifest type-fest@^0.7.1
1740 silly packumentCache full:https://registry.npmjs.org/type-fest cache-miss
1741 silly fetch manifest fdir@^6.5.0
1742 silly packumentCache full:https://registry.npmjs.org/fdir cache-miss
1743 http fetch GET 200 https://registry.npmjs.org/asap 137ms (cache miss)
1744 silly packumentCache full:https://registry.npmjs.org/asap set size:undefined disposed:false
1745 http fetch GET 200 https://registry.npmjs.org/event-target-shim 160ms (cache miss)
1746 silly packumentCache full:https://registry.npmjs.org/event-target-shim set size:undefined disposed:false
1747 http fetch GET 200 https://registry.npmjs.org/shell-quote 165ms (cache miss)
1748 silly packumentCache full:https://registry.npmjs.org/shell-quote set size:undefined disposed:false
1749 http fetch GET 200 https://registry.npmjs.org/fdir 170ms (cache miss)
1750 silly packumentCache full:https://registry.npmjs.org/fdir set size:undefined disposed:false
1751 http fetch GET 200 https://registry.npmjs.org/type-fest 253ms (cache miss)
1752 silly packumentCache full:https://registry.npmjs.org/type-fest set size:undefined disposed:false
1753 silly placeDep node_modules/@react-native/codegen hermes-parser@0.36.0 OK for: @react-native/codegen@0.86.3 want: 0.36.0
1754 silly fetch manifest hermes-estree@0.36.0
1755 silly packumentCache full:https://registry.npmjs.org/hermes-estree cache-miss
1756 http cache https://registry.npmjs.org/hermes-estree 16ms (cache hit)
1757 silly packumentCache full:https://registry.npmjs.org/hermes-estree set size:132569 disposed:false
1758 silly placeDep ROOT @react-native/dev-middleware@0.86.3 OK for: @react-native/community-cli-plugin@0.86.3 want: 0.86.3
1759 silly fetch manifest open@^7.0.3
1760 silly packumentCache full:https://registry.npmjs.org/open cache-miss
1761 silly fetch manifest serve-static@^1.16.2
1762 silly packumentCache full:https://registry.npmjs.org/serve-static cache-miss
1763 silly fetch manifest chrome-launcher@^0.15.2
1764 silly packumentCache full:https://registry.npmjs.org/chrome-launcher cache-miss
1765 silly fetch manifest @isaacs/ttlcache@^1.4.1
1766 silly packumentCache full:https://registry.npmjs.org/@isaacs%2fttlcache cache-miss
1767 silly fetch manifest chromium-edge-launcher@^0.3.0
1768 silly packumentCache full:https://registry.npmjs.org/chromium-edge-launcher cache-miss
1769 silly fetch manifest @react-native/debugger-shell@0.86.3
1770 silly packumentCache full:https://registry.npmjs.org/@react-native%2fdebugger-shell cache-miss
1771 silly fetch manifest @react-native/debugger-frontend@0.86.3
1772 silly packumentCache full:https://registry.npmjs.org/@react-native%2fdebugger-frontend cache-miss
1773 http fetch GET 200 https://registry.npmjs.org/serve-static 125ms (cache miss)
1774 silly packumentCache full:https://registry.npmjs.org/serve-static set size:undefined disposed:false
1775 http fetch GET 200 https://registry.npmjs.org/open 139ms (cache miss)
1776 silly packumentCache full:https://registry.npmjs.org/open set size:undefined disposed:false
1777 http fetch GET 200 https://registry.npmjs.org/chrome-launcher 508ms (cache miss)
1778 silly packumentCache full:https://registry.npmjs.org/chrome-launcher set size:undefined disposed:false
1779 http fetch GET 200 https://registry.npmjs.org/chromium-edge-launcher 528ms (cache miss)
1780 silly packumentCache full:https://registry.npmjs.org/chromium-edge-launcher set size:undefined disposed:false
1781 http fetch GET 200 https://registry.npmjs.org/@isaacs%2fttlcache 549ms (cache miss)
1782 silly packumentCache full:https://registry.npmjs.org/@isaacs%2fttlcache set size:undefined disposed:false
1783 http fetch GET 200 https://registry.npmjs.org/@react-native%2fdebugger-frontend 923ms (cache miss)
1784 silly packumentCache full:https://registry.npmjs.org/@react-native%2fdebugger-frontend set size:undefined disposed:false
1785 http fetch GET 200 https://registry.npmjs.org/@react-native%2fdebugger-shell 1029ms (cache miss)
1786 silly packumentCache full:https://registry.npmjs.org/@react-native%2fdebugger-shell set size:undefined disposed:false
1787 silly placeDep ROOT @isaacs/ttlcache@1.4.1 OK for: @react-native/dev-middleware@0.86.3 want: ^1.4.1
1788 silly placeDep ROOT @react-native/debugger-frontend@0.86.3 OK for: @react-native/dev-middleware@0.86.3 want: 0.86.3
1789 silly placeDep ROOT @react-native/debugger-shell@0.86.3 OK for: @react-native/dev-middleware@0.86.3 want: 0.86.3
1790 silly placeDep ROOT chrome-launcher@0.15.2 OK for: @react-native/dev-middleware@0.86.3 want: ^0.15.2
1791 silly placeDep ROOT chromium-edge-launcher@0.3.0 OK for: @react-native/dev-middleware@0.86.3 want: ^0.3.0
1792 silly placeDep ROOT open@7.4.2 OK for: @react-native/dev-middleware@0.86.3 want: ^7.0.3
1793 silly placeDep ROOT serve-static@1.16.3 OK for: @react-native/dev-middleware@0.86.3 want: ^1.16.2
1794 silly fetch manifest fb-dotslash@0.5.8
1795 silly packumentCache full:https://registry.npmjs.org/fb-dotslash cache-miss
1796 silly fetch manifest is-wsl@^2.2.0
1797 silly packumentCache full:https://registry.npmjs.org/is-wsl cache-miss
1798 silly fetch manifest lighthouse-logger@^1.0.0
1799 silly packumentCache full:https://registry.npmjs.org/lighthouse-logger cache-miss
1800 silly fetch manifest escape-string-regexp@^4.0.0
1801 silly packumentCache full:https://registry.npmjs.org/escape-string-regexp cache-miss
1802 silly fetch manifest is-wsl@^2.2.0
1803 silly packumentCache full:https://registry.npmjs.org/is-wsl cache-miss
1804 silly fetch manifest mkdirp@^1.0.4
1805 silly packumentCache full:https://registry.npmjs.org/mkdirp cache-miss
1806 silly fetch manifest lighthouse-logger@^1.0.0
1807 silly packumentCache full:https://registry.npmjs.org/lighthouse-logger cache-miss
1808 http fetch GET 200 https://registry.npmjs.org/escape-string-regexp 132ms (cache miss)
1809 silly packumentCache full:https://registry.npmjs.org/escape-string-regexp set size:undefined disposed:false
1810 silly fetch manifest is-wsl@^2.1.1
1811 silly packumentCache full:https://registry.npmjs.org/is-wsl cache-miss
1812 http fetch GET 200 https://registry.npmjs.org/mkdirp 142ms (cache miss)
1813 silly packumentCache full:https://registry.npmjs.org/mkdirp set size:undefined disposed:false
1814 silly fetch manifest is-docker@^2.0.0
1815 silly packumentCache full:https://registry.npmjs.org/is-docker cache-miss
1816 http fetch GET 200 https://registry.npmjs.org/is-docker 79ms (cache miss)
1817 silly packumentCache full:https://registry.npmjs.org/is-docker set size:undefined disposed:false
1818 silly fetch manifest send@~0.19.1
1819 silly packumentCache full:https://registry.npmjs.org/send cache-miss
1820 http cache https://registry.npmjs.org/send 17ms (cache hit)
1821 silly packumentCache full:https://registry.npmjs.org/send set size:152810 disposed:false
1822 silly fetch manifest encodeurl@~2.0.0
1823 silly packumentCache full:https://registry.npmjs.org/encodeurl cache-miss
1824 http cache https://registry.npmjs.org/encodeurl 14ms (cache hit)
1825 silly packumentCache full:https://registry.npmjs.org/encodeurl set size:12296 disposed:false
1826 http fetch GET 200 https://registry.npmjs.org/lighthouse-logger 370ms (cache miss)
1827 silly packumentCache full:https://registry.npmjs.org/lighthouse-logger set size:undefined disposed:false
1828 http fetch GET 200 https://registry.npmjs.org/lighthouse-logger 438ms (cache miss)
1829 silly packumentCache full:https://registry.npmjs.org/lighthouse-logger set size:undefined disposed:false
1830 http fetch GET 200 https://registry.npmjs.org/is-wsl 308ms (cache miss)
1831 silly packumentCache full:https://registry.npmjs.org/is-wsl set size:undefined disposed:false
1832 http fetch GET 200 https://registry.npmjs.org/fb-dotslash 449ms (cache miss)
1833 silly packumentCache full:https://registry.npmjs.org/fb-dotslash set size:undefined disposed:false
1834 http fetch GET 200 https://registry.npmjs.org/is-wsl 451ms (cache miss)
1835 silly packumentCache full:https://registry.npmjs.org/is-wsl set size:undefined disposed:false
1836 http fetch GET 200 https://registry.npmjs.org/is-wsl 1017ms (cache miss)
1837 silly packumentCache full:https://registry.npmjs.org/is-wsl set size:undefined disposed:false
1838 silly placeDep ROOT fb-dotslash@0.5.8 OK for: @react-native/debugger-shell@0.86.3 want: 0.5.8
1839 silly placeDep ROOT event-target-shim@5.0.1 OK for: abort-controller@3.0.0 want: ^5.0.0
1840 silly placeDep node_modules/babel-plugin-syntax-hermes-parser hermes-parser@0.36.0 OK for: babel-plugin-syntax-hermes-parser@0.36.0 want: 0.36.0
1841 silly placeDep ROOT escape-string-regexp@4.0.0 OK for: chrome-launcher@0.15.2 want: ^4.0.0
1842 silly placeDep ROOT is-wsl@2.2.0 OK for: chrome-launcher@0.15.2 want: ^2.2.0
1843 silly placeDep ROOT lighthouse-logger@1.4.2 OK for: chrome-launcher@0.15.2 want: ^1.0.0
1844 silly fetch manifest debug@^2.6.9
1845 silly packumentCache full:https://registry.npmjs.org/debug cache-hit
1846 silly fetch manifest marky@^1.2.2
1847 silly packumentCache full:https://registry.npmjs.org/marky cache-miss
1848 http fetch GET 200 https://registry.npmjs.org/marky 77ms (cache miss)
1849 silly packumentCache full:https://registry.npmjs.org/marky set size:undefined disposed:false
1850 silly placeDep ROOT mkdirp@1.0.4 OK for: chromium-edge-launcher@0.3.0 want: ^1.0.4
1851 silly placeDep ROOT is-docker@2.2.1 OK for: is-wsl@2.2.0 want: ^2.0.0
1852 silly placeDep node_modules/lighthouse-logger debug@2.6.9 OK for: lighthouse-logger@1.4.2 want: ^2.6.9
1853 silly placeDep ROOT marky@1.3.0 OK for: lighthouse-logger@1.4.2 want: ^1.2.2
1854 silly placeDep ROOT asap@2.0.6 OK for: promise@8.3.0 want: ~2.0.6
1855 silly placeDep ROOT shell-quote@1.10.0 OK for: react-devtools-core@6.1.5 want: ^1.6.1
1856 silly placeDep node_modules/serve-static encodeurl@2.0.0 OK for: serve-static@1.16.3 want: ~2.0.0
1857 silly placeDep ROOT send@0.19.2 OK for: serve-static@1.16.3 want: ~0.19.1
1858 silly fetch manifest depd@2.0.0
1859 silly packumentCache full:https://registry.npmjs.org/depd cache-miss
1860 silly fetch manifest etag@~1.8.1
1861 silly packumentCache full:https://registry.npmjs.org/etag cache-miss
1862 silly fetch manifest mime@1.6.0
1863 silly packumentCache full:https://registry.npmjs.org/mime cache-miss
1864 silly fetch manifest fresh@~0.5.2
1865 silly packumentCache full:https://registry.npmjs.org/fresh cache-miss
1866 silly fetch manifest destroy@1.2.0
1867 silly packumentCache full:https://registry.npmjs.org/destroy cache-miss
1868 silly fetch manifest statuses@~2.0.2
1869 silly packumentCache full:https://registry.npmjs.org/statuses cache-miss
1870 silly fetch manifest http-errors@~2.0.1
1871 silly packumentCache full:https://registry.npmjs.org/http-errors cache-miss
1872 http cache https://registry.npmjs.org/statuses 18ms (cache hit)
1873 silly packumentCache full:https://registry.npmjs.org/statuses set size:37117 disposed:false
1874 silly fetch manifest on-finished@~2.4.1
1875 silly packumentCache full:https://registry.npmjs.org/on-finished cache-miss
1876 http cache https://registry.npmjs.org/on-finished 6ms (cache hit)
1877 silly packumentCache full:https://registry.npmjs.org/on-finished set size:23212 disposed:false
1878 silly fetch manifest range-parser@~1.2.1
1879 silly packumentCache full:https://registry.npmjs.org/range-parser cache-miss
1880 http fetch GET 200 https://registry.npmjs.org/fresh 105ms (cache miss)
1881 silly packumentCache full:https://registry.npmjs.org/fresh set size:undefined disposed:false
1882 http fetch GET 200 https://registry.npmjs.org/destroy 180ms (cache miss)
1883 silly packumentCache full:https://registry.npmjs.org/destroy set size:undefined disposed:false
1884 http fetch GET 200 https://registry.npmjs.org/etag 183ms (cache miss)
1885 silly packumentCache full:https://registry.npmjs.org/etag set size:undefined disposed:false
1886 http fetch GET 200 https://registry.npmjs.org/range-parser 155ms (cache miss)
1887 silly packumentCache full:https://registry.npmjs.org/range-parser set size:undefined disposed:false
1888 http fetch GET 200 https://registry.npmjs.org/depd 186ms (cache miss)
1889 silly packumentCache full:https://registry.npmjs.org/depd set size:undefined disposed:false
1890 http fetch GET 200 https://registry.npmjs.org/mime 396ms (cache miss)
1891 silly packumentCache full:https://registry.npmjs.org/mime set size:undefined disposed:false
1892 http fetch GET 200 https://registry.npmjs.org/http-errors 704ms (cache miss)
1893 silly packumentCache full:https://registry.npmjs.org/http-errors set size:undefined disposed:false
1894 silly placeDep node_modules/send debug@2.6.9 OK for: send@0.19.2 want: 2.6.9
1895 silly placeDep ROOT depd@2.0.0 OK for: send@0.19.2 want: 2.0.0
1896 silly placeDep ROOT destroy@1.2.0 OK for: send@0.19.2 want: 1.2.0
1897 silly placeDep node_modules/send encodeurl@2.0.0 OK for: send@0.19.2 want: ~2.0.0
1898 silly placeDep ROOT etag@1.8.1 OK for: send@0.19.2 want: ~1.8.1
1899 silly placeDep ROOT fresh@0.5.2 OK for: send@0.19.2 want: ~0.5.2
1900 silly placeDep ROOT http-errors@2.0.1 OK for: send@0.19.2 want: ~2.0.1
1901 silly placeDep ROOT mime@1.6.0 OK for: send@0.19.2 want: 1.6.0
1902 silly placeDep node_modules/send on-finished@2.4.1 OK for: send@0.19.2 want: ~2.4.1
1903 silly placeDep ROOT range-parser@1.2.1 OK for: send@0.19.2 want: ~1.2.1
1904 silly placeDep node_modules/send statuses@2.0.2 OK for: send@0.19.2 want: ~2.0.2
1905 silly fetch manifest inherits@~2.0.4
1906 silly packumentCache full:https://registry.npmjs.org/inherits cache-miss
1907 silly fetch manifest setprototypeof@~1.2.0
1908 silly packumentCache full:https://registry.npmjs.org/setprototypeof cache-miss
1909 silly fetch manifest toidentifier@~1.0.1
1910 silly packumentCache full:https://registry.npmjs.org/toidentifier cache-miss
1911 http fetch GET 200 https://registry.npmjs.org/inherits 153ms (cache miss)
1912 silly packumentCache full:https://registry.npmjs.org/inherits set size:undefined disposed:false
1913 http fetch GET 200 https://registry.npmjs.org/toidentifier 154ms (cache miss)
1914 silly packumentCache full:https://registry.npmjs.org/toidentifier set size:undefined disposed:false
1915 http fetch GET 200 https://registry.npmjs.org/setprototypeof 440ms (cache miss)
1916 silly packumentCache full:https://registry.npmjs.org/setprototypeof set size:undefined disposed:false
1917 silly placeDep ROOT inherits@2.0.4 OK for: http-errors@2.0.1 want: ~2.0.4
1918 silly placeDep ROOT setprototypeof@1.2.0 OK for: http-errors@2.0.1 want: ~1.2.0
1919 silly placeDep node_modules/http-errors statuses@2.0.2 OK for: http-errors@2.0.1 want: ~2.0.2
1920 silly placeDep ROOT toidentifier@1.0.1 OK for: http-errors@2.0.1 want: ~1.0.1
1921 silly placeDep ROOT shebang-regex@3.0.0 OK for: shebang-command@2.0.0 want: ^3.0.0
1922 silly placeDep ROOT type-fest@0.7.1 OK for: stacktrace-parser@0.1.11 want: ^0.7.1
1923 silly placeDep ROOT has-flag@4.0.0 OK for: supports-color@7.2.0 want: ^4.0.0
1924 silly placeDep ROOT @jridgewell/source-map@0.3.11 OK for: terser@5.51.2 want: ^0.3.3
1925 silly placeDep ROOT acorn@8.18.0 OK for: terser@5.51.2 want: ^8.15.0
1926 silly placeDep node_modules/terser commander@2.20.3 OK for: terser@5.51.2 want: ^2.20.0
1927 silly placeDep ROOT source-map-support@0.5.21 OK for: terser@5.51.2 want: ~0.5.20
1928 silly fetch manifest buffer-from@^1.0.0
1929 silly packumentCache full:https://registry.npmjs.org/buffer-from cache-miss
1930 silly fetch manifest source-map@^0.6.0
1931 silly packumentCache full:https://registry.npmjs.org/source-map cache-miss
1932 http cache https://registry.npmjs.org/source-map 7ms (cache hit)
1933 silly packumentCache full:https://registry.npmjs.org/source-map set size:231637 disposed:false
1934 http fetch GET 200 https://registry.npmjs.org/buffer-from 78ms (cache miss)
1935 silly packumentCache full:https://registry.npmjs.org/buffer-from set size:undefined disposed:false
1936 silly placeDep ROOT buffer-from@1.1.2 OK for: source-map-support@0.5.21 want: ^1.0.0
1937 silly placeDep node_modules/source-map-support source-map@0.6.1 OK for: source-map-support@0.5.21 want: ^0.6.0
1938 silly placeDep node_modules/tinyglobby fdir@6.5.0 OK for: tinyglobby@0.2.17 want: ^6.5.0
1939 silly placeDep node_modules/tinyglobby picomatch@4.0.7 OK for: fdir@6.5.0 want: ^3 || ^4
1940 silly placeDep ROOT is-number@7.0.0 OK for: to-regex-range@5.0.1 want: ^7.0.0
1941 silly placeDep ROOT escalade@3.2.0 OK for: update-browserslist-db@1.3.2 want: ^3.2.0
1942 silly placeDep ROOT makeerror@1.0.12 OK for: walker@1.0.8 want: 1.0.12
1943 silly fetch manifest tmpl@1.0.5
1944 silly packumentCache full:https://registry.npmjs.org/tmpl cache-miss
1945 http fetch GET 200 https://registry.npmjs.org/tmpl 163ms (cache miss)
1946 silly packumentCache full:https://registry.npmjs.org/tmpl set size:undefined disposed:false
1947 silly placeDep ROOT tmpl@1.0.5 OK for: makeerror@1.0.12 want: 1.0.5
1948 silly placeDep ROOT isexe@2.0.0 OK for: which@2.0.2 want: ^2.0.0
1949 silly placeDep ROOT simple-plist@1.3.1 OK for: xcode@3.0.1 want: ^1.1.0
1950 silly placeDep ROOT uuid@7.0.3 OK for: xcode@3.0.1 want: ^7.0.3
1951 silly fetch manifest bplist-parser@0.3.1
1952 silly packumentCache full:https://registry.npmjs.org/bplist-parser cache-miss
1953 silly fetch manifest plist@^3.0.5
1954 silly packumentCache full:https://registry.npmjs.org/plist cache-miss
1955 http cache https://registry.npmjs.org/bplist-parser 15ms (cache hit)
1956 silly packumentCache full:https://registry.npmjs.org/bplist-parser set size:25466 disposed:false
1957 http fetch GET 200 https://registry.npmjs.org/plist 400ms (cache miss)
1958 silly packumentCache full:https://registry.npmjs.org/plist set size:undefined disposed:false
1959 silly placeDep ROOT bplist-creator@0.1.0 OK for: simple-plist@1.3.1 want: 0.1.0
1960 silly placeDep ROOT bplist-parser@0.3.1 OK for: simple-plist@1.3.1 want: 0.3.1
1961 silly placeDep ROOT plist@3.1.1 OK for: simple-plist@1.3.1 want: ^3.0.5
1962 silly fetch manifest stream-buffers@2.2.x
1963 silly packumentCache full:https://registry.npmjs.org/stream-buffers cache-miss
1964 silly fetch manifest big-integer@1.6.x
1965 silly packumentCache full:https://registry.npmjs.org/big-integer cache-miss
1966 silly fetch manifest @xmldom/xmldom@^0.9.10
1967 silly packumentCache full:https://registry.npmjs.org/@xmldom%2fxmldom cache-miss
1968 http cache https://registry.npmjs.org/@xmldom%2fxmldom 19ms (cache hit)
1969 silly packumentCache full:https://registry.npmjs.org/@xmldom%2fxmldom set size:178126 disposed:false
1970 http fetch GET 200 https://registry.npmjs.org/big-integer 87ms (cache miss)
1971 silly packumentCache full:https://registry.npmjs.org/big-integer set size:undefined disposed:false
1972 http fetch GET 200 https://registry.npmjs.org/stream-buffers 608ms (cache miss)
1973 silly packumentCache full:https://registry.npmjs.org/stream-buffers set size:undefined disposed:false
1974 silly placeDep ROOT stream-buffers@2.2.0 OK for: bplist-creator@0.1.0 want: 2.2.x
1975 silly placeDep ROOT big-integer@1.6.52 OK for: bplist-parser@0.3.1 want: 1.6.x
1976 silly placeDep node_modules/plist @xmldom/xmldom@0.9.12 OK for: plist@3.1.1 want: ^0.9.10
1977 silly placeDep ROOT sax@1.6.1 OK for: xml2js@0.6.0 want: >=0.6.0
1978 silly placeDep node_modules/xml2js xmlbuilder@11.0.1 OK for: xml2js@0.6.0 want: ~11.0.0
1979 silly placeDep ROOT cliui@8.0.1 OK for: yargs@17.7.3 want: ^8.0.1
1980 silly placeDep ROOT get-caller-file@2.0.5 OK for: yargs@17.7.3 want: ^2.0.5
1981 silly placeDep ROOT require-directory@2.1.1 OK for: yargs@17.7.3 want: ^2.1.1
1982 silly placeDep ROOT string-width@4.2.3 OK for: yargs@17.7.3 want: ^4.2.3
1983 silly placeDep ROOT y18n@5.0.8 OK for: yargs@17.7.3 want: ^5.0.5
1984 silly placeDep ROOT yargs-parser@21.1.1 OK for: yargs@17.7.3 want: ^21.1.1
1985 silly fetch manifest strip-ansi@^6.0.1
1986 silly packumentCache full:https://registry.npmjs.org/strip-ansi cache-miss
1987 silly fetch manifest string-width@^4.2.0
1988 silly packumentCache full:https://registry.npmjs.org/string-width cache-miss
1989 silly fetch manifest strip-ansi@^6.0.1
1990 silly packumentCache full:https://registry.npmjs.org/strip-ansi cache-miss
1991 silly fetch manifest emoji-regex@^8.0.0
1992 silly packumentCache full:https://registry.npmjs.org/emoji-regex cache-miss
1993 silly fetch manifest is-fullwidth-code-point@^3.0.0
1994 silly packumentCache full:https://registry.npmjs.org/is-fullwidth-code-point cache-miss
1995 http cache https://registry.npmjs.org/string-width 15ms (cache hit)
1996 silly packumentCache full:https://registry.npmjs.org/string-width set size:72458 disposed:false
1997 http fetch GET 200 https://registry.npmjs.org/strip-ansi 129ms (cache miss)
1998 silly packumentCache full:https://registry.npmjs.org/strip-ansi set size:undefined disposed:false
1999 http fetch GET 200 https://registry.npmjs.org/strip-ansi 137ms (cache miss)
2000 silly packumentCache full:https://registry.npmjs.org/strip-ansi set size:undefined disposed:false
2001 http fetch GET 200 https://registry.npmjs.org/is-fullwidth-code-point 139ms (cache miss)
2002 silly packumentCache full:https://registry.npmjs.org/is-fullwidth-code-point set size:undefined disposed:false
2003 http fetch GET 200 https://registry.npmjs.org/emoji-regex 144ms (cache miss)
2004 silly packumentCache full:https://registry.npmjs.org/emoji-regex set size:undefined disposed:false
2005 silly placeDep ROOT strip-ansi@6.0.1 OK for: cliui@8.0.1 want: ^6.0.1
2006 silly placeDep ROOT wrap-ansi@7.0.0 OK for: cliui@8.0.1 want: ^7.0.0
2007 silly placeDep ROOT emoji-regex@8.0.0 OK for: string-width@4.2.3 want: ^8.0.0
2008 silly placeDep ROOT is-fullwidth-code-point@3.0.0 OK for: string-width@4.2.3 want: ^3.0.0
2009 silly placeDep node_modules/@react-native/codegen hermes-estree@0.36.0 OK for: hermes-parser@0.36.0 want: 0.36.0
2010 silly placeDep node_modules/babel-plugin-syntax-hermes-parser hermes-estree@0.36.0 OK for: hermes-parser@0.36.0 want: 0.36.0
2011 silly placeDep node_modules/connect ms@2.0.0 OK for: debug@2.6.9 want: 2.0.0
2012 silly fetch manifest utf-8-validate@>=5.0.2
2013 silly packumentCache full:https://registry.npmjs.org/utf-8-validate cache-miss
2014 http cache https://registry.npmjs.org/utf-8-validate 12ms (cache hit)
2015 silly packumentCache full:https://registry.npmjs.org/utf-8-validate set size:77012 disposed:false
2016 silly fetch manifest @expo/metro-runtime@^57.0.15
2017 silly packumentCache full:https://registry.npmjs.org/@expo%2fmetro-runtime cache-miss
2018 http cache https://registry.npmjs.org/@expo%2fmetro-runtime 15ms (cache hit)
2019 silly packumentCache full:https://registry.npmjs.org/@expo%2fmetro-runtime set size:826416 disposed:false
2020 silly fetch manifest expo-constants@^57.0.17
2021 silly packumentCache full:https://registry.npmjs.org/expo-constants cache-miss
2022 http cache https://registry.npmjs.org/expo-constants 11ms (cache hit)
2023 silly packumentCache full:https://registry.npmjs.org/expo-constants set size:1222556 disposed:false
2024 silly fetch manifest expo-font@^57.0.3
2025 silly packumentCache full:https://registry.npmjs.org/expo-font cache-miss
2026 http cache https://registry.npmjs.org/expo-font 11ms (cache hit)
2027 silly packumentCache full:https://registry.npmjs.org/expo-font set size:1003163 disposed:false
2028 silly placeDep ROOT @expo/code-signing-certificates@0.0.6 OK for: @expo/cli@57.0.22 want: ^0.0.6
2029 silly placeDep ROOT @expo/devcert@1.2.1 OK for: @expo/cli@57.0.22 want: ^1.2.1
2030 silly placeDep ROOT @expo/image-utils@0.11.5 OK for: @expo/cli@57.0.22 want: ^0.11.5
2031 silly placeDep ROOT @expo/inline-modules@0.1.7 OK for: @expo/cli@57.0.22 want: ^0.1.7
2032 silly placeDep ROOT @expo/metro-file-map@57.0.2 OK for: @expo/cli@57.0.22 want: ^57.0.2
2033 silly placeDep ROOT @expo/osascript@2.7.1 OK for: @expo/cli@57.0.22 want: ^2.7.1
2034 silly placeDep ROOT @expo/package-manager@1.13.1 OK for: @expo/cli@57.0.22 want: ^1.13.1
2035 silly placeDep ROOT @expo/prebuild-config@57.0.15 OK for: @expo/cli@57.0.22 want: ^57.0.15
2036 silly placeDep node_modules/expo/node_modules/@expo/cli @expo/router-server@57.0.9 CONFLICT for: @expo/cli@57.0.22 want: ^57.0.9
2037 silly placeDep ROOT expo-server@57.0.3 OK for: @expo/router-server@57.0.9 want: ^57.0.3
2038 silly placeDep ROOT @expo/schema-utils@57.0.2 OK for: @expo/cli@57.0.22 want: ^57.0.2
2039 silly placeDep node_modules/expo @expo/ws-tunnel@2.0.0 OK for: @expo/cli@57.0.22 want: ^2.0.0
2040 silly placeDep node_modules/expo ws@8.21.3 OK for: @expo/ws-tunnel@2.0.0 want: ^8.0.0
2041 silly placeDep ROOT @expo/xcpretty@4.4.4 OK for: @expo/cli@57.0.22 want: ^4.4.4
2042 silly placeDep node_modules/expo accepts@1.3.8 OK for: @expo/cli@57.0.22 want: ^1.3.8
2043 silly placeDep ROOT agent-cli-detector@0.1.7 OK for: @expo/cli@57.0.22 want: 0.1.7
2044 silly placeDep node_modules/expo ci-info@3.9.0 OK for: @expo/cli@57.0.22 want: ^3.3.0
2045 silly placeDep ROOT compression@1.8.1 OK for: @expo/cli@57.0.22 want: ^1.7.4
2046 silly placeDep ROOT dnssd-advertise@1.1.6 OK for: @expo/cli@57.0.22 want: ^1.1.4
2047 silly placeDep ROOT fetch-nodeshim@0.4.10 OK for: @expo/cli@57.0.22 want: ^0.4.10
2048 silly placeDep ROOT lan-network@0.2.1 OK for: @expo/cli@57.0.22 want: ^0.2.1
2049 silly placeDep ROOT multitars@1.0.2 OK for: @expo/cli@57.0.22 want: ^1.0.2
2050 silly placeDep ROOT node-forge@1.4.0 OK for: @expo/cli@57.0.22 want: ^1.3.3
2051 silly placeDep ROOT npm-package-arg@11.0.3 OK for: @expo/cli@57.0.22 want: ^11.0.0
2052 silly placeDep ROOT ora@3.4.0 OK for: @expo/cli@57.0.22 want: ^3.4.0
2053 silly placeDep node_modules/expo picomatch@4.0.7 OK for: @expo/cli@57.0.22 want: ^4.0.4
2054 silly placeDep ROOT progress@2.0.3 OK for: @expo/cli@57.0.22 want: ^2.0.3
2055 silly placeDep ROOT prompts@2.4.2 OK for: @expo/cli@57.0.22 want: ^2.3.2
2056 silly placeDep ROOT sandbox-cli-detector@0.2.0 OK for: @expo/cli@57.0.22 want: ^0.2.0
2057 silly placeDep ROOT structured-headers@0.4.1 OK for: @expo/cli@57.0.22 want: ^0.4.1
2058 silly placeDep ROOT terminal-link@2.1.1 OK for: @expo/cli@57.0.22 want: ^2.1.1
2059 silly placeDep ROOT toqr@0.1.1 OK for: @expo/cli@57.0.22 want: ^0.1.1
2060 silly placeDep ROOT zod@3.25.76 OK for: @expo/cli@57.0.22 want: ^3.25.76
2061 silly fetch manifest debug@^3.1.0
2062 silly packumentCache full:https://registry.npmjs.org/debug cache-hit
2063 silly fetch manifest @expo/sudo-prompt@^9.3.1
2064 silly packumentCache full:https://registry.npmjs.org/@expo%2fsudo-prompt cache-miss
2065 silly fetch manifest parse-png@^2.1.0
2066 silly packumentCache full:https://registry.npmjs.org/parse-png cache-miss
2067 silly fetch manifest jimp-compact@0.16.1
2068 silly packumentCache full:https://registry.npmjs.org/jimp-compact cache-miss
2069 silly fetch manifest js-yaml@^4.1.0
2070 silly packumentCache full:https://registry.npmjs.org/js-yaml cache-miss
2071 silly fetch manifest mime-types@~2.1.34
2072 silly packumentCache full:https://registry.npmjs.org/mime-types cache-hit
2073 silly fetch manifest negotiator@0.6.3
2074 silly packumentCache full:https://registry.npmjs.org/negotiator cache-miss
2075 silly fetch manifest vary@~1.1.2
2076 silly packumentCache full:https://registry.npmjs.org/vary cache-miss
2077 silly fetch manifest bytes@3.1.2
2078 silly packumentCache full:https://registry.npmjs.org/bytes cache-miss
2079 http cache https://registry.npmjs.org/negotiator 23ms (cache hit)
2080 silly packumentCache full:https://registry.npmjs.org/negotiator set size:56148 disposed:false
2081 silly fetch manifest negotiator@~0.6.4
2082 silly packumentCache full:https://registry.npmjs.org/negotiator cache-hit
2083 silly fetch manifest on-headers@~1.1.0
2084 silly packumentCache full:https://registry.npmjs.org/on-headers cache-miss
2085 http fetch GET 200 https://registry.npmjs.org/parse-png 92ms (cache miss)
2086 silly packumentCache full:https://registry.npmjs.org/parse-png set size:undefined disposed:false
2087 silly fetch manifest safe-buffer@5.2.1
2088 silly packumentCache full:https://registry.npmjs.org/safe-buffer cache-miss
2089 http fetch GET 200 https://registry.npmjs.org/vary 88ms (cache miss)
2090 silly packumentCache full:https://registry.npmjs.org/vary set size:undefined disposed:false
2091 silly fetch manifest compressible@~2.0.18
2092 silly packumentCache full:https://registry.npmjs.org/compressible cache-miss
2093 http fetch GET 200 https://registry.npmjs.org/js-yaml 106ms (cache miss)
2094 silly packumentCache full:https://registry.npmjs.org/js-yaml set size:undefined disposed:false
2095 silly fetch manifest proc-log@^4.0.0
2096 silly packumentCache full:https://registry.npmjs.org/proc-log cache-miss
2097 http fetch GET 200 https://registry.npmjs.org/on-headers 148ms (cache miss)
2098 silly packumentCache full:https://registry.npmjs.org/on-headers set size:undefined disposed:false
2099 silly fetch manifest hosted-git-info@^7.0.0
2100 silly packumentCache full:https://registry.npmjs.org/hosted-git-info cache-miss
2101 http fetch GET 200 https://registry.npmjs.org/safe-buffer 92ms (cache miss)
2102 silly packumentCache full:https://registry.npmjs.org/safe-buffer set size:undefined disposed:false
2103 silly fetch manifest validate-npm-package-name@^5.0.0
2104 silly packumentCache full:https://registry.npmjs.org/validate-npm-package-name cache-miss
2105 http fetch GET 200 https://registry.npmjs.org/bytes 179ms (cache miss)
2106 silly packumentCache full:https://registry.npmjs.org/bytes set size:undefined disposed:false
2107 silly fetch manifest chalk@^2.4.2
2108 silly packumentCache full:https://registry.npmjs.org/chalk cache-hit
2109 silly fetch manifest wcwidth@^1.0.1
2110 silly packumentCache full:https://registry.npmjs.org/wcwidth cache-miss
2111 http fetch GET 200 https://registry.npmjs.org/wcwidth 105ms (cache miss)
2112 silly packumentCache full:https://registry.npmjs.org/wcwidth set size:undefined disposed:false
2113 silly fetch manifest cli-cursor@^2.1.0
2114 silly packumentCache full:https://registry.npmjs.org/cli-cursor cache-miss
2115 http fetch GET 200 https://registry.npmjs.org/proc-log 184ms (cache miss)
2116 silly packumentCache full:https://registry.npmjs.org/proc-log set size:undefined disposed:false
2117 silly fetch manifest strip-ansi@^5.2.0
2118 silly packumentCache full:https://registry.npmjs.org/strip-ansi cache-miss
2119 http fetch GET 200 https://registry.npmjs.org/@expo%2fsudo-prompt 307ms (cache miss)
2120 silly packumentCache full:https://registry.npmjs.org/@expo%2fsudo-prompt set size:undefined disposed:false
2121 silly fetch manifest log-symbols@^2.2.0
2122 silly packumentCache full:https://registry.npmjs.org/log-symbols cache-miss
2123 http fetch GET 200 https://registry.npmjs.org/validate-npm-package-name 119ms (cache miss)
2124 silly packumentCache full:https://registry.npmjs.org/validate-npm-package-name set size:undefined disposed:false
2125 silly fetch manifest cli-spinners@^2.0.0
2126 silly packumentCache full:https://registry.npmjs.org/cli-spinners cache-miss
2127 http cache https://registry.npmjs.org/strip-ansi 19ms (cache hit)
2128 silly packumentCache full:https://registry.npmjs.org/strip-ansi set size:44998 disposed:false
2129 silly fetch manifest kleur@^3.0.3
2130 silly packumentCache full:https://registry.npmjs.org/kleur cache-miss
2131 http fetch GET 200 https://registry.npmjs.org/hosted-git-info 145ms (cache miss)
2132 silly packumentCache full:https://registry.npmjs.org/hosted-git-info set size:undefined disposed:false
2133 silly fetch manifest sisteransi@^1.0.5
2134 silly packumentCache full:https://registry.npmjs.org/sisteransi cache-miss
2135 http fetch GET 200 https://registry.npmjs.org/cli-cursor 99ms (cache miss)
2136 silly packumentCache full:https://registry.npmjs.org/cli-cursor set size:undefined disposed:false
2137 silly fetch manifest ansi-escapes@^4.2.1
2138 silly packumentCache full:https://registry.npmjs.org/ansi-escapes cache-miss
2139 http fetch GET 200 https://registry.npmjs.org/log-symbols 98ms (cache miss)
2140 silly packumentCache full:https://registry.npmjs.org/log-symbols set size:undefined disposed:false
2141 silly fetch manifest supports-hyperlinks@^2.0.0
2142 silly packumentCache full:https://registry.npmjs.org/supports-hyperlinks cache-miss
2143 http fetch GET 200 https://registry.npmjs.org/cli-spinners 100ms (cache miss)
2144 silly packumentCache full:https://registry.npmjs.org/cli-spinners set size:undefined disposed:false
2145 http fetch GET 200 https://registry.npmjs.org/compressible 389ms (cache miss)
2146 silly packumentCache full:https://registry.npmjs.org/compressible set size:undefined disposed:false
2147 http fetch GET 200 https://registry.npmjs.org/sisteransi 166ms (cache miss)
2148 silly packumentCache full:https://registry.npmjs.org/sisteransi set size:undefined disposed:false
2149 http fetch GET 200 https://registry.npmjs.org/kleur 179ms (cache miss)
2150 silly packumentCache full:https://registry.npmjs.org/kleur set size:undefined disposed:false
2151 http fetch GET 200 https://registry.npmjs.org/ansi-escapes 183ms (cache miss)
2152 silly packumentCache full:https://registry.npmjs.org/ansi-escapes set size:undefined disposed:false
2153 http fetch GET 200 https://registry.npmjs.org/supports-hyperlinks 417ms (cache miss)
2154 silly packumentCache full:https://registry.npmjs.org/supports-hyperlinks set size:undefined disposed:false
2155 http fetch GET 200 https://registry.npmjs.org/jimp-compact 876ms (cache miss)
2156 silly packumentCache full:https://registry.npmjs.org/jimp-compact set size:undefined disposed:false
2157 silly placeDep ROOT @expo/sudo-prompt@9.3.2 OK for: @expo/devcert@1.2.1 want: ^9.3.1
2158 silly placeDep node_modules/@expo/devcert debug@3.2.7 OK for: @expo/devcert@1.2.1 want: ^3.1.0
2159 silly placeDep ROOT jimp-compact@0.16.1 OK for: @expo/image-utils@0.11.5 want: 0.16.1
2160 silly placeDep ROOT parse-png@2.1.0 OK for: @expo/image-utils@0.11.5 want: ^2.1.0
2161 silly fetch manifest pngjs@^3.3.0
2162 silly packumentCache full:https://registry.npmjs.org/pngjs cache-miss
2163 http fetch GET 200 https://registry.npmjs.org/pngjs 396ms (cache miss)
2164 silly packumentCache full:https://registry.npmjs.org/pngjs set size:undefined disposed:false
2165 silly placeDep ROOT js-yaml@4.3.2 OK for: @expo/xcpretty@4.4.4 want: ^4.1.0
2166 silly fetch manifest argparse@^2.0.1
2167 silly packumentCache full:https://registry.npmjs.org/argparse cache-miss
2168 http fetch GET 200 https://registry.npmjs.org/argparse 75ms (cache miss)
2169 silly packumentCache full:https://registry.npmjs.org/argparse set size:undefined disposed:false
2170 silly placeDep ROOT bytes@3.1.2 OK for: compression@1.8.1 want: 3.1.2
2171 silly placeDep ROOT compressible@2.0.18 OK for: compression@1.8.1 want: ~2.0.18
2172 silly placeDep node_modules/compression debug@2.6.9 OK for: compression@1.8.1 want: 2.6.9
2173 silly placeDep node_modules/compression negotiator@0.6.4 OK for: compression@1.8.1 want: ~0.6.4
2174 silly placeDep ROOT on-headers@1.1.0 OK for: compression@1.8.1 want: ~1.1.0
2175 silly placeDep ROOT safe-buffer@5.2.1 OK for: compression@1.8.1 want: 5.2.1
2176 silly placeDep ROOT vary@1.1.2 OK for: compression@1.8.1 want: ~1.1.2
2177 silly placeDep ROOT argparse@2.0.1 OK for: js-yaml@4.3.2 want: ^2.0.1
2178 silly placeDep ROOT hosted-git-info@7.0.2 OK for: npm-package-arg@11.0.3 want: ^7.0.0
2179 silly placeDep ROOT proc-log@4.2.0 OK for: npm-package-arg@11.0.3 want: ^4.0.0
2180 silly placeDep ROOT validate-npm-package-name@5.0.1 OK for: npm-package-arg@11.0.3 want: ^5.0.0
2181 silly fetch manifest lru-cache@^10.0.1
2182 silly packumentCache full:https://registry.npmjs.org/lru-cache cache-hit
2183 silly placeDep node_modules/hosted-git-info lru-cache@10.4.3 OK for: hosted-git-info@7.0.2 want: ^10.0.1
2184 silly placeDep node_modules/ora chalk@2.4.2 OK for: ora@3.4.0 want: ^2.4.2
2185 silly placeDep ROOT cli-cursor@2.1.0 OK for: ora@3.4.0 want: ^2.1.0
2186 silly placeDep ROOT cli-spinners@2.9.2 OK for: ora@3.4.0 want: ^2.0.0
2187 silly placeDep ROOT log-symbols@2.2.0 OK for: ora@3.4.0 want: ^2.2.0
2188 silly placeDep node_modules/ora strip-ansi@5.2.0 OK for: ora@3.4.0 want: ^5.2.0
2189 silly placeDep ROOT wcwidth@1.0.1 OK for: ora@3.4.0 want: ^1.0.1
2190 silly fetch manifest ansi-styles@^3.2.1
2191 silly packumentCache full:https://registry.npmjs.org/ansi-styles cache-hit
2192 silly fetch manifest supports-color@^5.3.0
2193 silly packumentCache full:https://registry.npmjs.org/supports-color cache-hit
2194 silly fetch manifest escape-string-regexp@^1.0.5
2195 silly packumentCache full:https://registry.npmjs.org/escape-string-regexp cache-miss
2196 silly fetch manifest restore-cursor@^2.0.0
2197 silly packumentCache full:https://registry.npmjs.org/restore-cursor cache-miss
2198 silly fetch manifest chalk@^2.0.1
2199 silly packumentCache full:https://registry.npmjs.org/chalk cache-hit
2200 silly fetch manifest ansi-regex@^4.1.0
2201 silly packumentCache full:https://registry.npmjs.org/ansi-regex cache-miss
2202 silly fetch manifest defaults@^1.0.3
2203 silly packumentCache full:https://registry.npmjs.org/defaults cache-miss
2204 http cache https://registry.npmjs.org/ansi-regex 11ms (cache hit)
2205 silly packumentCache full:https://registry.npmjs.org/ansi-regex set size:48203 disposed:false
2206 http cache https://registry.npmjs.org/escape-string-regexp 19ms (cache hit)
2207 silly packumentCache full:https://registry.npmjs.org/escape-string-regexp set size:22244 disposed:false
2208 http fetch GET 200 https://registry.npmjs.org/restore-cursor 62ms (cache miss)
2209 silly packumentCache full:https://registry.npmjs.org/restore-cursor set size:undefined disposed:false
2210 http fetch GET 200 https://registry.npmjs.org/defaults 373ms (cache miss)
2211 silly packumentCache full:https://registry.npmjs.org/defaults set size:undefined disposed:false
2212 silly placeDep ROOT restore-cursor@2.0.0 OK for: cli-cursor@2.1.0 want: ^2.0.0
2213 silly fetch manifest onetime@^2.0.0
2214 silly packumentCache full:https://registry.npmjs.org/onetime cache-miss
2215 silly fetch manifest signal-exit@^3.0.2
2216 silly packumentCache full:https://registry.npmjs.org/signal-exit cache-miss
2217 http fetch GET 200 https://registry.npmjs.org/onetime 156ms (cache miss)
2218 silly packumentCache full:https://registry.npmjs.org/onetime set size:undefined disposed:false
2219 http fetch GET 200 https://registry.npmjs.org/signal-exit 160ms (cache miss)
2220 silly packumentCache full:https://registry.npmjs.org/signal-exit set size:undefined disposed:false
2221 silly placeDep node_modules/log-symbols chalk@2.4.2 OK for: log-symbols@2.2.0 want: ^2.0.1
2222 silly placeDep ROOT pngjs@3.4.0 OK for: parse-png@2.1.0 want: ^3.3.0
2223 silly placeDep ROOT kleur@3.0.3 OK for: prompts@2.4.2 want: ^3.0.3
2224 silly placeDep ROOT sisteransi@1.0.5 OK for: prompts@2.4.2 want: ^1.0.5
2225 silly placeDep ROOT onetime@2.0.1 OK for: restore-cursor@2.0.0 want: ^2.0.0
2226 silly placeDep ROOT signal-exit@3.0.7 OK for: restore-cursor@2.0.0 want: ^3.0.2
2227 silly fetch manifest mimic-fn@^1.0.0
2228 silly packumentCache full:https://registry.npmjs.org/mimic-fn cache-miss
2229 http fetch GET 200 https://registry.npmjs.org/mimic-fn 883ms (cache miss)
2230 silly packumentCache full:https://registry.npmjs.org/mimic-fn set size:undefined disposed:false
2231 silly placeDep ROOT mimic-fn@1.2.0 OK for: onetime@2.0.1 want: ^1.0.0
2232 silly placeDep ROOT ansi-escapes@4.3.2 OK for: terminal-link@2.1.1 want: ^4.2.1
2233 silly placeDep ROOT supports-hyperlinks@2.3.0 OK for: terminal-link@2.1.1 want: ^2.0.0
2234 silly fetch manifest type-fest@^0.21.3
2235 silly packumentCache full:https://registry.npmjs.org/type-fest cache-miss
2236 http cache https://registry.npmjs.org/type-fest 19ms (cache hit)
2237 silly packumentCache full:https://registry.npmjs.org/type-fest set size:568986 disposed:false
2238 silly placeDep node_modules/ansi-escapes type-fest@0.21.3 OK for: ansi-escapes@4.3.2 want: ^0.21.3
2239 silly placeDep ROOT defaults@1.0.4 OK for: wcwidth@1.0.1 want: ^1.0.3
2240 silly fetch manifest clone@^1.0.2
2241 silly packumentCache full:https://registry.npmjs.org/clone cache-miss
2242 http fetch GET 200 https://registry.npmjs.org/clone 401ms (cache miss)
2243 silly packumentCache full:https://registry.npmjs.org/clone set size:undefined disposed:false
2244 silly placeDep ROOT clone@1.0.4 OK for: defaults@1.0.4 want: ^1.0.2
2245 silly placeDep node_modules/compression ms@2.0.0 OK for: debug@2.6.9 want: 2.0.0
2246 silly placeDep node_modules/expo hermes-parser@0.36.1 OK for: @expo/metro-config@57.0.12 want: ^0.36.0
2247 silly placeDep ROOT lightningcss@1.33.0 OK for: @expo/metro-config@57.0.12 want: ^1.30.1
2248 silly placeDep ROOT postcss@8.5.28 OK for: @expo/metro-config@57.0.12 want: ^8.5.14
2249 silly fetch manifest hermes-estree@0.36.1
2250 silly packumentCache full:https://registry.npmjs.org/hermes-estree cache-hit
2251 silly fetch manifest detect-libc@^2.0.3
2252 silly packumentCache full:https://registry.npmjs.org/detect-libc cache-miss
2253 silly fetch manifest lightningcss-darwin-x64@1.33.0
2254 silly packumentCache full:https://registry.npmjs.org/lightningcss-darwin-x64 cache-miss
2255 silly fetch manifest lightningcss-linux-x64-gnu@1.33.0
2256 silly packumentCache full:https://registry.npmjs.org/lightningcss-linux-x64-gnu cache-miss
2257 silly fetch manifest lightningcss-win32-x64-msvc@1.33.0
2258 silly packumentCache full:https://registry.npmjs.org/lightningcss-win32-x64-msvc cache-miss
2259 silly fetch manifest lightningcss-win32-arm64-msvc@1.33.0
2260 silly packumentCache full:https://registry.npmjs.org/lightningcss-win32-arm64-msvc cache-miss
2261 silly fetch manifest lightningcss-darwin-arm64@1.33.0
2262 silly packumentCache full:https://registry.npmjs.org/lightningcss-darwin-arm64 cache-miss
2263 silly fetch manifest lightningcss-linux-arm64-gnu@1.33.0
2264 silly packumentCache full:https://registry.npmjs.org/lightningcss-linux-arm64-gnu cache-miss
2265 http fetch GET 200 https://registry.npmjs.org/detect-libc 176ms (cache miss)
2266 silly packumentCache full:https://registry.npmjs.org/detect-libc set size:undefined disposed:false
2267 silly fetch manifest lightningcss-linux-arm-gnueabihf@1.33.0
2268 silly packumentCache full:https://registry.npmjs.org/lightningcss-linux-arm-gnueabihf cache-miss
2269 http fetch GET 200 https://registry.npmjs.org/lightningcss-darwin-x64 185ms (cache miss)
2270 silly packumentCache full:https://registry.npmjs.org/lightningcss-darwin-x64 set size:undefined disposed:false
2271 silly fetch manifest lightningcss-linux-arm64-musl@1.33.0
2272 silly packumentCache full:https://registry.npmjs.org/lightningcss-linux-arm64-musl cache-miss
2273 http fetch GET 200 https://registry.npmjs.org/lightningcss-win32-x64-msvc 192ms (cache miss)
2274 silly packumentCache full:https://registry.npmjs.org/lightningcss-win32-x64-msvc set size:undefined disposed:false
2275 silly fetch manifest lightningcss-linux-x64-musl@1.33.0
2276 silly packumentCache full:https://registry.npmjs.org/lightningcss-linux-x64-musl cache-miss
2277 http fetch GET 200 https://registry.npmjs.org/lightningcss-linux-arm64-musl 82ms (cache miss)
2278 silly packumentCache full:https://registry.npmjs.org/lightningcss-linux-arm64-musl set size:undefined disposed:false
2279 silly fetch manifest lightningcss-freebsd-x64@1.33.0
2280 silly packumentCache full:https://registry.npmjs.org/lightningcss-freebsd-x64 cache-miss
2281 http fetch GET 200 https://registry.npmjs.org/lightningcss-linux-arm-gnueabihf 96ms (cache miss)
2282 silly packumentCache full:https://registry.npmjs.org/lightningcss-linux-arm-gnueabihf set size:undefined disposed:false
2283 silly fetch manifest lightningcss-android-arm64@1.33.0
2284 silly packumentCache full:https://registry.npmjs.org/lightningcss-android-arm64 cache-miss
2285 http fetch GET 200 https://registry.npmjs.org/lightningcss-android-arm64 83ms (cache miss)
2286 silly packumentCache full:https://registry.npmjs.org/lightningcss-android-arm64 set size:undefined disposed:false
2287 silly fetch manifest nanoid@^3.3.18
2288 silly packumentCache full:https://registry.npmjs.org/nanoid cache-miss
2289 http fetch GET 200 https://registry.npmjs.org/lightningcss-linux-x64-musl 169ms (cache miss)
2290 silly packumentCache full:https://registry.npmjs.org/lightningcss-linux-x64-musl set size:undefined disposed:false
2291 silly fetch manifest source-map-js@^1.2.1
2292 silly packumentCache full:https://registry.npmjs.org/source-map-js cache-miss
2293 http fetch GET 200 https://registry.npmjs.org/lightningcss-freebsd-x64 97ms (cache miss)
2294 silly packumentCache full:https://registry.npmjs.org/lightningcss-freebsd-x64 set size:undefined disposed:false
2295 http fetch GET 200 https://registry.npmjs.org/lightningcss-win32-arm64-msvc 379ms (cache miss)
2296 silly packumentCache full:https://registry.npmjs.org/lightningcss-win32-arm64-msvc set size:undefined disposed:false
2297 http fetch GET 200 https://registry.npmjs.org/lightningcss-linux-x64-gnu 388ms (cache miss)
2298 silly packumentCache full:https://registry.npmjs.org/lightningcss-linux-x64-gnu set size:undefined disposed:false
2299 http fetch GET 200 https://registry.npmjs.org/lightningcss-linux-arm64-gnu 392ms (cache miss)
2300 silly packumentCache full:https://registry.npmjs.org/lightningcss-linux-arm64-gnu set size:undefined disposed:false
2301 http fetch GET 200 https://registry.npmjs.org/lightningcss-darwin-arm64 474ms (cache miss)
2302 silly packumentCache full:https://registry.npmjs.org/lightningcss-darwin-arm64 set size:undefined disposed:false
2303 http fetch GET 200 https://registry.npmjs.org/source-map-js 113ms (cache miss)
2304 silly packumentCache full:https://registry.npmjs.org/source-map-js set size:undefined disposed:false
2305 http fetch GET 200 https://registry.npmjs.org/nanoid 134ms (cache miss)
2306 silly packumentCache full:https://registry.npmjs.org/nanoid set size:undefined disposed:false
2307 silly placeDep ROOT detect-libc@2.1.2 OK for: lightningcss@1.33.0 want: ^2.0.3
2308 silly placeDep ROOT lightningcss-android-arm64@1.33.0 OK for: lightningcss@1.33.0 want: 1.33.0
2309 silly placeDep ROOT lightningcss-darwin-arm64@1.33.0 OK for: lightningcss@1.33.0 want: 1.33.0
2310 silly placeDep ROOT lightningcss-darwin-x64@1.33.0 OK for: lightningcss@1.33.0 want: 1.33.0
2311 silly placeDep ROOT lightningcss-freebsd-x64@1.33.0 OK for: lightningcss@1.33.0 want: 1.33.0
2312 silly placeDep ROOT lightningcss-linux-arm-gnueabihf@1.33.0 OK for: lightningcss@1.33.0 want: 1.33.0
2313 silly placeDep ROOT lightningcss-linux-arm64-gnu@1.33.0 OK for: lightningcss@1.33.0 want: 1.33.0
2314 silly placeDep ROOT lightningcss-linux-arm64-musl@1.33.0 OK for: lightningcss@1.33.0 want: 1.33.0
2315 silly placeDep ROOT lightningcss-linux-x64-gnu@1.33.0 OK for: lightningcss@1.33.0 want: 1.33.0
2316 silly placeDep ROOT lightningcss-linux-x64-musl@1.33.0 OK for: lightningcss@1.33.0 want: 1.33.0
2317 silly placeDep ROOT lightningcss-win32-arm64-msvc@1.33.0 OK for: lightningcss@1.33.0 want: 1.33.0
2318 silly placeDep ROOT lightningcss-win32-x64-msvc@1.33.0 OK for: lightningcss@1.33.0 want: 1.33.0
2319 silly placeDep ROOT nanoid@3.3.18 OK for: postcss@8.5.28 want: ^3.3.18
2320 silly placeDep ROOT source-map-js@1.2.1 OK for: postcss@8.5.28 want: ^1.2.1
2321 silly placeDep node_modules/expo mime-types@2.1.35 OK for: accepts@1.3.8 want: ~2.1.34
2322 silly placeDep node_modules/expo negotiator@0.6.3 OK for: accepts@1.3.8 want: 0.6.3
2323 silly fetch manifest mime-db@1.52.0
2324 silly packumentCache full:https://registry.npmjs.org/mime-db cache-miss
2325 http cache https://registry.npmjs.org/mime-db 7ms (cache hit)
2326 silly packumentCache full:https://registry.npmjs.org/mime-db set size:164953 disposed:false
2327 silly fetch manifest @babel/core@^7.0.0-0
2328 silly packumentCache full:https://registry.npmjs.org/@babel%2fcore cache-hit
2329 silly fetch manifest @babel/core@^7.12.0
2330 silly packumentCache full:https://registry.npmjs.org/@babel%2fcore cache-hit
2331 silly placeDep ROOT @babel/plugin-proposal-decorators@7.29.7 OK for: babel-preset-expo@57.0.10 want: ^7.12.9
2332 silly placeDep ROOT @babel/plugin-proposal-export-default-from@7.29.7 OK for: babel-preset-expo@57.0.10 want: ^7.24.7
2333 silly placeDep ROOT @babel/plugin-syntax-dynamic-import@7.8.3 OK for: babel-preset-expo@57.0.10 want: ^7.8.3
2334 silly placeDep ROOT @babel/plugin-syntax-export-default-from@7.29.7 OK for: babel-preset-expo@57.0.10 want: ^7.24.7
2335 silly placeDep ROOT @babel/plugin-syntax-nullish-coalescing-operator@7.8.3 OK for: babel-preset-expo@57.0.10 want: ^7.8.3
2336 silly placeDep ROOT @babel/plugin-syntax-optional-chaining@7.8.3 OK for: babel-preset-expo@57.0.10 want: ^7.8.3
2337 silly placeDep ROOT @babel/plugin-transform-async-generator-functions@7.29.7 OK for: babel-preset-expo@57.0.10 want: ^7.25.4
2338 silly placeDep ROOT @babel/plugin-transform-async-to-generator@7.29.7 OK for: babel-preset-expo@57.0.10 want: ^7.24.7
2339 silly placeDep ROOT @babel/plugin-transform-block-scoping@7.29.7 OK for: babel-preset-expo@57.0.10 want: ^7.25.0
2340 silly placeDep ROOT @babel/plugin-transform-class-properties@7.29.7 OK for: babel-preset-expo@57.0.10 want: ^7.25.4
2341 silly placeDep ROOT @babel/plugin-transform-class-static-block@7.29.7 OK for: babel-preset-expo@57.0.10 want: ^7.27.1
2342 silly placeDep ROOT @babel/plugin-transform-classes@7.29.7 OK for: babel-preset-expo@57.0.10 want: ^7.25.4
2343 silly placeDep ROOT @babel/plugin-transform-destructuring@7.29.7 OK for: babel-preset-expo@57.0.10 want: ^7.24.8
2344 silly placeDep ROOT @babel/plugin-transform-export-namespace-from@7.29.7 OK for: babel-preset-expo@57.0.10 want: ^7.25.9
2345 silly placeDep ROOT @babel/plugin-transform-flow-strip-types@7.29.7 OK for: babel-preset-expo@57.0.10 want: ^7.25.2
2346 silly placeDep ROOT @babel/plugin-transform-for-of@7.29.7 OK for: babel-preset-expo@57.0.10 want: ^7.24.7
2347 silly placeDep ROOT @babel/plugin-transform-logical-assignment-operators@7.29.7 OK for: babel-preset-expo@57.0.10 want: ^7.24.7
2348 silly placeDep ROOT @babel/plugin-transform-named-capturing-groups-regex@7.29.7 OK for: babel-preset-expo@57.0.10 want: ^7.24.7
2349 silly placeDep ROOT @babel/plugin-transform-nullish-coalescing-operator@7.29.7 OK for: babel-preset-expo@57.0.10 want: ^7.24.7
2350 silly placeDep ROOT @babel/plugin-transform-object-rest-spread@7.29.7 OK for: babel-preset-expo@57.0.10 want: ^7.24.7
2351 silly placeDep ROOT @babel/plugin-transform-optional-catch-binding@7.29.7 OK for: babel-preset-expo@57.0.10 want: ^7.24.7
2352 silly placeDep ROOT @babel/plugin-transform-optional-chaining@7.29.7 OK for: babel-preset-expo@57.0.10 want: ^7.24.8
2353 silly placeDep ROOT @babel/plugin-transform-parameters@7.29.7 OK for: babel-preset-expo@57.0.10 want: ^7.24.7
2354 silly placeDep ROOT @babel/plugin-transform-private-methods@7.29.7 OK for: babel-preset-expo@57.0.10 want: ^7.24.7
2355 silly placeDep ROOT @babel/plugin-transform-private-property-in-object@7.29.7 OK for: babel-preset-expo@57.0.10 want: ^7.24.7
2356 silly placeDep ROOT @babel/plugin-transform-react-display-name@7.29.7 OK for: babel-preset-expo@57.0.10 want: ^7.24.7
2357 silly placeDep ROOT @babel/plugin-transform-react-jsx@7.29.7 OK for: babel-preset-expo@57.0.10 want: ^7.28.6
2358 silly placeDep ROOT @babel/plugin-transform-react-jsx-development@7.29.7 OK for: babel-preset-expo@57.0.10 want: ^7.27.1
2359 silly placeDep ROOT @babel/plugin-transform-react-pure-annotations@7.29.7 OK for: babel-preset-expo@57.0.10 want: ^7.27.1
2360 silly placeDep ROOT @babel/plugin-transform-runtime@7.29.7 OK for: babel-preset-expo@57.0.10 want: ^7.24.7
2361 silly placeDep ROOT @babel/plugin-transform-typescript@7.29.7 OK for: babel-preset-expo@57.0.10 want: ^7.25.2
2362 silly placeDep ROOT @babel/plugin-transform-unicode-regex@7.29.7 OK for: babel-preset-expo@57.0.10 want: ^7.24.7
2363 silly placeDep ROOT @babel/preset-typescript@7.29.7 OK for: babel-preset-expo@57.0.10 want: ^7.23.0
2364 silly placeDep ROOT @react-native/babel-plugin-codegen@0.86.3 OK for: babel-preset-expo@57.0.10 want: 0.86.3
2365 silly placeDep ROOT babel-plugin-react-compiler@1.0.0 OK for: babel-preset-expo@57.0.10 want: ^1.0.0
2366 silly placeDep ROOT babel-plugin-react-native-web@0.21.2 OK for: babel-preset-expo@57.0.10 want: ~0.21.0
2367 silly placeDep ROOT babel-plugin-transform-flow-enums@0.0.2 OK for: babel-preset-expo@57.0.10 want: ^0.0.2
2368 silly fetch manifest @babel/plugin-syntax-decorators@^7.29.7
2369 silly packumentCache full:https://registry.npmjs.org/@babel%2fplugin-syntax-decorators cache-miss
2370 silly fetch manifest @babel/helper-create-class-features-plugin@^7.29.7
2371 silly packumentCache full:https://registry.npmjs.org/@babel%2fhelper-create-class-features-plugin cache-miss
2372 silly fetch manifest @babel/helper-remap-async-to-generator@^7.29.7
2373 silly packumentCache full:https://registry.npmjs.org/@babel%2fhelper-remap-async-to-generator cache-miss
2374 silly fetch manifest @babel/helper-remap-async-to-generator@^7.29.7
2375 silly packumentCache full:https://registry.npmjs.org/@babel%2fhelper-remap-async-to-generator cache-miss
2376 silly fetch manifest @babel/helper-create-class-features-plugin@^7.29.7
2377 silly packumentCache full:https://registry.npmjs.org/@babel%2fhelper-create-class-features-plugin cache-miss
2378 silly fetch manifest @babel/helper-create-class-features-plugin@^7.29.7
2379 silly packumentCache full:https://registry.npmjs.org/@babel%2fhelper-create-class-features-plugin cache-miss
2380 silly fetch manifest @babel/helper-replace-supers@^7.29.7
2381 silly packumentCache full:https://registry.npmjs.org/@babel%2fhelper-replace-supers cache-miss
2382 http fetch GET 200 https://registry.npmjs.org/@babel%2fhelper-replace-supers 182ms (cache miss)
2383 silly packumentCache full:https://registry.npmjs.org/@babel%2fhelper-replace-supers set size:undefined disposed:false
2384 silly fetch manifest @babel/helper-annotate-as-pure@^7.29.7
2385 silly packumentCache full:https://registry.npmjs.org/@babel%2fhelper-annotate-as-pure cache-miss
2386 http fetch GET 200 https://registry.npmjs.org/@babel%2fhelper-remap-async-to-generator 200ms (cache miss)
2387 silly packumentCache full:https://registry.npmjs.org/@babel%2fhelper-remap-async-to-generator set size:undefined disposed:false
2388 silly fetch manifest @babel/plugin-syntax-flow@^7.29.7
2389 silly packumentCache full:https://registry.npmjs.org/@babel%2fplugin-syntax-flow cache-miss
2390 http fetch GET 200 https://registry.npmjs.org/@babel%2fhelper-remap-async-to-generator 219ms (cache miss)
2391 silly packumentCache full:https://registry.npmjs.org/@babel%2fhelper-remap-async-to-generator set size:undefined disposed:false
2392 silly fetch manifest @babel/helper-skip-transparent-expression-wrappers@^7.29.7
2393 silly packumentCache full:https://registry.npmjs.org/@babel%2fhelper-skip-transparent-expression-wrappers cache-miss
2394 http fetch GET 200 https://registry.npmjs.org/@babel%2fplugin-syntax-decorators 232ms (cache miss)
2395 silly packumentCache full:https://registry.npmjs.org/@babel%2fplugin-syntax-decorators set size:undefined disposed:false
2396 silly fetch manifest @babel/helper-create-regexp-features-plugin@^7.29.7
2397 silly packumentCache full:https://registry.npmjs.org/@babel%2fhelper-create-regexp-features-plugin cache-miss
2398 http fetch GET 200 https://registry.npmjs.org/@babel%2fhelper-skip-transparent-expression-wrappers 133ms (cache miss)
2399 silly packumentCache full:https://registry.npmjs.org/@babel%2fhelper-skip-transparent-expression-wrappers set size:undefined disposed:false
2400 silly fetch manifest @babel/plugin-transform-parameters@^7.29.7
2401 silly packumentCache full:https://registry.npmjs.org/@babel%2fplugin-transform-parameters cache-miss
2402 http fetch GET 200 https://registry.npmjs.org/@babel%2fplugin-syntax-flow 177ms (cache miss)
2403 silly packumentCache full:https://registry.npmjs.org/@babel%2fplugin-syntax-flow set size:undefined disposed:false
2404 silly fetch manifest @babel/helper-create-class-features-plugin@^7.29.7
2405 silly packumentCache full:https://registry.npmjs.org/@babel%2fhelper-create-class-features-plugin cache-miss
2406 http cache https://registry.npmjs.org/@babel%2fplugin-transform-parameters 41ms (cache hit)
2407 silly packumentCache full:https://registry.npmjs.org/@babel%2fplugin-transform-parameters set size:282283 disposed:false
2408 silly fetch manifest @babel/helper-annotate-as-pure@^7.29.7
2409 silly packumentCache full:https://registry.npmjs.org/@babel%2fhelper-annotate-as-pure cache-miss
2410 http fetch GET 200 https://registry.npmjs.org/@babel%2fhelper-create-class-features-plugin 466ms (cache miss)
2411 silly packumentCache full:https://registry.npmjs.org/@babel%2fhelper-create-class-features-plugin set size:undefined disposed:false
2412 silly fetch manifest @babel/plugin-syntax-jsx@^7.29.7
2413 silly packumentCache full:https://registry.npmjs.org/@babel%2fplugin-syntax-jsx cache-miss
2414 http fetch GET 200 https://registry.npmjs.org/@babel%2fhelper-create-regexp-features-plugin 244ms (cache miss)
2415 silly packumentCache full:https://registry.npmjs.org/@babel%2fhelper-create-regexp-features-plugin set size:undefined disposed:false
2416 silly fetch manifest @babel/helper-annotate-as-pure@^7.29.7
2417 silly packumentCache full:https://registry.npmjs.org/@babel%2fhelper-annotate-as-pure cache-miss
2418 http fetch GET 200 https://registry.npmjs.org/@babel%2fhelper-create-class-features-plugin 497ms (cache miss)
2419 silly packumentCache full:https://registry.npmjs.org/@babel%2fhelper-create-class-features-plugin set size:undefined disposed:false
2420 silly fetch manifest @babel/helper-annotate-as-pure@^7.29.7
2421 silly packumentCache full:https://registry.npmjs.org/@babel%2fhelper-annotate-as-pure cache-miss
2422 http fetch GET 200 https://registry.npmjs.org/@babel%2fhelper-annotate-as-pure 473ms (cache miss)
2423 silly packumentCache full:https://registry.npmjs.org/@babel%2fhelper-annotate-as-pure set size:undefined disposed:false
2424 silly fetch manifest babel-plugin-polyfill-corejs2@^0.4.14
2425 silly packumentCache full:https://registry.npmjs.org/babel-plugin-polyfill-corejs2 cache-miss
2426 http fetch GET 200 https://registry.npmjs.org/@babel%2fhelper-annotate-as-pure 258ms (cache miss)
2427 silly packumentCache full:https://registry.npmjs.org/@babel%2fhelper-annotate-as-pure set size:undefined disposed:false
2428 silly fetch manifest babel-plugin-polyfill-corejs3@^0.13.0
2429 silly packumentCache full:https://registry.npmjs.org/babel-plugin-polyfill-corejs3 cache-miss
2430 http fetch GET 200 https://registry.npmjs.org/@babel%2fhelper-annotate-as-pure 178ms (cache miss)
2431 silly packumentCache full:https://registry.npmjs.org/@babel%2fhelper-annotate-as-pure set size:undefined disposed:false
2432 silly fetch manifest babel-plugin-polyfill-regenerator@^0.6.5
2433 silly packumentCache full:https://registry.npmjs.org/babel-plugin-polyfill-regenerator cache-miss
2434 http fetch GET 200 https://registry.npmjs.org/@babel%2fhelper-create-class-features-plugin 286ms (cache miss)
2435 silly packumentCache full:https://registry.npmjs.org/@babel%2fhelper-create-class-features-plugin set size:undefined disposed:false
2436 silly fetch manifest @babel/plugin-syntax-typescript@^7.29.7
2437 silly packumentCache full:https://registry.npmjs.org/@babel%2fplugin-syntax-typescript cache-miss
2438 http fetch GET 200 https://registry.npmjs.org/@babel%2fhelper-annotate-as-pure 371ms (cache miss)
2439 silly packumentCache full:https://registry.npmjs.org/@babel%2fhelper-annotate-as-pure set size:undefined disposed:false
2440 silly fetch manifest @babel/plugin-syntax-jsx@^7.29.7
2441 silly packumentCache full:https://registry.npmjs.org/@babel%2fplugin-syntax-jsx cache-miss
2442 http fetch GET 200 https://registry.npmjs.org/@babel%2fplugin-syntax-typescript 254ms (cache miss)
2443 silly packumentCache full:https://registry.npmjs.org/@babel%2fplugin-syntax-typescript set size:undefined disposed:false
2444 silly fetch manifest @babel/plugin-syntax-flow@^7.12.1
2445 silly packumentCache full:https://registry.npmjs.org/@babel%2fplugin-syntax-flow cache-miss
2446 http fetch GET 200 https://registry.npmjs.org/babel-plugin-polyfill-corejs3 280ms (cache miss)
2447 silly packumentCache full:https://registry.npmjs.org/babel-plugin-polyfill-corejs3 set size:undefined disposed:false
2448 http cache https://registry.npmjs.org/@babel%2fplugin-syntax-flow 21ms (cache hit)
2449 silly packumentCache full:https://registry.npmjs.org/@babel%2fplugin-syntax-flow set size:201006 disposed:false
2450 http fetch GET 200 https://registry.npmjs.org/babel-plugin-polyfill-regenerator 357ms (cache miss)
2451 silly packumentCache full:https://registry.npmjs.org/babel-plugin-polyfill-regenerator set size:undefined disposed:false
2452 http fetch GET 200 https://registry.npmjs.org/babel-plugin-polyfill-corejs2 774ms (cache miss)
2453 silly packumentCache full:https://registry.npmjs.org/babel-plugin-polyfill-corejs2 set size:undefined disposed:false
2454 http fetch GET 200 https://registry.npmjs.org/@babel%2fplugin-syntax-jsx 1069ms (cache miss)
2455 silly packumentCache full:https://registry.npmjs.org/@babel%2fplugin-syntax-jsx set size:undefined disposed:false
2456 http fetch GET 200 https://registry.npmjs.org/@babel%2fhelper-create-class-features-plugin 1562ms (cache miss)
2457 silly packumentCache full:https://registry.npmjs.org/@babel%2fhelper-create-class-features-plugin set size:undefined disposed:false
2458 http fetch GET 200 https://registry.npmjs.org/@babel%2fplugin-syntax-jsx 808ms (cache miss)
2459 silly packumentCache full:https://registry.npmjs.org/@babel%2fplugin-syntax-jsx set size:undefined disposed:false
2460 silly placeDep ROOT @babel/helper-create-class-features-plugin@7.29.7 OK for: @babel/plugin-proposal-decorators@7.29.7 want: ^7.29.7
2461 silly placeDep ROOT @babel/plugin-syntax-decorators@7.29.7 OK for: @babel/plugin-proposal-decorators@7.29.7 want: ^7.29.7
2462 silly fetch manifest @babel/helper-optimise-call-expression@^7.29.7
2463 silly packumentCache full:https://registry.npmjs.org/@babel%2fhelper-optimise-call-expression cache-miss
2464 silly fetch manifest @babel/helper-member-expression-to-functions@^7.29.7
2465 silly packumentCache full:https://registry.npmjs.org/@babel%2fhelper-member-expression-to-functions cache-miss
2466 http fetch GET 200 https://registry.npmjs.org/@babel%2fhelper-member-expression-to-functions 248ms (cache miss)
2467 silly packumentCache full:https://registry.npmjs.org/@babel%2fhelper-member-expression-to-functions set size:undefined disposed:false
2468 http fetch GET 200 https://registry.npmjs.org/@babel%2fhelper-optimise-call-expression 438ms (cache miss)
2469 silly packumentCache full:https://registry.npmjs.org/@babel%2fhelper-optimise-call-expression set size:undefined disposed:false
2470 silly placeDep ROOT @babel/helper-annotate-as-pure@7.29.7 OK for: @babel/helper-create-class-features-plugin@7.29.7 want: ^7.29.7
2471 silly placeDep ROOT @babel/helper-member-expression-to-functions@7.29.7 OK for: @babel/helper-create-class-features-plugin@7.29.7 want: ^7.29.7
2472 silly placeDep ROOT @babel/helper-optimise-call-expression@7.29.7 OK for: @babel/helper-create-class-features-plugin@7.29.7 want: ^7.29.7
2473 silly placeDep ROOT @babel/helper-replace-supers@7.29.7 OK for: @babel/helper-create-class-features-plugin@7.29.7 want: ^7.29.7
2474 silly placeDep ROOT @babel/helper-skip-transparent-expression-wrappers@7.29.7 OK for: @babel/helper-create-class-features-plugin@7.29.7 want: ^7.29.7
2475 silly placeDep node_modules/@babel/helper-create-class-features-plugin semver@6.3.1 OK for: @babel/helper-create-class-features-plugin@7.29.7 want: ^6.3.1
2476 silly placeDep ROOT @babel/helper-remap-async-to-generator@7.29.7 OK for: @babel/plugin-transform-async-generator-functions@7.29.7 want: ^7.29.7
2477 silly fetch manifest @babel/helper-wrap-function@^7.29.7
2478 silly packumentCache full:https://registry.npmjs.org/@babel%2fhelper-wrap-function cache-miss
2479 http fetch GET 200 https://registry.npmjs.org/@babel%2fhelper-wrap-function 141ms (cache miss)
2480 silly packumentCache full:https://registry.npmjs.org/@babel%2fhelper-wrap-function set size:undefined disposed:false
2481 silly placeDep ROOT @babel/helper-wrap-function@7.29.7 OK for: @babel/helper-remap-async-to-generator@7.29.7 want: ^7.29.7
2482 silly placeDep ROOT @babel/plugin-syntax-flow@7.29.7 OK for: @babel/plugin-transform-flow-strip-types@7.29.7 want: ^7.29.7
2483 silly placeDep ROOT @babel/helper-create-regexp-features-plugin@7.29.7 OK for: @babel/plugin-transform-named-capturing-groups-regex@7.29.7 want: ^7.29.7
2484 silly fetch manifest regexpu-core@^6.3.1
2485 silly packumentCache full:https://registry.npmjs.org/regexpu-core cache-miss
2486 http fetch GET 200 https://registry.npmjs.org/regexpu-core 179ms (cache miss)
2487 silly packumentCache full:https://registry.npmjs.org/regexpu-core set size:undefined disposed:false
2488 silly placeDep ROOT regexpu-core@6.4.0 OK for: @babel/helper-create-regexp-features-plugin@7.29.7 want: ^6.3.1
2489 silly placeDep node_modules/@babel/helper-create-regexp-features-plugin semver@6.3.1 OK for: @babel/helper-create-regexp-features-plugin@7.29.7 want: ^6.3.1
2490 silly fetch manifest regenerate@^1.4.2
2491 silly packumentCache full:https://registry.npmjs.org/regenerate cache-miss
2492 silly fetch manifest regenerate-unicode-properties@^10.2.2
2493 silly packumentCache full:https://registry.npmjs.org/regenerate-unicode-properties cache-miss
2494 silly fetch manifest regjsgen@^0.8.0
2495 silly packumentCache full:https://registry.npmjs.org/regjsgen cache-miss
2496 silly fetch manifest regjsparser@^0.13.0
2497 silly packumentCache full:https://registry.npmjs.org/regjsparser cache-miss
2498 silly fetch manifest unicode-match-property-ecmascript@^2.0.0
2499 silly packumentCache full:https://registry.npmjs.org/unicode-match-property-ecmascript cache-miss
2500 silly fetch manifest unicode-match-property-value-ecmascript@^2.2.1
2501 silly packumentCache full:https://registry.npmjs.org/unicode-match-property-value-ecmascript cache-miss
2502 http fetch GET 200 https://registry.npmjs.org/unicode-match-property-value-ecmascript 147ms (cache miss)
2503 silly packumentCache full:https://registry.npmjs.org/unicode-match-property-value-ecmascript set size:undefined disposed:false
2504 http fetch GET 200 https://registry.npmjs.org/unicode-match-property-ecmascript 151ms (cache miss)
2505 silly packumentCache full:https://registry.npmjs.org/unicode-match-property-ecmascript set size:undefined disposed:false
2506 http fetch GET 200 https://registry.npmjs.org/regjsgen 157ms (cache miss)
2507 silly packumentCache full:https://registry.npmjs.org/regjsgen set size:undefined disposed:false
2508 http fetch GET 200 https://registry.npmjs.org/regjsparser 163ms (cache miss)
2509 silly packumentCache full:https://registry.npmjs.org/regjsparser set size:undefined disposed:false
2510 http fetch GET 200 https://registry.npmjs.org/regenerate-unicode-properties 355ms (cache miss)
2511 silly packumentCache full:https://registry.npmjs.org/regenerate-unicode-properties set size:undefined disposed:false
2512 http fetch GET 200 https://registry.npmjs.org/regenerate 363ms (cache miss)
2513 silly packumentCache full:https://registry.npmjs.org/regenerate set size:undefined disposed:false
2514 silly placeDep ROOT @babel/plugin-syntax-jsx@7.29.7 OK for: @babel/plugin-transform-react-jsx@7.29.7 want: ^7.29.7
2515 silly placeDep ROOT babel-plugin-polyfill-corejs2@0.4.17 OK for: @babel/plugin-transform-runtime@7.29.7 want: ^0.4.14
2516 silly placeDep ROOT babel-plugin-polyfill-corejs3@0.13.0 OK for: @babel/plugin-transform-runtime@7.29.7 want: ^0.13.0
2517 silly placeDep ROOT babel-plugin-polyfill-regenerator@0.6.8 OK for: @babel/plugin-transform-runtime@7.29.7 want: ^0.6.5
2518 silly placeDep node_modules/@babel/plugin-transform-runtime semver@6.3.1 OK for: @babel/plugin-transform-runtime@7.29.7 want: ^6.3.1
2519 silly fetch manifest @babel/helper-define-polyfill-provider@^0.6.8
2520 silly packumentCache full:https://registry.npmjs.org/@babel%2fhelper-define-polyfill-provider cache-miss
2521 silly fetch manifest core-js-compat@^3.43.0
2522 silly packumentCache full:https://registry.npmjs.org/core-js-compat cache-miss
2523 silly fetch manifest @babel/helper-define-polyfill-provider@^0.6.5
2524 silly packumentCache full:https://registry.npmjs.org/@babel%2fhelper-define-polyfill-provider cache-miss
2525 silly fetch manifest @babel/helper-define-polyfill-provider@^0.6.8
2526 silly packumentCache full:https://registry.npmjs.org/@babel%2fhelper-define-polyfill-provider cache-miss
2527 http fetch GET 200 https://registry.npmjs.org/@babel%2fhelper-define-polyfill-provider 179ms (cache miss)
2528 silly packumentCache full:https://registry.npmjs.org/@babel%2fhelper-define-polyfill-provider set size:undefined disposed:false
2529 http fetch GET 200 https://registry.npmjs.org/@babel%2fhelper-define-polyfill-provider 184ms (cache miss)
2530 silly packumentCache full:https://registry.npmjs.org/@babel%2fhelper-define-polyfill-provider set size:undefined disposed:false
2531 http fetch GET 200 https://registry.npmjs.org/core-js-compat 192ms (cache miss)
2532 silly packumentCache full:https://registry.npmjs.org/core-js-compat set size:undefined disposed:false
2533 http fetch GET 200 https://registry.npmjs.org/@babel%2fhelper-define-polyfill-provider 246ms (cache miss)
2534 silly packumentCache full:https://registry.npmjs.org/@babel%2fhelper-define-polyfill-provider set size:undefined disposed:false
2535 silly placeDep ROOT @babel/plugin-syntax-typescript@7.29.7 OK for: @babel/plugin-transform-typescript@7.29.7 want: ^7.29.7
2536 silly fetch manifest @babel/core@^7.4.0 || ^8.0.0-0 <8.0.0
2537 silly packumentCache full:https://registry.npmjs.org/@babel%2fcore cache-hit
2538 silly placeDep ROOT @babel/helper-define-polyfill-provider@0.6.8 OK for: babel-plugin-polyfill-corejs2@0.4.17 want: ^0.6.8
2539 silly placeDep node_modules/babel-plugin-polyfill-corejs2 semver@6.3.1 OK for: babel-plugin-polyfill-corejs2@0.4.17 want: ^6.3.1
2540 silly fetch manifest resolve@^1.22.11
2541 silly packumentCache full:https://registry.npmjs.org/resolve cache-miss
2542 silly fetch manifest lodash.debounce@^4.0.8
2543 silly packumentCache full:https://registry.npmjs.org/lodash.debounce cache-miss
2544 http fetch GET 200 https://registry.npmjs.org/resolve 572ms (cache miss)
2545 silly packumentCache full:https://registry.npmjs.org/resolve set size:undefined disposed:false
2546 http fetch GET 200 https://registry.npmjs.org/lodash.debounce 652ms (cache miss)
2547 silly packumentCache full:https://registry.npmjs.org/lodash.debounce set size:undefined disposed:false
2548 silly placeDep ROOT lodash.debounce@4.0.8 OK for: @babel/helper-define-polyfill-provider@0.6.8 want: ^4.0.8
2549 silly placeDep ROOT resolve@1.22.12 OK for: @babel/helper-define-polyfill-provider@0.6.8 want: ^1.22.11
2550 silly fetch manifest es-errors@^1.3.0
2551 silly packumentCache full:https://registry.npmjs.org/es-errors cache-miss
2552 silly fetch manifest path-parse@^1.0.7
2553 silly packumentCache full:https://registry.npmjs.org/path-parse cache-miss
2554 silly fetch manifest is-core-module@^2.16.1
2555 silly packumentCache full:https://registry.npmjs.org/is-core-module cache-miss
2556 silly fetch manifest supports-preserve-symlinks-flag@^1.0.0
2557 silly packumentCache full:https://registry.npmjs.org/supports-preserve-symlinks-flag cache-miss
2558 http fetch GET 200 https://registry.npmjs.org/supports-preserve-symlinks-flag 85ms (cache miss)
2559 silly packumentCache full:https://registry.npmjs.org/supports-preserve-symlinks-flag set size:undefined disposed:false
2560 http fetch GET 200 https://registry.npmjs.org/is-core-module 103ms (cache miss)
2561 silly packumentCache full:https://registry.npmjs.org/is-core-module set size:undefined disposed:false
2562 http fetch GET 200 https://registry.npmjs.org/es-errors 384ms (cache miss)
2563 silly packumentCache full:https://registry.npmjs.org/es-errors set size:undefined disposed:false
2564 http fetch GET 200 https://registry.npmjs.org/path-parse 688ms (cache miss)
2565 silly packumentCache full:https://registry.npmjs.org/path-parse set size:undefined disposed:false
2566 silly placeDep ROOT core-js-compat@3.50.0 OK for: babel-plugin-polyfill-corejs3@0.13.0 want: ^3.43.0
2567 silly placeDep ROOT regenerate@1.4.2 OK for: regexpu-core@6.4.0 want: ^1.4.2
2568 silly placeDep ROOT regenerate-unicode-properties@10.2.2 OK for: regexpu-core@6.4.0 want: ^10.2.2
2569 silly placeDep ROOT regjsgen@0.8.0 OK for: regexpu-core@6.4.0 want: ^0.8.0
2570 silly placeDep ROOT regjsparser@0.13.2 OK for: regexpu-core@6.4.0 want: ^0.13.0
2571 silly placeDep ROOT unicode-match-property-ecmascript@2.0.0 OK for: regexpu-core@6.4.0 want: ^2.0.0
2572 silly placeDep ROOT unicode-match-property-value-ecmascript@2.2.1 OK for: regexpu-core@6.4.0 want: ^2.2.1
2573 silly fetch manifest unicode-canonical-property-names-ecmascript@^2.0.0
2574 silly packumentCache full:https://registry.npmjs.org/unicode-canonical-property-names-ecmascript cache-miss
2575 silly fetch manifest unicode-property-aliases-ecmascript@^2.0.0
2576 silly packumentCache full:https://registry.npmjs.org/unicode-property-aliases-ecmascript cache-miss
2577 http fetch GET 200 https://registry.npmjs.org/unicode-canonical-property-names-ecmascript 165ms (cache miss)
2578 silly packumentCache full:https://registry.npmjs.org/unicode-canonical-property-names-ecmascript set size:undefined disposed:false
2579 http fetch GET 200 https://registry.npmjs.org/unicode-property-aliases-ecmascript 175ms (cache miss)
2580 silly packumentCache full:https://registry.npmjs.org/unicode-property-aliases-ecmascript set size:undefined disposed:false
2581 silly placeDep ROOT es-errors@1.3.0 OK for: resolve@1.22.12 want: ^1.3.0
2582 silly placeDep ROOT is-core-module@2.16.2 OK for: resolve@1.22.12 want: ^2.16.1
2583 silly placeDep ROOT path-parse@1.0.7 OK for: resolve@1.22.12 want: ^1.0.7
2584 silly placeDep ROOT supports-preserve-symlinks-flag@1.0.0 OK for: resolve@1.22.12 want: ^1.0.0
2585 silly fetch manifest hasown@^2.0.3
2586 silly packumentCache full:https://registry.npmjs.org/hasown cache-miss
2587 http fetch GET 200 https://registry.npmjs.org/hasown 357ms (cache miss)
2588 silly packumentCache full:https://registry.npmjs.org/hasown set size:undefined disposed:false
2589 silly placeDep ROOT hasown@2.0.4 OK for: is-core-module@2.16.2 want: ^2.0.3
2590 silly fetch manifest function-bind@^1.1.2
2591 silly packumentCache full:https://registry.npmjs.org/function-bind cache-miss
2592 http fetch GET 200 https://registry.npmjs.org/function-bind 95ms (cache miss)
2593 silly packumentCache full:https://registry.npmjs.org/function-bind set size:undefined disposed:false
2594 silly placeDep ROOT function-bind@1.1.2 OK for: hasown@2.0.4 want: ^1.1.2
2595 silly placeDep ROOT unicode-canonical-property-names-ecmascript@2.0.1 OK for: unicode-match-property-ecmascript@2.0.0 want: ^2.0.0
2596 silly placeDep ROOT unicode-property-aliases-ecmascript@2.2.0 OK for: unicode-match-property-ecmascript@2.0.0 want: ^2.0.0
2597 silly placeDep ROOT fontfaceobserver@2.3.0 OK for: expo-font@57.0.3 want: ^2.1.0
2598 silly placeDep node_modules/expo hermes-estree@0.36.1 OK for: hermes-parser@0.36.1 want: 0.36.1
2599 silly placeDep node_modules/expo mime-db@1.52.0 OK for: mime-types@2.1.35 want: 1.52.0
2600 silly placeDep node_modules/finalhandler ms@2.0.0 OK for: debug@2.6.9 want: 2.0.0
2601 silly placeDep node_modules/lighthouse-logger ms@2.0.0 OK for: debug@2.6.9 want: 2.0.0
2602 silly placeDep node_modules/log-symbols ansi-styles@3.2.1 OK for: chalk@2.4.2 want: ^3.2.1
2603 silly placeDep node_modules/log-symbols escape-string-regexp@1.0.5 OK for: chalk@2.4.2 want: ^1.0.5
2604 silly placeDep node_modules/log-symbols supports-color@5.5.0 OK for: chalk@2.4.2 want: ^5.3.0
2605 silly fetch manifest color-convert@^1.9.0
2606 silly packumentCache full:https://registry.npmjs.org/color-convert cache-miss
2607 silly fetch manifest has-flag@^3.0.0
2608 silly packumentCache full:https://registry.npmjs.org/has-flag cache-miss
2609 http cache https://registry.npmjs.org/has-flag 12ms (cache hit)
2610 silly packumentCache full:https://registry.npmjs.org/has-flag set size:15180 disposed:false
2611 http cache https://registry.npmjs.org/color-convert 14ms (cache hit)
2612 silly packumentCache full:https://registry.npmjs.org/color-convert set size:72663 disposed:false
2613 silly placeDep node_modules/log-symbols color-convert@1.9.3 OK for: ansi-styles@3.2.1 want: ^1.9.0
2614 silly fetch manifest color-name@1.1.3
2615 silly packumentCache full:https://registry.npmjs.org/color-name cache-miss
2616 http cache https://registry.npmjs.org/color-name 6ms (cache hit)
2617 silly packumentCache full:https://registry.npmjs.org/color-name set size:20968 disposed:false
2618 silly placeDep node_modules/log-symbols color-name@1.1.3 OK for: color-convert@1.9.3 want: 1.1.3
2619 silly placeDep node_modules/log-symbols has-flag@3.0.0 OK for: supports-color@5.5.0 want: ^3.0.0
2620 silly placeDep node_modules/ora ansi-styles@3.2.1 OK for: chalk@2.4.2 want: ^3.2.1
2621 silly placeDep node_modules/ora escape-string-regexp@1.0.5 OK for: chalk@2.4.2 want: ^1.0.5
2622 silly placeDep node_modules/ora supports-color@5.5.0 OK for: chalk@2.4.2 want: ^5.3.0
2623 silly placeDep node_modules/ora color-convert@1.9.3 OK for: ansi-styles@3.2.1 want: ^1.9.0
2624 silly placeDep node_modules/ora color-name@1.1.3 OK for: color-convert@1.9.3 want: 1.1.3
2625 silly placeDep node_modules/ora ansi-regex@4.1.1 OK for: strip-ansi@5.2.0 want: ^4.1.0
2626 silly placeDep node_modules/ora has-flag@3.0.0 OK for: supports-color@5.5.0 want: ^3.0.0
2627 silly placeDep node_modules/send/node_modules/debug ms@2.0.0 OK for: debug@2.6.9 want: 2.0.0
2628 silly reify moves {}
2629 silly audit bulk request {
2629 silly audit   expo: [ '57.0.20' ],
2629 silly audit   react: [ '19.2.3' ],
2629 silly audit   'react-native': [ '0.86.3' ],
2629 silly audit   'expo-status-bar': [ '57.0.1' ],
2629 silly audit   '@babel/runtime': [ '7.29.7' ],
2629 silly audit   '@expo/cli': [ '57.0.22' ],
2629 silly audit   '@expo/config': [ '57.0.9' ],
2629 silly audit   '@expo/config-plugins': [ '57.0.9' ],
2629 silly audit   '@expo/devtools': [ '57.0.1' ],
2629 silly audit   '@expo/dom-webview': [ '57.0.1' ],
2629 silly audit   '@expo/fingerprint': [ '0.20.12' ],
2629 silly audit   '@expo/local-build-cache-provider': [ '57.0.8' ],
2629 silly audit   '@expo/log-box': [ '57.0.4' ],
2629 silly audit   '@expo/metro': [ '56.0.2' ],
2629 silly audit   '@expo/metro-config': [ '57.0.12' ],
2629 silly audit   '@ungap/structured-clone': [ '1.4.0' ],
2629 silly audit   'babel-preset-expo': [ '57.0.10' ],
2629 silly audit   'react-refresh': [ '0.14.2' ],
2629 silly audit   'expo-asset': [ '57.0.16' ],
2629 silly audit   'expo-constants': [ '57.0.17' ],
2629 silly audit   'expo-file-system': [ '57.0.6' ],
2629 silly audit   'expo-font': [ '57.0.3' ],
2629 silly audit   'expo-keep-awake': [ '57.0.1' ],
2629 silly audit   'expo-modules-autolinking': [ '57.0.12' ],
2629 silly audit   'expo-modules-core': [ '57.0.16' ],
2629 silly audit   'pretty-format': [ '29.7.0' ],
2629 silly audit   'whatwg-url-minimum': [ '0.1.2' ],
2629 silly audit   '@expo/config-types': [ '57.0.2' ],
2629 silly audit   '@expo/json-file': [ '11.0.1' ],
2629 silly audit   '@expo/require-utils': [ '57.0.5' ],
2629 silly audit   deepmerge: [ '4.3.1' ],
2629 silly audit   getenv: [ '2.0.0' ],
2629 silly audit   glob: [ '13.0.6' ],
2629 silly audit   'resolve-workspace-root': [ '2.0.1' ],
2629 silly audit   semver: [ '7.8.5', '6.3.1' ],
2629 silly audit   slugify: [ '1.6.9' ],
2629 silly audit   '@expo/plist': [ '0.8.1' ],
2629 silly audit   '@expo/sdk-runtime-versions': [ '1.0.0' ],
2629 silly audit   chalk: [ '4.1.2', '2.4.2' ],
2629 silly audit   debug: [ '4.4.3', '2.6.9', '3.2.7' ],
2629 silly audit   xcode: [ '3.0.1' ],
2629 silly audit   xml2js: [ '0.6.0' ],
2629 silly audit   '@expo/env': [ '2.4.3' ],
2629 silly audit   '@expo/spawn-async': [ '1.8.0' ],
2629 silly audit   arg: [ '5.0.2' ],
2629 silly audit   ignore: [ '5.3.2' ],
2629 silly audit   minimatch: [ '10.2.6' ],
2629 silly audit   'resolve-from': [ '5.0.0' ],
2629 silly audit   '@babel/code-frame': [ '7.29.7' ],
2629 silly audit   json5: [ '2.2.3' ],
2629 silly audit   '@babel/helper-validator-identifier': [ '7.29.7' ],
2629 silly audit   'js-tokens': [ '4.0.0' ],
2629 silly audit   picocolors: [ '1.1.1' ],
2629 silly audit   metro: [ '0.84.5' ],
2629 silly audit   'metro-babel-transformer': [ '0.84.5' ],
2629 silly audit   'metro-cache': [ '0.84.5' ],
2629 silly audit   'metro-cache-key': [ '0.84.5' ],
2629 silly audit   'metro-config': [ '0.84.5' ],
2629 silly audit   'metro-core': [ '0.84.5' ],
2629 silly audit   'metro-file-map': [ '0.84.5' ],
2629 silly audit   'metro-minify-terser': [ '0.84.5' ],
2629 silly audit   'metro-resolver': [ '0.84.5' ],
2629 silly audit   'metro-runtime': [ '0.84.5' ],
2629 silly audit   'metro-source-map': [ '0.84.5' ],
2629 silly audit   'metro-symbolicate': [ '0.84.5' ],
2629 silly audit   'metro-transform-plugins': [ '0.84.5' ],
2629 silly audit   'metro-transform-worker': [ '0.84.5' ],
2629 silly audit   '@xmldom/xmldom': [ '0.8.15', '0.9.12' ],
2629 silly audit   'base64-js': [ '1.5.1' ],
2629 silly audit   xmlbuilder: [ '15.1.1', '11.0.1' ],
2629 silly audit   '@babel/core': [ '7.29.7' ],
2629 silly audit   '@babel/plugin-transform-modules-commonjs': [ '7.29.7' ],
2629 silly audit   '@babel/generator': [ '7.29.8' ],
2629 silly audit   '@babel/helper-compilation-targets': [ '7.29.7' ],
2629 silly audit   '@babel/helper-module-transforms': [ '7.29.7' ],
2629 silly audit   '@babel/helpers': [ '7.29.7' ],
2629 silly audit   '@babel/parser': [ '7.29.8' ],
2629 silly audit   '@babel/template': [ '7.29.7' ],
2629 silly audit   '@babel/traverse': [ '7.29.8' ],
2629 silly audit   '@babel/types': [ '7.29.8' ],
2629 silly audit   '@jridgewell/remapping': [ '2.3.5' ],
2629 silly audit   'convert-source-map': [ '2.0.0' ],
2629 silly audit   gensync: [ '1.0.0-beta.2' ],
2629 silly audit   '@jridgewell/gen-mapping': [ '0.3.13' ],
2629 silly audit   '@jridgewell/trace-mapping': [ '0.3.31' ],
2629 silly audit   jsesc: [ '3.1.0' ],
2629 silly audit   '@babel/compat-data': [ '7.29.7' ],
2629 silly audit   '@babel/helper-validator-option': [ '7.29.7' ],
2629 silly audit   browserslist: [ '4.28.9' ],
2629 silly audit   'lru-cache': [ '5.1.1', '11.5.2', '10.4.3' ],
2629 silly audit   '@babel/helper-module-imports': [ '7.29.7' ],
2629 silly audit   '@babel/helper-plugin-utils': [ '7.29.7' ],
2629 silly audit   '@babel/helper-globals': [ '7.29.7' ],
2629 silly audit   '@babel/helper-string-parser': [ '7.29.7' ],
2629 silly audit   'cross-spawn': [ '7.0.6' ],
2629 silly audit   '@jridgewell/sourcemap-codec': [ '1.6.0' ],
2629 silly audit   '@jridgewell/resolve-uri': [ '3.1.2' ],
2629 silly audit   'baseline-browser-mapping': [ '2.11.21' ],
2629 silly audit   'caniuse-lite': [ '1.0.30001810' ],
2629 silly audit   'electron-to-chromium': [ '1.5.423' ],
2629 silly audit   'node-releases': [ '2.0.54' ],
2629 silly audit   'update-browserslist-db': [ '1.3.2' ],
2629 silly audit   'ansi-styles': [ '4.3.0', '5.2.0', '3.2.1' ],
2629 silly audit   'supports-color': [ '7.2.0', '8.1.1', '5.5.0' ],
2629 silly audit   'color-convert': [ '2.0.1', '1.9.3' ],
2629 silly audit   'color-name': [ '1.1.4', '1.1.3' ],
2629 silly audit   'path-key': [ '3.1.1' ],
2629 silly audit   'shebang-command': [ '2.0.0' ],
2629 silly audit   which: [ '2.0.2' ],
2629 silly audit   ms: [ '2.1.3', '2.0.0' ],
2629 silly audit   commander: [ '7.2.0', '12.1.0', '2.20.3' ],
2629 silly audit   '@expo/expo-modules-macros-plugin': [ '0.6.1' ],
2629 silly audit   'expo-modules-jsi': [ '57.0.8' ],
2629 silly audit   invariant: [ '2.2.4' ],
2629 silly audit   minipass: [ '7.1.3' ],
2629 silly audit   'path-scurry': [ '2.0.2' ],
2629 silly audit   'loose-envify': [ '1.4.0' ],
2629 silly audit   yallist: [ '3.1.1' ],
2629 silly audit   accepts: [ '2.0.0', '1.3.8' ],
2629 silly audit   'ci-info': [ '2.0.0', '3.9.0' ],
2629 silly audit   connect: [ '3.7.0' ],
2629 silly audit   'error-stack-parser': [ '2.1.4' ],
2629 silly audit   'flow-enums-runtime': [ '0.0.6' ],
2629 silly audit   'graceful-fs': [ '4.2.11' ],
2629 silly audit   'hermes-parser': [ '0.35.0', '0.36.0', '0.36.1' ],
2629 silly audit   'jest-worker': [ '29.7.0' ],
2629 silly audit   'jsc-safe-url': [ '0.2.4' ],
2629 silly audit   'lodash.throttle': [ '4.1.1' ],
2629 silly audit   'mime-types': [ '3.0.2', '2.1.35' ],
2629 silly audit   nullthrows: [ '1.1.1' ],
2629 silly audit   'serialize-error': [ '2.1.0' ],
2629 silly audit   'source-map': [ '0.5.7', '0.6.1' ],
2629 silly audit   throat: [ '5.0.0' ],
2629 silly audit   ws: [ '7.5.13', '8.21.3' ],
2629 silly audit   yargs: [ '17.7.3' ],
2629 silly audit   negotiator: [ '1.1.0', '0.6.4', '0.6.3' ],
2629 silly audit   finalhandler: [ '1.1.2' ],
2629 silly audit   parseurl: [ '1.3.3' ],
2629 silly audit   'utils-merge': [ '1.0.1' ],
2629 silly audit   stackframe: [ '1.3.4' ],
2629 silly audit   encodeurl: [ '1.0.2', '2.0.0' ],
2629 silly audit   'escape-html': [ '1.0.3' ],
2629 silly audit   'on-finished': [ '2.3.0', '2.4.1' ],
2629 silly audit   statuses: [ '1.5.0', '2.0.2' ],
2629 silly audit   unpipe: [ '1.0.0' ],
2629 silly audit   'hermes-estree': [ '0.35.0', '0.36.0', '0.36.1' ],
2629 silly audit   '@types/node': [ '26.5.0' ],
2629 silly audit   'jest-util': [ '29.7.0' ],
2629 silly audit   'merge-stream': [ '2.0.0' ],
2629 silly audit   'undici-types': [ '8.9.0' ],
2629 silly audit   '@jest/types': [ '29.6.3' ],
2629 silly audit   picomatch: [ '2.3.2', '4.0.7' ],
2629 silly audit   '@jest/schemas': [ '29.6.3' ],
2629 silly audit   '@types/istanbul-lib-coverage': [ '2.0.6' ],
2629 silly audit   '@types/istanbul-reports': [ '3.0.4' ],
2629 silly audit   '@types/yargs': [ '17.0.35' ],
2629 silly audit   '@sinclair/typebox': [ '0.27.12' ],
2629 silly audit   '@types/istanbul-lib-report': [ '3.0.3' ],
2629 silly audit   '@types/yargs-parser': [ '21.0.3' ],
2629 silly audit   'exponential-backoff': [ '3.1.3' ],
2629 silly audit   'https-proxy-agent': [ '7.0.6' ],
2629 silly audit   'agent-base': [ '7.1.4' ],
2629 silly audit   'jest-validate': [ '29.7.0' ],
2629 silly audit   yaml: [ '2.9.0' ],
2629 silly audit   camelcase: [ '6.3.0' ],
2629 silly audit   'jest-get-type': [ '29.6.3' ],
2629 silly audit   leven: [ '3.1.0' ],
2629 silly audit   'fb-watchman': [ '2.0.2' ],
2629 silly audit   micromatch: [ '4.0.8' ],
2629 silly audit   walker: [ '1.0.8' ],
2629 silly audit   bser: [ '2.1.1' ],
2629 silly audit   'node-int64': [ '0.4.0' ],
2629 silly audit   terser: [ '5.51.2' ],
2629 silly audit   ob1: [ '0.84.5' ],
2629 silly audit   vlq: [ '1.0.1' ],
2629 silly audit   braces: [ '3.0.3' ],
2629 silly audit   'fill-range': [ '7.1.1' ],
2629 silly audit   'to-regex-range': [ '5.0.1' ],
2629 silly audit   'mime-db': [ '1.54.0', '1.52.0' ],
2629 silly audit   'brace-expansion': [ '5.0.9' ],
2629 silly audit   'balanced-match': [ '4.0.4' ],
2629 silly audit   'content-type': [ '2.1.0' ],
2629 silly audit   'ee-first': [ '1.1.1' ],
2629 silly audit   'react-is': [ '18.3.1' ],
2629 silly audit   '@react-native/assets-registry': [ '0.86.3' ],
2629 silly audit   '@react-native/codegen': [ '0.86.3' ],
2629 silly audit   '@react-native/community-cli-plugin': [ '0.86.3' ],
2629 silly audit   '@react-native/gradle-plugin': [ '0.86.3' ],
2629 silly audit   '@react-native/js-polyfills': [ '0.86.3' ],
2629 silly audit   '@react-native/normalize-colors': [ '0.86.3' ],
2629 silly audit   '@react-native/virtualized-lists': [ '0.86.3' ],
2629 silly audit   'abort-controller': [ '3.0.0' ],
2629 silly audit   anser: [ '1.4.10' ],
2629 silly audit   'ansi-regex': [ '5.0.1', '4.1.1' ],
2629 silly audit   'babel-plugin-syntax-hermes-parser': [ '0.36.0' ],
2629 silly audit   'hermes-compiler': [ '250829098.0.17' ],
2629 silly audit   'memoize-one': [ '5.2.1' ],
2629 silly audit   promise: [ '8.3.0' ],
2629 silly audit   'react-devtools-core': [ '6.1.5' ],
2629 silly audit   'regenerator-runtime': [ '0.13.11' ],
2629 silly audit   scheduler: [ '0.27.0' ],
2629 silly audit   'stacktrace-parser': [ '0.1.11' ],
2629 silly audit   tinyglobby: [ '0.2.17' ],
2629 silly audit   'whatwg-fetch': [ '3.6.20' ],
2629 silly audit   '@react-native/dev-middleware': [ '0.86.3' ],
2629 silly audit   '@isaacs/ttlcache': [ '1.4.1' ],
2629 silly audit   '@react-native/debugger-frontend': [ '0.86.3' ],
2629 silly audit   '@react-native/debugger-shell': [ '0.86.3' ],
2629 silly audit   'chrome-launcher': [ '0.15.2' ],
2629 silly audit   'chromium-edge-launcher': [ '0.3.0' ],
2629 silly audit   open: [ '7.4.2' ],
2629 silly audit   'serve-static': [ '1.16.3' ],
2629 silly audit   'fb-dotslash': [ '0.5.8' ],
2629 silly audit   'event-target-shim': [ '5.0.1' ],
2629 silly audit   'escape-string-regexp': [ '4.0.0', '1.0.5' ],
2629 silly audit   'is-wsl': [ '2.2.0' ],
2629 silly audit   'lighthouse-logger': [ '1.4.2' ],
2629 silly audit   mkdirp: [ '1.0.4' ],
2629 silly audit   'is-docker': [ '2.2.1' ],
2629 silly audit   marky: [ '1.3.0' ],
2629 silly audit   asap: [ '2.0.6' ],
2629 silly audit   'shell-quote': [ '1.10.0' ],
2629 silly audit   send: [ '0.19.2' ],
2629 silly audit   depd: [ '2.0.0' ],
2629 silly audit   destroy: [ '1.2.0' ],
2629 silly audit   etag: [ '1.8.1' ],
2629 silly audit   fresh: [ '0.5.2' ],
2629 silly audit   'http-errors': [ '2.0.1' ],
2629 silly audit   mime: [ '1.6.0' ],
2629 silly audit   'range-parser': [ '1.2.1' ],
2629 silly audit   inherits: [ '2.0.4' ],
2629 silly audit   setprototypeof: [ '1.2.0' ],
2629 silly audit   toidentifier: [ '1.0.1' ],
2629 silly audit   'shebang-regex': [ '3.0.0' ],
2629 silly audit   'type-fest': [ '0.7.1', '0.21.3' ],
2629 silly audit   'has-flag': [ '4.0.0', '3.0.0' ],
2629 silly audit   '@jridgewell/source-map': [ '0.3.11' ],
2629 silly audit   acorn: [ '8.18.0' ],
2629 silly audit   'source-map-support': [ '0.5.21' ],
2629 silly audit   'buffer-from': [ '1.1.2' ],
2629 silly audit   fdir: [ '6.5.0' ],
2629 silly audit   'is-number': [ '7.0.0' ],
2629 silly audit   escalade: [ '3.2.0' ],
2629 silly audit   makeerror: [ '1.0.12' ],
2629 silly audit   tmpl: [ '1.0.5' ],
2629 silly audit   isexe: [ '2.0.0' ],
2629 silly audit   'simple-plist': [ '1.3.1' ],
2629 silly audit   uuid: [ '7.0.3' ],
2629 silly audit   'bplist-creator': [ '0.1.0' ],
2629 silly audit   'bplist-parser': [ '0.3.1' ],
2629 silly audit   plist: [ '3.1.1' ],
2629 silly audit   'stream-buffers': [ '2.2.0' ],
2629 silly audit   'big-integer': [ '1.6.52' ],
2629 silly audit   sax: [ '1.6.1' ],
2629 silly audit   cliui: [ '8.0.1' ],
2629 silly audit   'get-caller-file': [ '2.0.5' ],
2629 silly audit   'require-directory': [ '2.1.1' ],
2629 silly audit   'string-width': [ '4.2.3' ],
2629 silly audit   y18n: [ '5.0.8' ],
2629 silly audit   'yargs-parser': [ '21.1.1' ],
2629 silly audit   'strip-ansi': [ '6.0.1', '5.2.0' ],
2629 silly audit   'wrap-ansi': [ '7.0.0' ],
2629 silly audit   'emoji-regex': [ '8.0.0' ],
2629 silly audit   'is-fullwidth-code-point': [ '3.0.0' ],
2629 silly audit   '@expo/code-signing-certificates': [ '0.0.6' ],
2629 silly audit   '@expo/devcert': [ '1.2.1' ],
2629 silly audit   '@expo/image-utils': [ '0.11.5' ],
2629 silly audit   '@expo/inline-modules': [ '0.1.7' ],
2629 silly audit   '@expo/metro-file-map': [ '57.0.2' ],
2629 silly audit   '@expo/osascript': [ '2.7.1' ],
2629 silly audit   '@expo/package-manager': [ '1.13.1' ],
2629 silly audit   '@expo/prebuild-config': [ '57.0.15' ],
2629 silly audit   '@expo/router-server': [ '57.0.9' ],
2629 silly audit   'expo-server': [ '57.0.3' ],
2629 silly audit   '@expo/schema-utils': [ '57.0.2' ],
2629 silly audit   '@expo/ws-tunnel': [ '2.0.0' ],
2629 silly audit   '@expo/xcpretty': [ '4.4.4' ],
2629 silly audit   'agent-cli-detector': [ '0.1.7' ],
2629 silly audit   compression: [ '1.8.1' ],
2629 silly audit   'dnssd-advertise': [ '1.1.6' ],
2629 silly audit   'fetch-nodeshim': [ '0.4.10' ],
2629 silly audit   'lan-network': [ '0.2.1' ],
2629 silly audit   multitars: [ '1.0.2' ],
2629 silly audit   'node-forge': [ '1.4.0' ],
2629 silly audit   'npm-package-arg': [ '11.0.3' ],
2629 silly audit   ora: [ '3.4.0' ],
2629 silly audit   progress: [ '2.0.3' ],
2629 silly audit   prompts: [ '2.4.2' ],
2629 silly audit   'sandbox-cli-detector': [ '0.2.0' ],
2629 silly audit   'structured-headers': [ '0.4.1' ],
2629 silly audit   'terminal-link': [ '2.1.1' ],
2629 silly audit   toqr: [ '0.1.1' ],
2629 silly audit   zod: [ '3.25.76' ],
2629 silly audit   '@expo/sudo-prompt': [ '9.3.2' ],
2629 silly audit   'jimp-compact': [ '0.16.1' ],
2629 silly audit   'parse-png': [ '2.1.0' ],
2629 silly audit   'js-yaml': [ '4.3.2' ],
2629 silly audit   bytes: [ '3.1.2' ],
2629 silly audit   compressible: [ '2.0.18' ],
2629 silly audit   'on-headers': [ '1.1.0' ],
2629 silly audit   'safe-buffer': [ '5.2.1' ],
2629 silly audit   vary: [ '1.1.2' ],
2629 silly audit   argparse: [ '2.0.1' ],
2629 silly audit   'hosted-git-info': [ '7.0.2' ],
2629 silly audit   'proc-log': [ '4.2.0' ],
2629 silly audit   'validate-npm-package-name': [ '5.0.1' ],
2629 silly audit   'cli-cursor': [ '2.1.0' ],
2629 silly audit   'cli-spinners': [ '2.9.2' ],
2629 silly audit   'log-symbols': [ '2.2.0' ],
2629 silly audit   wcwidth: [ '1.0.1' ],
2629 silly audit   'restore-cursor': [ '2.0.0' ],
2629 silly audit   pngjs: [ '3.4.0' ],
2629 silly audit   kleur: [ '3.0.3' ],
2629 silly audit   sisteransi: [ '1.0.5' ],
2629 silly audit   onetime: [ '2.0.1' ],
2629 silly audit   'signal-exit': [ '3.0.7' ],
2629 silly audit   'mimic-fn': [ '1.2.0' ],
2629 silly audit   'ansi-escapes': [ '4.3.2' ],
2629 silly audit   'supports-hyperlinks': [ '2.3.0' ],
2629 silly audit   defaults: [ '1.0.4' ],
2629 silly audit   clone: [ '1.0.4' ],
2629 silly audit   lightningcss: [ '1.33.0' ],
2629 silly audit   postcss: [ '8.5.28' ],
2629 silly audit   'detect-libc': [ '2.1.2' ],
2629 silly audit   'lightningcss-android-arm64': [ '1.33.0' ],
2629 silly audit   'lightningcss-darwin-arm64': [ '1.33.0' ],
2629 silly audit   'lightningcss-darwin-x64': [ '1.33.0' ],
2629 silly audit   'lightningcss-freebsd-x64': [ '1.33.0' ],
2629 silly audit   'lightningcss-linux-arm-gnueabihf': [ '1.33.0' ],
2629 silly audit   'lightningcss-linux-arm64-gnu': [ '1.33.0' ],
2629 silly audit   'lightningcss-linux-arm64-musl': [ '1.33.0' ],
2629 silly audit   'lightningcss-linux-x64-gnu': [ '1.33.0' ],
2629 silly audit   'lightningcss-linux-x64-musl': [ '1.33.0' ],
2629 silly audit   'lightningcss-win32-arm64-msvc': [ '1.33.0' ],
2629 silly audit   'lightningcss-win32-x64-msvc': [ '1.33.0' ],
2629 silly audit   nanoid: [ '3.3.18' ],
2629 silly audit   'source-map-js': [ '1.2.1' ],
2629 silly audit   '@babel/plugin-proposal-decorators': [ '7.29.7' ],
2629 silly audit   '@babel/plugin-proposal-export-default-from': [ '7.29.7' ],
2629 silly audit   '@babel/plugin-syntax-dynamic-import': [ '7.8.3' ],
2629 silly audit   '@babel/plugin-syntax-export-default-from': [ '7.29.7' ],
2629 silly audit   '@babel/plugin-syntax-nullish-coalescing-operator': [ '7.8.3' ],
2629 silly audit   '@babel/plugin-syntax-optional-chaining': [ '7.8.3' ],
2629 silly audit   '@babel/plugin-transform-async-generator-functions': [ '7.29.7' ],
2629 silly audit   '@babel/plugin-transform-async-to-generator': [ '7.29.7' ],
2629 silly audit   '@babel/plugin-transform-block-scoping': [ '7.29.7' ],
2629 silly audit   '@babel/plugin-transform-class-properties': [ '7.29.7' ],
2629 silly audit   '@babel/plugin-transform-class-static-block': [ '7.29.7' ],
2629 silly audit   '@babel/plugin-transform-classes': [ '7.29.7' ],
2629 silly audit   '@babel/plugin-transform-destructuring': [ '7.29.7' ],
2629 silly audit   '@babel/plugin-transform-export-namespace-from': [ '7.29.7' ],
2629 silly audit   '@babel/plugin-transform-flow-strip-types': [ '7.29.7' ],
2629 silly audit   '@babel/plugin-transform-for-of': [ '7.29.7' ],
2629 silly audit   '@babel/plugin-transform-logical-assignment-operators': [ '7.29.7' ],
2629 silly audit   '@babel/plugin-transform-named-capturing-groups-regex': [ '7.29.7' ],
2629 silly audit   '@babel/plugin-transform-nullish-coalescing-operator': [ '7.29.7' ],
2629 silly audit   '@babel/plugin-transform-object-rest-spread': [ '7.29.7' ],
2629 silly audit   '@babel/plugin-transform-optional-catch-binding': [ '7.29.7' ],
2629 silly audit   '@babel/plugin-transform-optional-chaining': [ '7.29.7' ],
2629 silly audit   '@babel/plugin-transform-parameters': [ '7.29.7' ],
2629 silly audit   '@babel/plugin-transform-private-methods': [ '7.29.7' ],
2629 silly audit   '@babel/plugin-transform-private-property-in-object': [ '7.29.7' ],
2629 silly audit   '@babel/plugin-transform-react-display-name': [ '7.29.7' ],
2629 silly audit   '@babel/plugin-transform-react-jsx': [ '7.29.7' ],
2629 silly audit   '@babel/plugin-transform-react-jsx-development': [ '7.29.7' ],
2629 silly audit   '@babel/plugin-transform-react-pure-annotations': [ '7.29.7' ],
2629 silly audit   '@babel/plugin-transform-runtime': [ '7.29.7' ],
2629 silly audit   '@babel/plugin-transform-typescript': [ '7.29.7' ],
2629 silly audit   '@babel/plugin-transform-unicode-regex': [ '7.29.7' ],
2629 silly audit   '@babel/preset-typescript': [ '7.29.7' ],
2629 silly audit   '@react-native/babel-plugin-codegen': [ '0.86.3' ],
2629 silly audit   'babel-plugin-react-compiler': [ '1.0.0' ],
2629 silly audit   'babel-plugin-react-native-web': [ '0.21.2' ],
2629 silly audit   'babel-plugin-transform-flow-enums': [ '0.0.2' ],
2629 silly audit   '@babel/helper-create-class-features-plugin': [ '7.29.7' ],
2629 silly audit   '@babel/plugin-syntax-decorators': [ '7.29.7' ],
2629 silly audit   '@babel/helper-annotate-as-pure': [ '7.29.7' ],
2629 silly audit   '@babel/helper-member-expression-to-functions': [ '7.29.7' ],
2629 silly audit   '@babel/helper-optimise-call-expression': [ '7.29.7' ],
2629 silly audit   '@babel/helper-replace-supers': [ '7.29.7' ],
2629 silly audit   '@babel/helper-skip-transparent-expression-wrappers': [ '7.29.7' ],
2629 silly audit   '@babel/helper-remap-async-to-generator': [ '7.29.7' ],
2629 silly audit   '@babel/helper-wrap-function': [ '7.29.7' ],
2629 silly audit   '@babel/plugin-syntax-flow': [ '7.29.7' ],
2629 silly audit   '@babel/helper-create-regexp-features-plugin': [ '7.29.7' ],
2629 silly audit   'regexpu-core': [ '6.4.0' ],
2629 silly audit   '@babel/plugin-syntax-jsx': [ '7.29.7' ],
2629 silly audit   'babel-plugin-polyfill-corejs2': [ '0.4.17' ],
2629 silly audit   'babel-plugin-polyfill-corejs3': [ '0.13.0' ],
2629 silly audit   'babel-plugin-polyfill-regenerator': [ '0.6.8' ],
2629 silly audit   '@babel/plugin-syntax-typescript': [ '7.29.7' ],
2629 silly audit   '@babel/helper-define-polyfill-provider': [ '0.6.8' ],
2629 silly audit   'lodash.debounce': [ '4.0.8' ],
2629 silly audit   resolve: [ '1.22.12' ],
2629 silly audit   'core-js-compat': [ '3.50.0' ],
2629 silly audit   regenerate: [ '1.4.2' ],
2629 silly audit   'regenerate-unicode-properties': [ '10.2.2' ],
2629 silly audit   regjsgen: [ '0.8.0' ],
2629 silly audit   regjsparser: [ '0.13.2' ],
2629 silly audit   'unicode-match-property-ecmascript': [ '2.0.0' ],
2629 silly audit   'unicode-match-property-value-ecmascript': [ '2.2.1' ],
2629 silly audit   'es-errors': [ '1.3.0' ],
2629 silly audit   'is-core-module': [ '2.16.2' ],
2629 silly audit   'path-parse': [ '1.0.7' ],
2629 silly audit   'supports-preserve-symlinks-flag': [ '1.0.0' ],
2629 silly audit   hasown: [ '2.0.4' ],
2629 silly audit   'function-bind': [ '1.1.2' ],
2629 silly audit   'unicode-canonical-property-names-ecmascript': [ '2.0.1' ],
2629 silly audit   'unicode-property-aliases-ecmascript': [ '2.2.0' ],
2629 silly audit   fontfaceobserver: [ '2.3.0' ]
2629 silly audit }
2630 http cache function-bind@https://registry.npmjs.org/function-bind/-/function-bind-1.1.2.tgz 0ms (cache hit)
2631 http cache fontfaceobserver@https://registry.npmjs.org/fontfaceobserver/-/fontfaceobserver-2.3.0.tgz 0ms (cache hit)
2632 http cache unicode-canonical-property-names-ecmascript@https://registry.npmjs.org/unicode-canonical-property-names-ecmascript/-/unicode-canonical-property-names-ecmascript-2.0.1.tgz 0ms (cache hit)
2633 http cache unicode-property-aliases-ecmascript@https://registry.npmjs.org/unicode-property-aliases-ecmascript/-/unicode-property-aliases-ecmascript-2.2.0.tgz 0ms (cache hit)
2634 http cache hasown@https://registry.npmjs.org/hasown/-/hasown-2.0.4.tgz 0ms (cache hit)
2635 http cache supports-preserve-symlinks-flag@https://registry.npmjs.org/supports-preserve-symlinks-flag/-/supports-preserve-symlinks-flag-1.0.0.tgz 0ms (cache hit)
2636 http cache is-core-module@https://registry.npmjs.org/is-core-module/-/is-core-module-2.16.2.tgz 0ms (cache hit)
2637 http cache path-parse@https://registry.npmjs.org/path-parse/-/path-parse-1.0.7.tgz 0ms (cache hit)
2638 http cache es-errors@https://registry.npmjs.org/es-errors/-/es-errors-1.3.0.tgz 0ms (cache hit)
2639 http cache unicode-match-property-value-ecmascript@https://registry.npmjs.org/unicode-match-property-value-ecmascript/-/unicode-match-property-value-ecmascript-2.2.1.tgz 0ms (cache hit)
2640 http cache regjsgen@https://registry.npmjs.org/regjsgen/-/regjsgen-0.8.0.tgz 0ms (cache hit)
2641 http cache unicode-match-property-ecmascript@https://registry.npmjs.org/unicode-match-property-ecmascript/-/unicode-match-property-ecmascript-2.0.0.tgz 0ms (cache hit)
2642 http cache regjsparser@https://registry.npmjs.org/regjsparser/-/regjsparser-0.13.2.tgz 0ms (cache hit)
2643 http cache regenerate@https://registry.npmjs.org/regenerate/-/regenerate-1.4.2.tgz 0ms (cache hit)
2644 http cache regenerate-unicode-properties@https://registry.npmjs.org/regenerate-unicode-properties/-/regenerate-unicode-properties-10.2.2.tgz 0ms (cache hit)
2645 http cache core-js-compat@https://registry.npmjs.org/core-js-compat/-/core-js-compat-3.50.0.tgz 0ms (cache hit)
2646 http cache resolve@https://registry.npmjs.org/resolve/-/resolve-1.22.12.tgz 0ms (cache hit)
2647 http cache lodash.debounce@https://registry.npmjs.org/lodash.debounce/-/lodash.debounce-4.0.8.tgz 0ms (cache hit)
2648 http cache @babel/helper-define-polyfill-provider@https://registry.npmjs.org/@babel/helper-define-polyfill-provider/-/helper-define-polyfill-provider-0.6.8.tgz 0ms (cache hit)
2649 http cache babel-plugin-polyfill-corejs3@https://registry.npmjs.org/babel-plugin-polyfill-corejs3/-/babel-plugin-polyfill-corejs3-0.13.0.tgz 0ms (cache hit)
2650 http cache @babel/plugin-syntax-typescript@https://registry.npmjs.org/@babel/plugin-syntax-typescript/-/plugin-syntax-typescript-7.29.7.tgz 0ms (cache hit)
2651 http cache babel-plugin-polyfill-regenerator@https://registry.npmjs.org/babel-plugin-polyfill-regenerator/-/babel-plugin-polyfill-regenerator-0.6.8.tgz 0ms (cache hit)
2652 http cache babel-plugin-polyfill-corejs2@https://registry.npmjs.org/babel-plugin-polyfill-corejs2/-/babel-plugin-polyfill-corejs2-0.4.17.tgz 0ms (cache hit)
2653 http cache @babel/plugin-syntax-jsx@https://registry.npmjs.org/@babel/plugin-syntax-jsx/-/plugin-syntax-jsx-7.29.7.tgz 0ms (cache hit)
2654 http cache regexpu-core@https://registry.npmjs.org/regexpu-core/-/regexpu-core-6.4.0.tgz 0ms (cache hit)
2655 http cache @babel/helper-create-regexp-features-plugin@https://registry.npmjs.org/@babel/helper-create-regexp-features-plugin/-/helper-create-regexp-features-plugin-7.29.7.tgz 0ms (cache hit)
2656 http cache @babel/plugin-syntax-flow@https://registry.npmjs.org/@babel/plugin-syntax-flow/-/plugin-syntax-flow-7.29.7.tgz 0ms (cache hit)
2657 http cache @babel/helper-wrap-function@https://registry.npmjs.org/@babel/helper-wrap-function/-/helper-wrap-function-7.29.7.tgz 0ms (cache hit)
2658 http cache @babel/helper-skip-transparent-expression-wrappers@https://registry.npmjs.org/@babel/helper-skip-transparent-expression-wrappers/-/helper-skip-transparent-expression-wrappers-7.29.7.tgz 0ms (cache hit)
2659 http cache @babel/helper-remap-async-to-generator@https://registry.npmjs.org/@babel/helper-remap-async-to-generator/-/helper-remap-async-to-generator-7.29.7.tgz 0ms (cache hit)
2660 http cache @babel/helper-replace-supers@https://registry.npmjs.org/@babel/helper-replace-supers/-/helper-replace-supers-7.29.7.tgz 0ms (cache hit)
2661 http cache @babel/helper-optimise-call-expression@https://registry.npmjs.org/@babel/helper-optimise-call-expression/-/helper-optimise-call-expression-7.29.7.tgz 0ms (cache hit)
2662 http cache @babel/helper-member-expression-to-functions@https://registry.npmjs.org/@babel/helper-member-expression-to-functions/-/helper-member-expression-to-functions-7.29.7.tgz 0ms (cache hit)
2663 http cache @babel/helper-annotate-as-pure@https://registry.npmjs.org/@babel/helper-annotate-as-pure/-/helper-annotate-as-pure-7.29.7.tgz 0ms (cache hit)
2664 http cache @babel/plugin-syntax-decorators@https://registry.npmjs.org/@babel/plugin-syntax-decorators/-/plugin-syntax-decorators-7.29.7.tgz 0ms (cache hit)
2665 http cache babel-plugin-transform-flow-enums@https://registry.npmjs.org/babel-plugin-transform-flow-enums/-/babel-plugin-transform-flow-enums-0.0.2.tgz 0ms (cache hit)
2666 http cache @babel/helper-create-class-features-plugin@https://registry.npmjs.org/@babel/helper-create-class-features-plugin/-/helper-create-class-features-plugin-7.29.7.tgz 0ms (cache hit)
2667 http cache @react-native/babel-plugin-codegen@https://registry.npmjs.org/@react-native/babel-plugin-codegen/-/babel-plugin-codegen-0.86.3.tgz 1ms (cache hit)
2668 http cache babel-plugin-react-native-web@https://registry.npmjs.org/babel-plugin-react-native-web/-/babel-plugin-react-native-web-0.21.2.tgz 0ms (cache hit)
2669 http cache babel-plugin-react-compiler@https://registry.npmjs.org/babel-plugin-react-compiler/-/babel-plugin-react-compiler-1.0.0.tgz 0ms (cache hit)
2670 http cache @babel/preset-typescript@https://registry.npmjs.org/@babel/preset-typescript/-/preset-typescript-7.29.7.tgz 0ms (cache hit)
2671 http cache @babel/plugin-transform-unicode-regex@https://registry.npmjs.org/@babel/plugin-transform-unicode-regex/-/plugin-transform-unicode-regex-7.29.7.tgz 0ms (cache hit)
2672 http cache @babel/plugin-transform-typescript@https://registry.npmjs.org/@babel/plugin-transform-typescript/-/plugin-transform-typescript-7.29.7.tgz 0ms (cache hit)
2673 http cache @babel/plugin-transform-runtime@https://registry.npmjs.org/@babel/plugin-transform-runtime/-/plugin-transform-runtime-7.29.7.tgz 0ms (cache hit)
2674 http cache @babel/plugin-transform-react-jsx-development@https://registry.npmjs.org/@babel/plugin-transform-react-jsx-development/-/plugin-transform-react-jsx-development-7.29.7.tgz 0ms (cache hit)
2675 http cache @babel/plugin-transform-react-pure-annotations@https://registry.npmjs.org/@babel/plugin-transform-react-pure-annotations/-/plugin-transform-react-pure-annotations-7.29.7.tgz 0ms (cache hit)
2676 http cache @babel/plugin-transform-private-methods@https://registry.npmjs.org/@babel/plugin-transform-private-methods/-/plugin-transform-private-methods-7.29.7.tgz 0ms (cache hit)
2677 http cache @babel/plugin-transform-react-jsx@https://registry.npmjs.org/@babel/plugin-transform-react-jsx/-/plugin-transform-react-jsx-7.29.7.tgz 0ms (cache hit)
2678 http cache @babel/plugin-transform-react-display-name@https://registry.npmjs.org/@babel/plugin-transform-react-display-name/-/plugin-transform-react-display-name-7.29.7.tgz 0ms (cache hit)
2679 http cache @babel/plugin-transform-private-property-in-object@https://registry.npmjs.org/@babel/plugin-transform-private-property-in-object/-/plugin-transform-private-property-in-object-7.29.7.tgz 0ms (cache hit)
2680 http cache @babel/plugin-transform-parameters@https://registry.npmjs.org/@babel/plugin-transform-parameters/-/plugin-transform-parameters-7.29.7.tgz 0ms (cache hit)
2681 http cache @babel/plugin-transform-optional-catch-binding@https://registry.npmjs.org/@babel/plugin-transform-optional-catch-binding/-/plugin-transform-optional-catch-binding-7.29.7.tgz 0ms (cache hit)
2682 http cache @babel/plugin-transform-optional-chaining@https://registry.npmjs.org/@babel/plugin-transform-optional-chaining/-/plugin-transform-optional-chaining-7.29.7.tgz 0ms (cache hit)
2683 http cache @babel/plugin-transform-object-rest-spread@https://registry.npmjs.org/@babel/plugin-transform-object-rest-spread/-/plugin-transform-object-rest-spread-7.29.7.tgz 0ms (cache hit)
2684 http cache @babel/plugin-transform-nullish-coalescing-operator@https://registry.npmjs.org/@babel/plugin-transform-nullish-coalescing-operator/-/plugin-transform-nullish-coalescing-operator-7.29.7.tgz 0ms (cache hit)
2685 http cache @babel/plugin-transform-flow-strip-types@https://registry.npmjs.org/@babel/plugin-transform-flow-strip-types/-/plugin-transform-flow-strip-types-7.29.7.tgz 0ms (cache hit)
2686 http cache @babel/plugin-transform-for-of@https://registry.npmjs.org/@babel/plugin-transform-for-of/-/plugin-transform-for-of-7.29.7.tgz 0ms (cache hit)
2687 http cache @babel/plugin-transform-named-capturing-groups-regex@https://registry.npmjs.org/@babel/plugin-transform-named-capturing-groups-regex/-/plugin-transform-named-capturing-groups-regex-7.29.7.tgz 0ms (cache hit)
2688 http cache @babel/plugin-transform-logical-assignment-operators@https://registry.npmjs.org/@babel/plugin-transform-logical-assignment-operators/-/plugin-transform-logical-assignment-operators-7.29.7.tgz 0ms (cache hit)
2689 http cache @babel/plugin-transform-export-namespace-from@https://registry.npmjs.org/@babel/plugin-transform-export-namespace-from/-/plugin-transform-export-namespace-from-7.29.7.tgz 0ms (cache hit)
2690 http cache @babel/plugin-transform-destructuring@https://registry.npmjs.org/@babel/plugin-transform-destructuring/-/plugin-transform-destructuring-7.29.7.tgz 0ms (cache hit)
2691 http cache @babel/plugin-transform-class-properties@https://registry.npmjs.org/@babel/plugin-transform-class-properties/-/plugin-transform-class-properties-7.29.7.tgz 0ms (cache hit)
2692 http cache @babel/plugin-transform-classes@https://registry.npmjs.org/@babel/plugin-transform-classes/-/plugin-transform-classes-7.29.7.tgz 0ms (cache hit)
2693 http cache @babel/plugin-transform-class-static-block@https://registry.npmjs.org/@babel/plugin-transform-class-static-block/-/plugin-transform-class-static-block-7.29.7.tgz 0ms (cache hit)
2694 http cache @babel/plugin-transform-async-to-generator@https://registry.npmjs.org/@babel/plugin-transform-async-to-generator/-/plugin-transform-async-to-generator-7.29.7.tgz 0ms (cache hit)
2695 http cache @babel/plugin-transform-block-scoping@https://registry.npmjs.org/@babel/plugin-transform-block-scoping/-/plugin-transform-block-scoping-7.29.7.tgz 0ms (cache hit)
2696 http cache @babel/plugin-syntax-optional-chaining@https://registry.npmjs.org/@babel/plugin-syntax-optional-chaining/-/plugin-syntax-optional-chaining-7.8.3.tgz 0ms (cache hit)
2697 http cache @babel/plugin-transform-async-generator-functions@https://registry.npmjs.org/@babel/plugin-transform-async-generator-functions/-/plugin-transform-async-generator-functions-7.29.7.tgz 0ms (cache hit)
2698 http cache @babel/plugin-syntax-nullish-coalescing-operator@https://registry.npmjs.org/@babel/plugin-syntax-nullish-coalescing-operator/-/plugin-syntax-nullish-coalescing-operator-7.8.3.tgz 0ms (cache hit)
2699 http cache @babel/plugin-syntax-export-default-from@https://registry.npmjs.org/@babel/plugin-syntax-export-default-from/-/plugin-syntax-export-default-from-7.29.7.tgz 0ms (cache hit)
2700 http cache @babel/plugin-proposal-decorators@https://registry.npmjs.org/@babel/plugin-proposal-decorators/-/plugin-proposal-decorators-7.29.7.tgz 0ms (cache hit)
2701 http cache @babel/plugin-proposal-export-default-from@https://registry.npmjs.org/@babel/plugin-proposal-export-default-from/-/plugin-proposal-export-default-from-7.29.7.tgz 0ms (cache hit)
2702 http cache @babel/plugin-syntax-dynamic-import@https://registry.npmjs.org/@babel/plugin-syntax-dynamic-import/-/plugin-syntax-dynamic-import-7.8.3.tgz 0ms (cache hit)
2703 http cache nanoid@https://registry.npmjs.org/nanoid/-/nanoid-3.3.18.tgz 0ms (cache hit)
2704 http cache source-map-js@https://registry.npmjs.org/source-map-js/-/source-map-js-1.2.1.tgz 0ms (cache hit)
2705 http cache detect-libc@https://registry.npmjs.org/detect-libc/-/detect-libc-2.1.2.tgz 0ms (cache hit)
2706 http cache lightningcss-win32-x64-msvc@https://registry.npmjs.org/lightningcss-win32-x64-msvc/-/lightningcss-win32-x64-msvc-1.33.0.tgz 0ms (cache hit)
2707 http cache postcss@https://registry.npmjs.org/postcss/-/postcss-8.5.28.tgz 0ms (cache hit)
2708 http cache lightningcss@https://registry.npmjs.org/lightningcss/-/lightningcss-1.33.0.tgz 0ms (cache hit)
2709 http cache defaults@https://registry.npmjs.org/defaults/-/defaults-1.0.4.tgz 1ms (cache hit)
2710 http cache supports-hyperlinks@https://registry.npmjs.org/supports-hyperlinks/-/supports-hyperlinks-2.3.0.tgz 0ms (cache hit)
2711 http cache clone@https://registry.npmjs.org/clone/-/clone-1.0.4.tgz 0ms (cache hit)
2712 http cache ansi-escapes@https://registry.npmjs.org/ansi-escapes/-/ansi-escapes-4.3.2.tgz 0ms (cache hit)
2713 http cache mimic-fn@https://registry.npmjs.org/mimic-fn/-/mimic-fn-1.2.0.tgz 0ms (cache hit)
2714 http cache sisteransi@https://registry.npmjs.org/sisteransi/-/sisteransi-1.0.5.tgz 0ms (cache hit)
2715 http cache signal-exit@https://registry.npmjs.org/signal-exit/-/signal-exit-3.0.7.tgz 0ms (cache hit)
2716 http cache onetime@https://registry.npmjs.org/onetime/-/onetime-2.0.1.tgz 0ms (cache hit)
2717 http cache pngjs@https://registry.npmjs.org/pngjs/-/pngjs-3.4.0.tgz 0ms (cache hit)
2718 http cache kleur@https://registry.npmjs.org/kleur/-/kleur-3.0.3.tgz 0ms (cache hit)
2719 http cache restore-cursor@https://registry.npmjs.org/restore-cursor/-/restore-cursor-2.0.0.tgz 0ms (cache hit)
2720 http cache wcwidth@https://registry.npmjs.org/wcwidth/-/wcwidth-1.0.1.tgz 0ms (cache hit)
2721 http cache cli-spinners@https://registry.npmjs.org/cli-spinners/-/cli-spinners-2.9.2.tgz 0ms (cache hit)
2722 http cache log-symbols@https://registry.npmjs.org/log-symbols/-/log-symbols-2.2.0.tgz 0ms (cache hit)
2723 http cache proc-log@https://registry.npmjs.org/proc-log/-/proc-log-4.2.0.tgz 0ms (cache hit)
2724 http cache validate-npm-package-name@https://registry.npmjs.org/validate-npm-package-name/-/validate-npm-package-name-5.0.1.tgz 0ms (cache hit)
2725 http cache hosted-git-info@https://registry.npmjs.org/hosted-git-info/-/hosted-git-info-7.0.2.tgz 0ms (cache hit)
2726 http cache argparse@https://registry.npmjs.org/argparse/-/argparse-2.0.1.tgz 0ms (cache hit)
2727 http cache safe-buffer@https://registry.npmjs.org/safe-buffer/-/safe-buffer-5.2.1.tgz 0ms (cache hit)
2728 http cache on-headers@https://registry.npmjs.org/on-headers/-/on-headers-1.1.0.tgz 0ms (cache hit)
2729 http cache vary@https://registry.npmjs.org/vary/-/vary-1.1.2.tgz 0ms (cache hit)
2730 http cache cli-cursor@https://registry.npmjs.org/cli-cursor/-/cli-cursor-2.1.0.tgz 0ms (cache hit)
2731 http cache js-yaml@https://registry.npmjs.org/js-yaml/-/js-yaml-4.3.2.tgz 0ms (cache hit)
2732 http cache bytes@https://registry.npmjs.org/bytes/-/bytes-3.1.2.tgz 0ms (cache hit)
2733 http cache parse-png@https://registry.npmjs.org/parse-png/-/parse-png-2.1.0.tgz 0ms (cache hit)
2734 http cache @expo/sudo-prompt@https://registry.npmjs.org/@expo/sudo-prompt/-/sudo-prompt-9.3.2.tgz 0ms (cache hit)
2735 http cache jimp-compact@https://registry.npmjs.org/jimp-compact/-/jimp-compact-0.16.1.tgz 0ms (cache hit)
2736 http cache toqr@https://registry.npmjs.org/toqr/-/toqr-0.1.1.tgz 0ms (cache hit)
2737 http cache terminal-link@https://registry.npmjs.org/terminal-link/-/terminal-link-2.1.1.tgz 0ms (cache hit)
2738 http cache structured-headers@https://registry.npmjs.org/structured-headers/-/structured-headers-0.4.1.tgz 0ms (cache hit)
2739 http cache prompts@https://registry.npmjs.org/prompts/-/prompts-2.4.2.tgz 0ms (cache hit)
2740 http cache progress@https://registry.npmjs.org/progress/-/progress-2.0.3.tgz 0ms (cache hit)
2741 http cache ora@https://registry.npmjs.org/ora/-/ora-3.4.0.tgz 0ms (cache hit)
2742 http cache compressible@https://registry.npmjs.org/compressible/-/compressible-2.0.18.tgz 0ms (cache hit)
2743 http cache npm-package-arg@https://registry.npmjs.org/npm-package-arg/-/npm-package-arg-11.0.3.tgz 0ms (cache hit)
2744 http cache node-forge@https://registry.npmjs.org/node-forge/-/node-forge-1.4.0.tgz 0ms (cache hit)
2745 http cache multitars@https://registry.npmjs.org/multitars/-/multitars-1.0.2.tgz 0ms (cache hit)
2746 http cache zod@https://registry.npmjs.org/zod/-/zod-3.25.76.tgz 0ms (cache hit)
2747 http cache fetch-nodeshim@https://registry.npmjs.org/fetch-nodeshim/-/fetch-nodeshim-0.4.10.tgz 0ms (cache hit)
2748 http cache dnssd-advertise@https://registry.npmjs.org/dnssd-advertise/-/dnssd-advertise-1.1.6.tgz 0ms (cache hit)
2749 http cache compression@https://registry.npmjs.org/compression/-/compression-1.8.1.tgz 0ms (cache hit)
2750 http cache agent-cli-detector@https://registry.npmjs.org/agent-cli-detector/-/agent-cli-detector-0.1.7.tgz 0ms (cache hit)
2751 http cache @expo/xcpretty@https://registry.npmjs.org/@expo/xcpretty/-/xcpretty-4.4.4.tgz 0ms (cache hit)
2752 http cache expo-server@https://registry.npmjs.org/expo-server/-/expo-server-57.0.3.tgz 0ms (cache hit)
2753 http cache lan-network@https://registry.npmjs.org/lan-network/-/lan-network-0.2.1.tgz 0ms (cache hit)
2754 http cache sandbox-cli-detector@https://registry.npmjs.org/sandbox-cli-detector/-/sandbox-cli-detector-0.2.0.tgz 0ms (cache hit)
2755 http cache @expo/prebuild-config@https://registry.npmjs.org/@expo/prebuild-config/-/prebuild-config-57.0.15.tgz 0ms (cache hit)
2756 http cache @expo/schema-utils@https://registry.npmjs.org/@expo/schema-utils/-/schema-utils-57.0.2.tgz 0ms (cache hit)
2757 http cache @expo/package-manager@https://registry.npmjs.org/@expo/package-manager/-/package-manager-1.13.1.tgz 0ms (cache hit)
2758 http cache @expo/metro-file-map@https://registry.npmjs.org/@expo/metro-file-map/-/metro-file-map-57.0.2.tgz 0ms (cache hit)
2759 http cache @expo/inline-modules@https://registry.npmjs.org/@expo/inline-modules/-/inline-modules-0.1.7.tgz 0ms (cache hit)
2760 http cache @expo/devcert@https://registry.npmjs.org/@expo/devcert/-/devcert-1.2.1.tgz 0ms (cache hit)
2761 http cache @expo/image-utils@https://registry.npmjs.org/@expo/image-utils/-/image-utils-0.11.5.tgz 0ms (cache hit)
2762 http cache is-fullwidth-code-point@https://registry.npmjs.org/is-fullwidth-code-point/-/is-fullwidth-code-point-3.0.0.tgz 0ms (cache hit)
2763 http cache @expo/osascript@https://registry.npmjs.org/@expo/osascript/-/osascript-2.7.1.tgz 0ms (cache hit)
2764 http cache wrap-ansi@https://registry.npmjs.org/wrap-ansi/-/wrap-ansi-7.0.0.tgz 0ms (cache hit)
2765 http cache emoji-regex@https://registry.npmjs.org/emoji-regex/-/emoji-regex-8.0.0.tgz 0ms (cache hit)
2766 http cache strip-ansi@https://registry.npmjs.org/strip-ansi/-/strip-ansi-6.0.1.tgz 0ms (cache hit)
2767 http cache yargs-parser@https://registry.npmjs.org/yargs-parser/-/yargs-parser-21.1.1.tgz 0ms (cache hit)
2768 http cache @expo/code-signing-certificates@https://registry.npmjs.org/@expo/code-signing-certificates/-/code-signing-certificates-0.0.6.tgz 0ms (cache hit)
2769 http cache require-directory@https://registry.npmjs.org/require-directory/-/require-directory-2.1.1.tgz 0ms (cache hit)
2770 http cache string-width@https://registry.npmjs.org/string-width/-/string-width-4.2.3.tgz 0ms (cache hit)
2771 http cache y18n@https://registry.npmjs.org/y18n/-/y18n-5.0.8.tgz 0ms (cache hit)
2772 http cache get-caller-file@https://registry.npmjs.org/get-caller-file/-/get-caller-file-2.0.5.tgz 0ms (cache hit)
2773 http cache sax@https://registry.npmjs.org/sax/-/sax-1.6.1.tgz 0ms (cache hit)
2774 http cache cliui@https://registry.npmjs.org/cliui/-/cliui-8.0.1.tgz 0ms (cache hit)
2775 http cache big-integer@https://registry.npmjs.org/big-integer/-/big-integer-1.6.52.tgz 0ms (cache hit)
2776 http cache stream-buffers@https://registry.npmjs.org/stream-buffers/-/stream-buffers-2.2.0.tgz 0ms (cache hit)
2777 http cache plist@https://registry.npmjs.org/plist/-/plist-3.1.1.tgz 0ms (cache hit)
2778 http cache bplist-parser@https://registry.npmjs.org/bplist-parser/-/bplist-parser-0.3.1.tgz 0ms (cache hit)
2779 http cache bplist-creator@https://registry.npmjs.org/bplist-creator/-/bplist-creator-0.1.0.tgz 0ms (cache hit)
2780 http cache simple-plist@https://registry.npmjs.org/simple-plist/-/simple-plist-1.3.1.tgz 0ms (cache hit)
2781 http cache isexe@https://registry.npmjs.org/isexe/-/isexe-2.0.0.tgz 0ms (cache hit)
2782 http cache tmpl@https://registry.npmjs.org/tmpl/-/tmpl-1.0.5.tgz 0ms (cache hit)
2783 http cache uuid@https://registry.npmjs.org/uuid/-/uuid-7.0.3.tgz 0ms (cache hit)
2784 http cache makeerror@https://registry.npmjs.org/makeerror/-/makeerror-1.0.12.tgz 0ms (cache hit)
2785 http cache escalade@https://registry.npmjs.org/escalade/-/escalade-3.2.0.tgz 0ms (cache hit)
2786 http cache is-number@https://registry.npmjs.org/is-number/-/is-number-7.0.0.tgz 0ms (cache hit)
2787 http cache acorn@https://registry.npmjs.org/acorn/-/acorn-8.18.0.tgz 0ms (cache hit)
2788 http cache source-map-support@https://registry.npmjs.org/source-map-support/-/source-map-support-0.5.21.tgz 0ms (cache hit)
2789 http cache buffer-from@https://registry.npmjs.org/buffer-from/-/buffer-from-1.1.2.tgz 0ms (cache hit)
2790 http cache @jridgewell/source-map@https://registry.npmjs.org/@jridgewell/source-map/-/source-map-0.3.11.tgz 0ms (cache hit)
2791 http cache has-flag@https://registry.npmjs.org/has-flag/-/has-flag-4.0.0.tgz 0ms (cache hit)
2792 http cache shebang-regex@https://registry.npmjs.org/shebang-regex/-/shebang-regex-3.0.0.tgz 0ms (cache hit)
2793 http cache type-fest@https://registry.npmjs.org/type-fest/-/type-fest-0.7.1.tgz 0ms (cache hit)
2794 http cache toidentifier@https://registry.npmjs.org/toidentifier/-/toidentifier-1.0.1.tgz 0ms (cache hit)
2795 http cache setprototypeof@https://registry.npmjs.org/setprototypeof/-/setprototypeof-1.2.0.tgz 0ms (cache hit)
2796 http cache range-parser@https://registry.npmjs.org/range-parser/-/range-parser-1.2.1.tgz 0ms (cache hit)
2797 http cache inherits@https://registry.npmjs.org/inherits/-/inherits-2.0.4.tgz 0ms (cache hit)
2798 http cache http-errors@https://registry.npmjs.org/http-errors/-/http-errors-2.0.1.tgz 0ms (cache hit)
2799 http cache mime@https://registry.npmjs.org/mime/-/mime-1.6.0.tgz 0ms (cache hit)
2800 http cache destroy@https://registry.npmjs.org/destroy/-/destroy-1.2.0.tgz 0ms (cache hit)
2801 http cache fresh@https://registry.npmjs.org/fresh/-/fresh-0.5.2.tgz 0ms (cache hit)
2802 http cache etag@https://registry.npmjs.org/etag/-/etag-1.8.1.tgz 0ms (cache hit)
2803 http cache depd@https://registry.npmjs.org/depd/-/depd-2.0.0.tgz 0ms (cache hit)
2804 http cache send@https://registry.npmjs.org/send/-/send-0.19.2.tgz 0ms (cache hit)
2805 http cache marky@https://registry.npmjs.org/marky/-/marky-1.3.0.tgz 0ms (cache hit)
2806 http cache asap@https://registry.npmjs.org/asap/-/asap-2.0.6.tgz 0ms (cache hit)
2807 http cache shell-quote@https://registry.npmjs.org/shell-quote/-/shell-quote-1.10.0.tgz 0ms (cache hit)
2808 http cache is-docker@https://registry.npmjs.org/is-docker/-/is-docker-2.2.1.tgz 0ms (cache hit)
2809 http cache mkdirp@https://registry.npmjs.org/mkdirp/-/mkdirp-1.0.4.tgz 0ms (cache hit)
2810 http cache lighthouse-logger@https://registry.npmjs.org/lighthouse-logger/-/lighthouse-logger-1.4.2.tgz 0ms (cache hit)
2811 http cache is-wsl@https://registry.npmjs.org/is-wsl/-/is-wsl-2.2.0.tgz 0ms (cache hit)
2812 http cache escape-string-regexp@https://registry.npmjs.org/escape-string-regexp/-/escape-string-regexp-4.0.0.tgz 0ms (cache hit)
2813 http cache event-target-shim@https://registry.npmjs.org/event-target-shim/-/event-target-shim-5.0.1.tgz 0ms (cache hit)
2814 http cache open@https://registry.npmjs.org/open/-/open-7.4.2.tgz 0ms (cache hit)
2815 http cache serve-static@https://registry.npmjs.org/serve-static/-/serve-static-1.16.3.tgz 0ms (cache hit)
2816 http cache fb-dotslash@https://registry.npmjs.org/fb-dotslash/-/fb-dotslash-0.5.8.tgz 0ms (cache hit)
2817 http cache chromium-edge-launcher@https://registry.npmjs.org/chromium-edge-launcher/-/chromium-edge-launcher-0.3.0.tgz 0ms (cache hit)
2818 http cache chrome-launcher@https://registry.npmjs.org/chrome-launcher/-/chrome-launcher-0.15.2.tgz 0ms (cache hit)
2819 http cache @react-native/debugger-shell@https://registry.npmjs.org/@react-native/debugger-shell/-/debugger-shell-0.86.3.tgz 0ms (cache hit)
2820 http cache @react-native/debugger-frontend@https://registry.npmjs.org/@react-native/debugger-frontend/-/debugger-frontend-0.86.3.tgz 0ms (cache hit)
2821 http cache @isaacs/ttlcache@https://registry.npmjs.org/@isaacs/ttlcache/-/ttlcache-1.4.1.tgz 0ms (cache hit)
2822 http cache whatwg-fetch@https://registry.npmjs.org/whatwg-fetch/-/whatwg-fetch-3.6.20.tgz 1ms (cache hit)
2823 http cache tinyglobby@https://registry.npmjs.org/tinyglobby/-/tinyglobby-0.2.17.tgz 0ms (cache hit)
2824 http cache @react-native/dev-middleware@https://registry.npmjs.org/@react-native/dev-middleware/-/dev-middleware-0.86.3.tgz 0ms (cache hit)
2825 http cache stacktrace-parser@https://registry.npmjs.org/stacktrace-parser/-/stacktrace-parser-0.1.11.tgz 0ms (cache hit)
2826 http cache scheduler@https://registry.npmjs.org/scheduler/-/scheduler-0.27.0.tgz 0ms (cache hit)
2827 http cache regenerator-runtime@https://registry.npmjs.org/regenerator-runtime/-/regenerator-runtime-0.13.11.tgz 0ms (cache hit)
2828 http cache react-devtools-core@https://registry.npmjs.org/react-devtools-core/-/react-devtools-core-6.1.5.tgz 0ms (cache hit)
2829 http cache memoize-one@https://registry.npmjs.org/memoize-one/-/memoize-one-5.2.1.tgz 0ms (cache hit)
2830 http cache promise@https://registry.npmjs.org/promise/-/promise-8.3.0.tgz 0ms (cache hit)
2831 http cache hermes-compiler@https://registry.npmjs.org/hermes-compiler/-/hermes-compiler-250829098.0.17.tgz 0ms (cache hit)
2832 http cache babel-plugin-syntax-hermes-parser@https://registry.npmjs.org/babel-plugin-syntax-hermes-parser/-/babel-plugin-syntax-hermes-parser-0.36.0.tgz 0ms (cache hit)
2833 http cache anser@https://registry.npmjs.org/anser/-/anser-1.4.10.tgz 0ms (cache hit)
2834 http cache ansi-regex@https://registry.npmjs.org/ansi-regex/-/ansi-regex-5.0.1.tgz 0ms (cache hit)
2835 http cache @react-native/normalize-colors@https://registry.npmjs.org/@react-native/normalize-colors/-/normalize-colors-0.86.3.tgz 0ms (cache hit)
2836 http cache @react-native/virtualized-lists@https://registry.npmjs.org/@react-native/virtualized-lists/-/virtualized-lists-0.86.3.tgz 0ms (cache hit)
2837 http cache abort-controller@https://registry.npmjs.org/abort-controller/-/abort-controller-3.0.0.tgz 0ms (cache hit)
2838 http cache @react-native/js-polyfills@https://registry.npmjs.org/@react-native/js-polyfills/-/js-polyfills-0.86.3.tgz 0ms (cache hit)
2839 http cache @react-native/gradle-plugin@https://registry.npmjs.org/@react-native/gradle-plugin/-/gradle-plugin-0.86.3.tgz 0ms (cache hit)
2840 http cache @react-native/community-cli-plugin@https://registry.npmjs.org/@react-native/community-cli-plugin/-/community-cli-plugin-0.86.3.tgz 0ms (cache hit)
2841 http cache @react-native/codegen@https://registry.npmjs.org/@react-native/codegen/-/codegen-0.86.3.tgz 0ms (cache hit)
2842 http cache @react-native/assets-registry@https://registry.npmjs.org/@react-native/assets-registry/-/assets-registry-0.86.3.tgz 0ms (cache hit)
2843 http cache react-is@https://registry.npmjs.org/react-is/-/react-is-18.3.1.tgz 0ms (cache hit)
2844 http cache balanced-match@https://registry.npmjs.org/balanced-match/-/balanced-match-4.0.4.tgz 0ms (cache hit)
2845 http cache ee-first@https://registry.npmjs.org/ee-first/-/ee-first-1.1.1.tgz 0ms (cache hit)
2846 http cache content-type@https://registry.npmjs.org/content-type/-/content-type-2.1.0.tgz 0ms (cache hit)
2847 http cache brace-expansion@https://registry.npmjs.org/brace-expansion/-/brace-expansion-5.0.9.tgz 0ms (cache hit)
2848 http cache mime-db@https://registry.npmjs.org/mime-db/-/mime-db-1.54.0.tgz 0ms (cache hit)
2849 http cache fill-range@https://registry.npmjs.org/fill-range/-/fill-range-7.1.1.tgz 0ms (cache hit)
2850 http cache to-regex-range@https://registry.npmjs.org/to-regex-range/-/to-regex-range-5.0.1.tgz 0ms (cache hit)
2851 http cache braces@https://registry.npmjs.org/braces/-/braces-3.0.3.tgz 0ms (cache hit)
2852 http cache vlq@https://registry.npmjs.org/vlq/-/vlq-1.0.1.tgz 0ms (cache hit)
2853 http cache ob1@https://registry.npmjs.org/ob1/-/ob1-0.84.5.tgz 0ms (cache hit)
2854 http cache terser@https://registry.npmjs.org/terser/-/terser-5.51.2.tgz 0ms (cache hit)
2855 http cache node-int64@https://registry.npmjs.org/node-int64/-/node-int64-0.4.0.tgz 0ms (cache hit)
2856 http cache bser@https://registry.npmjs.org/bser/-/bser-2.1.1.tgz 0ms (cache hit)
2857 http cache fb-watchman@https://registry.npmjs.org/fb-watchman/-/fb-watchman-2.0.2.tgz 0ms (cache hit)
2858 http cache walker@https://registry.npmjs.org/walker/-/walker-1.0.8.tgz 0ms (cache hit)
2859 http cache micromatch@https://registry.npmjs.org/micromatch/-/micromatch-4.0.8.tgz 0ms (cache hit)
2860 http cache leven@https://registry.npmjs.org/leven/-/leven-3.1.0.tgz 0ms (cache hit)
2861 http cache jest-get-type@https://registry.npmjs.org/jest-get-type/-/jest-get-type-29.6.3.tgz 0ms (cache hit)
2862 http cache camelcase@https://registry.npmjs.org/camelcase/-/camelcase-6.3.0.tgz 0ms (cache hit)
2863 http cache yaml@https://registry.npmjs.org/yaml/-/yaml-2.9.0.tgz 0ms (cache hit)
2864 http cache agent-base@https://registry.npmjs.org/agent-base/-/agent-base-7.1.4.tgz 0ms (cache hit)
2865 http cache jest-validate@https://registry.npmjs.org/jest-validate/-/jest-validate-29.7.0.tgz 0ms (cache hit)
2866 http cache exponential-backoff@https://registry.npmjs.org/exponential-backoff/-/exponential-backoff-3.1.3.tgz 0ms (cache hit)
2867 http cache @types/yargs-parser@https://registry.npmjs.org/@types/yargs-parser/-/yargs-parser-21.0.3.tgz 0ms (cache hit)
2868 http cache https-proxy-agent@https://registry.npmjs.org/https-proxy-agent/-/https-proxy-agent-7.0.6.tgz 0ms (cache hit)
2869 http cache @types/istanbul-lib-report@https://registry.npmjs.org/@types/istanbul-lib-report/-/istanbul-lib-report-3.0.3.tgz 0ms (cache hit)
2870 http cache @sinclair/typebox@https://registry.npmjs.org/@sinclair/typebox/-/typebox-0.27.12.tgz 0ms (cache hit)
2871 http cache @types/yargs@https://registry.npmjs.org/@types/yargs/-/yargs-17.0.35.tgz 0ms (cache hit)
2872 http cache @types/istanbul-lib-coverage@https://registry.npmjs.org/@types/istanbul-lib-coverage/-/istanbul-lib-coverage-2.0.6.tgz 0ms (cache hit)
2873 http cache @types/istanbul-reports@https://registry.npmjs.org/@types/istanbul-reports/-/istanbul-reports-3.0.4.tgz 0ms (cache hit)
2874 http cache @jest/schemas@https://registry.npmjs.org/@jest/schemas/-/schemas-29.6.3.tgz 0ms (cache hit)
2875 http cache picomatch@https://registry.npmjs.org/picomatch/-/picomatch-2.3.2.tgz 0ms (cache hit)
2876 http cache @jest/types@https://registry.npmjs.org/@jest/types/-/types-29.6.3.tgz 0ms (cache hit)
2877 http cache undici-types@https://registry.npmjs.org/undici-types/-/undici-types-8.9.0.tgz 0ms (cache hit)
2878 http cache jest-util@https://registry.npmjs.org/jest-util/-/jest-util-29.7.0.tgz 0ms (cache hit)
2879 http cache merge-stream@https://registry.npmjs.org/merge-stream/-/merge-stream-2.0.0.tgz 0ms (cache hit)
2880 http cache @types/node@https://registry.npmjs.org/@types/node/-/node-26.5.0.tgz 0ms (cache hit)
2881 http cache hermes-estree@https://registry.npmjs.org/hermes-estree/-/hermes-estree-0.35.0.tgz 0ms (cache hit)
2882 http cache unpipe@https://registry.npmjs.org/unpipe/-/unpipe-1.0.0.tgz 0ms (cache hit)
2883 http cache statuses@https://registry.npmjs.org/statuses/-/statuses-1.5.0.tgz 0ms (cache hit)
2884 http cache on-finished@https://registry.npmjs.org/on-finished/-/on-finished-2.3.0.tgz 0ms (cache hit)
2885 http cache escape-html@https://registry.npmjs.org/escape-html/-/escape-html-1.0.3.tgz 0ms (cache hit)
2886 http cache stackframe@https://registry.npmjs.org/stackframe/-/stackframe-1.3.4.tgz 0ms (cache hit)
2887 http cache encodeurl@https://registry.npmjs.org/encodeurl/-/encodeurl-1.0.2.tgz 0ms (cache hit)
2888 http cache utils-merge@https://registry.npmjs.org/utils-merge/-/utils-merge-1.0.1.tgz 0ms (cache hit)
2889 http cache parseurl@https://registry.npmjs.org/parseurl/-/parseurl-1.3.3.tgz 0ms (cache hit)
2890 http cache finalhandler@https://registry.npmjs.org/finalhandler/-/finalhandler-1.1.2.tgz 0ms (cache hit)
2891 http cache negotiator@https://registry.npmjs.org/negotiator/-/negotiator-1.1.0.tgz 0ms (cache hit)
2892 http cache yargs@https://registry.npmjs.org/yargs/-/yargs-17.7.3.tgz 0ms (cache hit)
2893 http cache throat@https://registry.npmjs.org/throat/-/throat-5.0.0.tgz 0ms (cache hit)
2894 http cache ws@https://registry.npmjs.org/ws/-/ws-7.5.13.tgz 0ms (cache hit)
2895 http cache source-map@https://registry.npmjs.org/source-map/-/source-map-0.5.7.tgz 0ms (cache hit)
2896 http cache serialize-error@https://registry.npmjs.org/serialize-error/-/serialize-error-2.1.0.tgz 0ms (cache hit)
2897 http cache nullthrows@https://registry.npmjs.org/nullthrows/-/nullthrows-1.1.1.tgz 0ms (cache hit)
2898 http cache mime-types@https://registry.npmjs.org/mime-types/-/mime-types-3.0.2.tgz 0ms (cache hit)
2899 http cache lodash.throttle@https://registry.npmjs.org/lodash.throttle/-/lodash.throttle-4.1.1.tgz 0ms (cache hit)
2900 http cache jsc-safe-url@https://registry.npmjs.org/jsc-safe-url/-/jsc-safe-url-0.2.4.tgz 0ms (cache hit)
2901 http cache jest-worker@https://registry.npmjs.org/jest-worker/-/jest-worker-29.7.0.tgz 0ms (cache hit)
2902 http cache hermes-parser@https://registry.npmjs.org/hermes-parser/-/hermes-parser-0.35.0.tgz 0ms (cache hit)
2903 http cache graceful-fs@https://registry.npmjs.org/graceful-fs/-/graceful-fs-4.2.11.tgz 0ms (cache hit)
2904 http cache flow-enums-runtime@https://registry.npmjs.org/flow-enums-runtime/-/flow-enums-runtime-0.0.6.tgz 0ms (cache hit)
2905 http cache error-stack-parser@https://registry.npmjs.org/error-stack-parser/-/error-stack-parser-2.1.4.tgz 0ms (cache hit)
2906 http cache connect@https://registry.npmjs.org/connect/-/connect-3.7.0.tgz 0ms (cache hit)
2907 http cache yallist@https://registry.npmjs.org/yallist/-/yallist-3.1.1.tgz 0ms (cache hit)
2908 http cache ci-info@https://registry.npmjs.org/ci-info/-/ci-info-2.0.0.tgz 0ms (cache hit)
2909 http cache accepts@https://registry.npmjs.org/accepts/-/accepts-2.0.0.tgz 0ms (cache hit)
2910 http cache loose-envify@https://registry.npmjs.org/loose-envify/-/loose-envify-1.4.0.tgz 0ms (cache hit)
2911 http cache minipass@https://registry.npmjs.org/minipass/-/minipass-7.1.3.tgz 0ms (cache hit)
2912 http cache invariant@https://registry.npmjs.org/invariant/-/invariant-2.2.4.tgz 0ms (cache hit)
2913 http cache path-scurry@https://registry.npmjs.org/path-scurry/-/path-scurry-2.0.2.tgz 0ms (cache hit)
2914 http cache expo-modules-jsi@https://registry.npmjs.org/expo-modules-jsi/-/expo-modules-jsi-57.0.8.tgz 0ms (cache hit)
2915 http cache @expo/expo-modules-macros-plugin@https://registry.npmjs.org/@expo/expo-modules-macros-plugin/-/expo-modules-macros-plugin-0.6.1.tgz 0ms (cache hit)
2916 http cache commander@https://registry.npmjs.org/commander/-/commander-7.2.0.tgz 0ms (cache hit)
2917 http cache ms@https://registry.npmjs.org/ms/-/ms-2.1.3.tgz 0ms (cache hit)
2918 http cache which@https://registry.npmjs.org/which/-/which-2.0.2.tgz 0ms (cache hit)
2919 http cache shebang-command@https://registry.npmjs.org/shebang-command/-/shebang-command-2.0.0.tgz 0ms (cache hit)
2920 http cache path-key@https://registry.npmjs.org/path-key/-/path-key-3.1.1.tgz 0ms (cache hit)
2921 http cache color-name@https://registry.npmjs.org/color-name/-/color-name-1.1.4.tgz 0ms (cache hit)
2922 http cache color-convert@https://registry.npmjs.org/color-convert/-/color-convert-2.0.1.tgz 0ms (cache hit)
2923 http cache supports-color@https://registry.npmjs.org/supports-color/-/supports-color-7.2.0.tgz 0ms (cache hit)
2924 http cache ansi-styles@https://registry.npmjs.org/ansi-styles/-/ansi-styles-4.3.0.tgz 0ms (cache hit)
2925 http cache update-browserslist-db@https://registry.npmjs.org/update-browserslist-db/-/update-browserslist-db-1.3.2.tgz 0ms (cache hit)
2926 http cache node-releases@https://registry.npmjs.org/node-releases/-/node-releases-2.0.54.tgz 0ms (cache hit)
2927 http cache electron-to-chromium@https://registry.npmjs.org/electron-to-chromium/-/electron-to-chromium-1.5.423.tgz 0ms (cache hit)
2928 http cache caniuse-lite@https://registry.npmjs.org/caniuse-lite/-/caniuse-lite-1.0.30001810.tgz 0ms (cache hit)
2929 http cache @jridgewell/resolve-uri@https://registry.npmjs.org/@jridgewell/resolve-uri/-/resolve-uri-3.1.2.tgz 0ms (cache hit)
2930 http cache @jridgewell/sourcemap-codec@https://registry.npmjs.org/@jridgewell/sourcemap-codec/-/sourcemap-codec-1.6.0.tgz 0ms (cache hit)
2931 http cache baseline-browser-mapping@https://registry.npmjs.org/baseline-browser-mapping/-/baseline-browser-mapping-2.11.21.tgz 0ms (cache hit)
2932 http cache cross-spawn@https://registry.npmjs.org/cross-spawn/-/cross-spawn-7.0.6.tgz 0ms (cache hit)
2933 http cache @babel/helper-string-parser@https://registry.npmjs.org/@babel/helper-string-parser/-/helper-string-parser-7.29.7.tgz 0ms (cache hit)
2934 http cache @babel/helper-globals@https://registry.npmjs.org/@babel/helper-globals/-/helper-globals-7.29.7.tgz 0ms (cache hit)
2935 http cache @babel/helper-plugin-utils@https://registry.npmjs.org/@babel/helper-plugin-utils/-/helper-plugin-utils-7.29.7.tgz 0ms (cache hit)
2936 http cache @babel/helper-module-imports@https://registry.npmjs.org/@babel/helper-module-imports/-/helper-module-imports-7.29.7.tgz 0ms (cache hit)
2937 http cache lru-cache@https://registry.npmjs.org/lru-cache/-/lru-cache-5.1.1.tgz 0ms (cache hit)
2938 http cache browserslist@https://registry.npmjs.org/browserslist/-/browserslist-4.28.9.tgz 0ms (cache hit)
2939 http cache @babel/helper-validator-option@https://registry.npmjs.org/@babel/helper-validator-option/-/helper-validator-option-7.29.7.tgz 0ms (cache hit)
2940 http cache @babel/compat-data@https://registry.npmjs.org/@babel/compat-data/-/compat-data-7.29.7.tgz 0ms (cache hit)
2941 http cache jsesc@https://registry.npmjs.org/jsesc/-/jsesc-3.1.0.tgz 0ms (cache hit)
2942 http cache @jridgewell/trace-mapping@https://registry.npmjs.org/@jridgewell/trace-mapping/-/trace-mapping-0.3.31.tgz 0ms (cache hit)
2943 http cache @jridgewell/gen-mapping@https://registry.npmjs.org/@jridgewell/gen-mapping/-/gen-mapping-0.3.13.tgz 0ms (cache hit)
2944 http cache @babel/types@https://registry.npmjs.org/@babel/types/-/types-7.29.8.tgz 0ms (cache hit)
2945 http cache gensync@https://registry.npmjs.org/gensync/-/gensync-1.0.0-beta.2.tgz 0ms (cache hit)
2946 http cache convert-source-map@https://registry.npmjs.org/convert-source-map/-/convert-source-map-2.0.0.tgz 0ms (cache hit)
2947 http cache @jridgewell/remapping@https://registry.npmjs.org/@jridgewell/remapping/-/remapping-2.3.5.tgz 0ms (cache hit)
2948 http cache @babel/traverse@https://registry.npmjs.org/@babel/traverse/-/traverse-7.29.8.tgz 0ms (cache hit)
2949 http cache @babel/parser@https://registry.npmjs.org/@babel/parser/-/parser-7.29.8.tgz 0ms (cache hit)
2950 http cache @babel/template@https://registry.npmjs.org/@babel/template/-/template-7.29.7.tgz 0ms (cache hit)
2951 http cache @babel/helpers@https://registry.npmjs.org/@babel/helpers/-/helpers-7.29.7.tgz 0ms (cache hit)
2952 http cache @babel/helper-module-transforms@https://registry.npmjs.org/@babel/helper-module-transforms/-/helper-module-transforms-7.29.7.tgz 0ms (cache hit)
2953 http cache @babel/generator@https://registry.npmjs.org/@babel/generator/-/generator-7.29.8.tgz 0ms (cache hit)
2954 http cache @babel/helper-compilation-targets@https://registry.npmjs.org/@babel/helper-compilation-targets/-/helper-compilation-targets-7.29.7.tgz 0ms (cache hit)
2955 http cache @babel/plugin-transform-modules-commonjs@https://registry.npmjs.org/@babel/plugin-transform-modules-commonjs/-/plugin-transform-modules-commonjs-7.29.7.tgz 0ms (cache hit)
2956 http cache @babel/core@https://registry.npmjs.org/@babel/core/-/core-7.29.7.tgz 0ms (cache hit)
2957 http cache xmlbuilder@https://registry.npmjs.org/xmlbuilder/-/xmlbuilder-15.1.1.tgz 0ms (cache hit)
2958 http cache base64-js@https://registry.npmjs.org/base64-js/-/base64-js-1.5.1.tgz 0ms (cache hit)
2959 http cache @xmldom/xmldom@https://registry.npmjs.org/@xmldom/xmldom/-/xmldom-0.8.15.tgz 0ms (cache hit)
2960 http cache metro-transform-worker@https://registry.npmjs.org/metro-transform-worker/-/metro-transform-worker-0.84.5.tgz 1ms (cache hit)
2961 http cache metro-source-map@https://registry.npmjs.org/metro-source-map/-/metro-source-map-0.84.5.tgz 0ms (cache hit)
2962 http cache metro-transform-plugins@https://registry.npmjs.org/metro-transform-plugins/-/metro-transform-plugins-0.84.5.tgz 0ms (cache hit)
2963 http cache metro-symbolicate@https://registry.npmjs.org/metro-symbolicate/-/metro-symbolicate-0.84.5.tgz 0ms (cache hit)
2964 http cache metro-runtime@https://registry.npmjs.org/metro-runtime/-/metro-runtime-0.84.5.tgz 0ms (cache hit)
2965 http cache metro-resolver@https://registry.npmjs.org/metro-resolver/-/metro-resolver-0.84.5.tgz 0ms (cache hit)
2966 http cache metro-minify-terser@https://registry.npmjs.org/metro-minify-terser/-/metro-minify-terser-0.84.5.tgz 0ms (cache hit)
2967 http cache metro-file-map@https://registry.npmjs.org/metro-file-map/-/metro-file-map-0.84.5.tgz 0ms (cache hit)
2968 http cache metro-config@https://registry.npmjs.org/metro-config/-/metro-config-0.84.5.tgz 0ms (cache hit)
2969 http cache metro-core@https://registry.npmjs.org/metro-core/-/metro-core-0.84.5.tgz 0ms (cache hit)
2970 http cache metro-babel-transformer@https://registry.npmjs.org/metro-babel-transformer/-/metro-babel-transformer-0.84.5.tgz 0ms (cache hit)
2971 http cache metro-cache@https://registry.npmjs.org/metro-cache/-/metro-cache-0.84.5.tgz 0ms (cache hit)
2972 http cache metro-cache-key@https://registry.npmjs.org/metro-cache-key/-/metro-cache-key-0.84.5.tgz 0ms (cache hit)
2973 http cache metro@https://registry.npmjs.org/metro/-/metro-0.84.5.tgz 0ms (cache hit)
2974 http cache picocolors@https://registry.npmjs.org/picocolors/-/picocolors-1.1.1.tgz 0ms (cache hit)
2975 http cache js-tokens@https://registry.npmjs.org/js-tokens/-/js-tokens-4.0.0.tgz 0ms (cache hit)
2976 http cache @babel/helper-validator-identifier@https://registry.npmjs.org/@babel/helper-validator-identifier/-/helper-validator-identifier-7.29.7.tgz 0ms (cache hit)
2977 http cache json5@https://registry.npmjs.org/json5/-/json5-2.2.3.tgz 0ms (cache hit)
2978 http cache @babel/code-frame@https://registry.npmjs.org/@babel/code-frame/-/code-frame-7.29.7.tgz 0ms (cache hit)
2979 http cache resolve-from@https://registry.npmjs.org/resolve-from/-/resolve-from-5.0.0.tgz 0ms (cache hit)
2980 http cache minimatch@https://registry.npmjs.org/minimatch/-/minimatch-10.2.6.tgz 0ms (cache hit)
2981 http cache @expo/spawn-async@https://registry.npmjs.org/@expo/spawn-async/-/spawn-async-1.8.0.tgz 0ms (cache hit)
2982 http cache ignore@https://registry.npmjs.org/ignore/-/ignore-5.3.2.tgz 0ms (cache hit)
2983 http cache @expo/env@https://registry.npmjs.org/@expo/env/-/env-2.4.3.tgz 0ms (cache hit)
2984 http cache arg@https://registry.npmjs.org/arg/-/arg-5.0.2.tgz 0ms (cache hit)
2985 http cache xml2js@https://registry.npmjs.org/xml2js/-/xml2js-0.6.0.tgz 0ms (cache hit)
2986 http cache xcode@https://registry.npmjs.org/xcode/-/xcode-3.0.1.tgz 0ms (cache hit)
2987 http cache debug@https://registry.npmjs.org/debug/-/debug-4.4.3.tgz 0ms (cache hit)
2988 http cache chalk@https://registry.npmjs.org/chalk/-/chalk-4.1.2.tgz 0ms (cache hit)
2989 http cache @expo/sdk-runtime-versions@https://registry.npmjs.org/@expo/sdk-runtime-versions/-/sdk-runtime-versions-1.0.0.tgz 0ms (cache hit)
2990 http cache slugify@https://registry.npmjs.org/slugify/-/slugify-1.6.9.tgz 0ms (cache hit)
2991 http cache @expo/plist@https://registry.npmjs.org/@expo/plist/-/plist-0.8.1.tgz 0ms (cache hit)
2992 http cache semver@https://registry.npmjs.org/semver/-/semver-7.8.5.tgz 0ms (cache hit)
2993 http cache resolve-workspace-root@https://registry.npmjs.org/resolve-workspace-root/-/resolve-workspace-root-2.0.1.tgz 0ms (cache hit)
2994 http cache glob@https://registry.npmjs.org/glob/-/glob-13.0.6.tgz 0ms (cache hit)
2995 http cache getenv@https://registry.npmjs.org/getenv/-/getenv-2.0.0.tgz 0ms (cache hit)
2996 http cache deepmerge@https://registry.npmjs.org/deepmerge/-/deepmerge-4.3.1.tgz 0ms (cache hit)
2997 http cache @expo/require-utils@https://registry.npmjs.org/@expo/require-utils/-/require-utils-57.0.5.tgz 0ms (cache hit)
2998 http cache @expo/config-types@https://registry.npmjs.org/@expo/config-types/-/config-types-57.0.2.tgz 0ms (cache hit)
2999 http cache @expo/json-file@https://registry.npmjs.org/@expo/json-file/-/json-file-11.0.1.tgz 0ms (cache hit)
3000 http cache whatwg-url-minimum@https://registry.npmjs.org/whatwg-url-minimum/-/whatwg-url-minimum-0.1.2.tgz 0ms (cache hit)
3001 http cache pretty-format@https://registry.npmjs.org/pretty-format/-/pretty-format-29.7.0.tgz 0ms (cache hit)
3002 http cache expo-modules-core@https://registry.npmjs.org/expo-modules-core/-/expo-modules-core-57.0.16.tgz 0ms (cache hit)
3003 http cache expo-modules-autolinking@https://registry.npmjs.org/expo-modules-autolinking/-/expo-modules-autolinking-57.0.12.tgz 0ms (cache hit)
3004 http cache @ungap/structured-clone@https://registry.npmjs.org/@ungap/structured-clone/-/structured-clone-1.4.0.tgz 0ms (cache hit)
3005 http cache react-refresh@https://registry.npmjs.org/react-refresh/-/react-refresh-0.14.2.tgz 0ms (cache hit)
3006 http cache @expo/metro@https://registry.npmjs.org/@expo/metro/-/metro-56.0.2.tgz 0ms (cache hit)
3007 http cache @expo/fingerprint@https://registry.npmjs.org/@expo/fingerprint/-/fingerprint-0.20.12.tgz 0ms (cache hit)
3008 http cache @expo/local-build-cache-provider@https://registry.npmjs.org/@expo/local-build-cache-provider/-/local-build-cache-provider-57.0.8.tgz 0ms (cache hit)
3009 http cache @expo/devtools@https://registry.npmjs.org/@expo/devtools/-/devtools-57.0.1.tgz 0ms (cache hit)
3010 http cache @expo/config-plugins@https://registry.npmjs.org/@expo/config-plugins/-/config-plugins-57.0.9.tgz 0ms (cache hit)
3011 http cache @expo/config@https://registry.npmjs.org/@expo/config/-/config-57.0.9.tgz 0ms (cache hit)
3012 http cache @babel/runtime@https://registry.npmjs.org/@babel/runtime/-/runtime-7.29.7.tgz 0ms (cache hit)
3013 http cache react@https://registry.npmjs.org/react/-/react-19.2.3.tgz 0ms (cache hit)
3014 http cache react-native@https://registry.npmjs.org/react-native/-/react-native-0.86.3.tgz 0ms (cache hit)
3015 http cache expo-status-bar@https://registry.npmjs.org/expo-status-bar/-/expo-status-bar-57.0.1.tgz 0ms (cache hit)
3016 http cache semver@https://registry.npmjs.org/semver/-/semver-6.3.1.tgz 0ms (cache hit)
3017 http cache expo@https://registry.npmjs.org/expo/-/expo-57.0.20.tgz 0ms (cache hit)
3018 http cache semver@https://registry.npmjs.org/semver/-/semver-6.3.1.tgz 0ms (cache hit)
3019 http cache semver@https://registry.npmjs.org/semver/-/semver-6.3.1.tgz 0ms (cache hit)
3020 http cache semver@https://registry.npmjs.org/semver/-/semver-6.3.1.tgz 0ms (cache hit)
3021 http cache type-fest@https://registry.npmjs.org/type-fest/-/type-fest-0.21.3.tgz 0ms (cache hit)
3022 http cache color-name@https://registry.npmjs.org/color-name/-/color-name-1.1.3.tgz 0ms (cache hit)
3023 http cache has-flag@https://registry.npmjs.org/has-flag/-/has-flag-3.0.0.tgz 0ms (cache hit)
3024 http cache color-convert@https://registry.npmjs.org/color-convert/-/color-convert-1.9.3.tgz 0ms (cache hit)
3025 http cache escape-string-regexp@https://registry.npmjs.org/escape-string-regexp/-/escape-string-regexp-1.0.5.tgz 0ms (cache hit)
3026 http cache supports-color@https://registry.npmjs.org/supports-color/-/supports-color-5.5.0.tgz 0ms (cache hit)
3027 http cache ansi-styles@https://registry.npmjs.org/ansi-styles/-/ansi-styles-3.2.1.tgz 0ms (cache hit)
3028 http cache chalk@https://registry.npmjs.org/chalk/-/chalk-2.4.2.tgz 0ms (cache hit)
3029 http cache lru-cache@https://registry.npmjs.org/lru-cache/-/lru-cache-10.4.3.tgz 0ms (cache hit)
3030 http cache has-flag@https://registry.npmjs.org/has-flag/-/has-flag-3.0.0.tgz 1ms (cache hit)
3031 http cache color-convert@https://registry.npmjs.org/color-convert/-/color-convert-1.9.3.tgz 0ms (cache hit)
3032 http cache color-name@https://registry.npmjs.org/color-name/-/color-name-1.1.3.tgz 0ms (cache hit)
3033 http cache ansi-regex@https://registry.npmjs.org/ansi-regex/-/ansi-regex-4.1.1.tgz 0ms (cache hit)
3034 http cache escape-string-regexp@https://registry.npmjs.org/escape-string-regexp/-/escape-string-regexp-1.0.5.tgz 0ms (cache hit)
3035 http cache supports-color@https://registry.npmjs.org/supports-color/-/supports-color-5.5.0.tgz 0ms (cache hit)
3036 http cache ansi-styles@https://registry.npmjs.org/ansi-styles/-/ansi-styles-3.2.1.tgz 0ms (cache hit)
3037 http cache chalk@https://registry.npmjs.org/chalk/-/chalk-2.4.2.tgz 0ms (cache hit)
3038 http cache strip-ansi@https://registry.npmjs.org/strip-ansi/-/strip-ansi-5.2.0.tgz 0ms (cache hit)
3039 http cache ms@https://registry.npmjs.org/ms/-/ms-2.0.0.tgz 0ms (cache hit)
3040 http cache debug@https://registry.npmjs.org/debug/-/debug-2.6.9.tgz 0ms (cache hit)
3041 http cache negotiator@https://registry.npmjs.org/negotiator/-/negotiator-0.6.4.tgz 0ms (cache hit)
3042 http cache debug@https://registry.npmjs.org/debug/-/debug-3.2.7.tgz 0ms (cache hit)
3043 http cache source-map@https://registry.npmjs.org/source-map/-/source-map-0.6.1.tgz 0ms (cache hit)
3044 http cache @xmldom/xmldom@https://registry.npmjs.org/@xmldom/xmldom/-/xmldom-0.9.12.tgz 0ms (cache hit)
3045 http cache statuses@https://registry.npmjs.org/statuses/-/statuses-2.0.2.tgz 0ms (cache hit)
3046 http cache statuses@https://registry.npmjs.org/statuses/-/statuses-2.0.2.tgz 0ms (cache hit)
3047 http cache on-finished@https://registry.npmjs.org/on-finished/-/on-finished-2.4.1.tgz 0ms (cache hit)
3048 http cache encodeurl@https://registry.npmjs.org/encodeurl/-/encodeurl-2.0.0.tgz 0ms (cache hit)
3049 http cache ms@https://registry.npmjs.org/ms/-/ms-2.0.0.tgz 0ms (cache hit)
3050 http cache debug@https://registry.npmjs.org/debug/-/debug-2.6.9.tgz 0ms (cache hit)
3051 http cache ms@https://registry.npmjs.org/ms/-/ms-2.0.0.tgz 0ms (cache hit)
3052 http cache encodeurl@https://registry.npmjs.org/encodeurl/-/encodeurl-2.0.0.tgz 0ms (cache hit)
3053 http cache debug@https://registry.npmjs.org/debug/-/debug-2.6.9.tgz 0ms (cache hit)
3054 http cache picomatch@https://registry.npmjs.org/picomatch/-/picomatch-4.0.7.tgz 1ms (cache hit)
3055 http cache fdir@https://registry.npmjs.org/fdir/-/fdir-6.5.0.tgz 0ms (cache hit)
3056 http cache hermes-estree@https://registry.npmjs.org/hermes-estree/-/hermes-estree-0.36.0.tgz 0ms (cache hit)
3057 http cache hermes-parser@https://registry.npmjs.org/hermes-parser/-/hermes-parser-0.36.0.tgz 0ms (cache hit)
3058 http cache commander@https://registry.npmjs.org/commander/-/commander-2.20.3.tgz 0ms (cache hit)
3059 http cache hermes-estree@https://registry.npmjs.org/hermes-estree/-/hermes-estree-0.36.0.tgz 0ms (cache hit)
3060 http cache hermes-parser@https://registry.npmjs.org/hermes-parser/-/hermes-parser-0.36.0.tgz 0ms (cache hit)
3061 http cache ms@https://registry.npmjs.org/ms/-/ms-2.0.0.tgz 0ms (cache hit)
3062 http cache ci-info@https://registry.npmjs.org/ci-info/-/ci-info-3.9.0.tgz 0ms (cache hit)
3063 http cache debug@https://registry.npmjs.org/debug/-/debug-2.6.9.tgz 0ms (cache hit)
3064 http cache supports-color@https://registry.npmjs.org/supports-color/-/supports-color-8.1.1.tgz 0ms (cache hit)
3065 http cache ms@https://registry.npmjs.org/ms/-/ms-2.0.0.tgz 0ms (cache hit)
3066 http cache debug@https://registry.npmjs.org/debug/-/debug-2.6.9.tgz 0ms (cache hit)
3067 http cache lru-cache@https://registry.npmjs.org/lru-cache/-/lru-cache-11.5.2.tgz 0ms (cache hit)
3068 http cache semver@https://registry.npmjs.org/semver/-/semver-6.3.1.tgz 0ms (cache hit)
3069 http cache semver@https://registry.npmjs.org/semver/-/semver-6.3.1.tgz 0ms (cache hit)
3070 http cache mime-db@https://registry.npmjs.org/mime-db/-/mime-db-1.52.0.tgz 0ms (cache hit)
3071 http cache xmlbuilder@https://registry.npmjs.org/xmlbuilder/-/xmlbuilder-11.0.1.tgz 0ms (cache hit)
3072 http cache commander@https://registry.npmjs.org/commander/-/commander-12.1.0.tgz 0ms (cache hit)
3073 http cache ansi-styles@https://registry.npmjs.org/ansi-styles/-/ansi-styles-5.2.0.tgz 0ms (cache hit)
3074 http cache hermes-estree@https://registry.npmjs.org/hermes-estree/-/hermes-estree-0.36.1.tgz 0ms (cache hit)
3075 http cache negotiator@https://registry.npmjs.org/negotiator/-/negotiator-0.6.3.tgz 0ms (cache hit)
3076 http cache mime-types@https://registry.npmjs.org/mime-types/-/mime-types-2.1.35.tgz 0ms (cache hit)
3077 http cache picomatch@https://registry.npmjs.org/picomatch/-/picomatch-4.0.7.tgz 0ms (cache hit)
3078 http cache hermes-parser@https://registry.npmjs.org/hermes-parser/-/hermes-parser-0.36.1.tgz 0ms (cache hit)
3079 http cache ws@https://registry.npmjs.org/ws/-/ws-8.21.3.tgz 0ms (cache hit)
3080 http cache accepts@https://registry.npmjs.org/accepts/-/accepts-1.3.8.tgz 0ms (cache hit)
3081 http cache ci-info@https://registry.npmjs.org/ci-info/-/ci-info-3.9.0.tgz 0ms (cache hit)
3082 http cache @expo/ws-tunnel@https://registry.npmjs.org/@expo/ws-tunnel/-/ws-tunnel-2.0.0.tgz 0ms (cache hit)
3083 http cache expo-keep-awake@https://registry.npmjs.org/expo-keep-awake/-/expo-keep-awake-57.0.1.tgz 0ms (cache hit)
3084 http cache expo-font@https://registry.npmjs.org/expo-font/-/expo-font-57.0.3.tgz 0ms (cache hit)
3085 http cache expo-constants@https://registry.npmjs.org/expo-constants/-/expo-constants-57.0.17.tgz 0ms (cache hit)
3086 http cache expo-file-system@https://registry.npmjs.org/expo-file-system/-/expo-file-system-57.0.6.tgz 0ms (cache hit)
3087 http cache expo-asset@https://registry.npmjs.org/expo-asset/-/expo-asset-57.0.16.tgz 0ms (cache hit)
3088 http cache babel-preset-expo@https://registry.npmjs.org/babel-preset-expo/-/babel-preset-expo-57.0.10.tgz 0ms (cache hit)
3089 http cache @expo/dom-webview@https://registry.npmjs.org/@expo/dom-webview/-/dom-webview-57.0.1.tgz 0ms (cache hit)
3090 http cache @expo/metro-config@https://registry.npmjs.org/@expo/metro-config/-/metro-config-57.0.12.tgz 0ms (cache hit)
3091 http cache @expo/log-box@https://registry.npmjs.org/@expo/log-box/-/log-box-57.0.4.tgz 0ms (cache hit)
3092 http cache @expo/router-server@https://registry.npmjs.org/@expo/router-server/-/router-server-57.0.9.tgz 0ms (cache hit)
3093 http cache @expo/cli@https://registry.npmjs.org/@expo/cli/-/cli-57.0.22.tgz 0ms (cache hit)
3094 silly tarball no local data for function-bind@https://registry.npmjs.org/function-bind/-/function-bind-1.1.2.tgz. Extracting by manifest.
3095 silly tarball no local data for fontfaceobserver@https://registry.npmjs.org/fontfaceobserver/-/fontfaceobserver-2.3.0.tgz. Extracting by manifest.
3096 silly tarball no local data for unicode-property-aliases-ecmascript@https://registry.npmjs.org/unicode-property-aliases-ecmascript/-/unicode-property-aliases-ecmascript-2.2.0.tgz. Extracting by manifest.
3097 silly tarball no local data for unicode-canonical-property-names-ecmascript@https://registry.npmjs.org/unicode-canonical-property-names-ecmascript/-/unicode-canonical-property-names-ecmascript-2.0.1.tgz. Extracting by manifest.
3098 silly tarball no local data for hasown@https://registry.npmjs.org/hasown/-/hasown-2.0.4.tgz. Extracting by manifest.
3099 silly tarball no local data for supports-preserve-symlinks-flag@https://registry.npmjs.org/supports-preserve-symlinks-flag/-/supports-preserve-symlinks-flag-1.0.0.tgz. Extracting by manifest.
3100 silly tarball no local data for is-core-module@https://registry.npmjs.org/is-core-module/-/is-core-module-2.16.2.tgz. Extracting by manifest.
3101 silly tarball no local data for path-parse@https://registry.npmjs.org/path-parse/-/path-parse-1.0.7.tgz. Extracting by manifest.
3102 silly tarball no local data for es-errors@https://registry.npmjs.org/es-errors/-/es-errors-1.3.0.tgz. Extracting by manifest.
3103 silly tarball no local data for unicode-match-property-value-ecmascript@https://registry.npmjs.org/unicode-match-property-value-ecmascript/-/unicode-match-property-value-ecmascript-2.2.1.tgz. Extracting by manifest.
3104 silly tarball no local data for regjsgen@https://registry.npmjs.org/regjsgen/-/regjsgen-0.8.0.tgz. Extracting by manifest.
3105 silly tarball no local data for unicode-match-property-ecmascript@https://registry.npmjs.org/unicode-match-property-ecmascript/-/unicode-match-property-ecmascript-2.0.0.tgz. Extracting by manifest.
3106 silly tarball no local data for regjsparser@https://registry.npmjs.org/regjsparser/-/regjsparser-0.13.2.tgz. Extracting by manifest.
3107 silly tarball no local data for regenerate@https://registry.npmjs.org/regenerate/-/regenerate-1.4.2.tgz. Extracting by manifest.
3108 silly tarball no local data for regenerate-unicode-properties@https://registry.npmjs.org/regenerate-unicode-properties/-/regenerate-unicode-properties-10.2.2.tgz. Extracting by manifest.
3109 silly tarball no local data for core-js-compat@https://registry.npmjs.org/core-js-compat/-/core-js-compat-3.50.0.tgz. Extracting by manifest.
3110 silly tarball no local data for resolve@https://registry.npmjs.org/resolve/-/resolve-1.22.12.tgz. Extracting by manifest.
3111 silly tarball no local data for lodash.debounce@https://registry.npmjs.org/lodash.debounce/-/lodash.debounce-4.0.8.tgz. Extracting by manifest.
3112 silly tarball no local data for @babel/helper-define-polyfill-provider@https://registry.npmjs.org/@babel/helper-define-polyfill-provider/-/helper-define-polyfill-provider-0.6.8.tgz. Extracting by manifest.
3113 silly tarball no local data for babel-plugin-polyfill-corejs3@https://registry.npmjs.org/babel-plugin-polyfill-corejs3/-/babel-plugin-polyfill-corejs3-0.13.0.tgz. Extracting by manifest.
3114 silly tarball no local data for @babel/plugin-syntax-typescript@https://registry.npmjs.org/@babel/plugin-syntax-typescript/-/plugin-syntax-typescript-7.29.7.tgz. Extracting by manifest.
3115 silly tarball no local data for babel-plugin-polyfill-regenerator@https://registry.npmjs.org/babel-plugin-polyfill-regenerator/-/babel-plugin-polyfill-regenerator-0.6.8.tgz. Extracting by manifest.
3116 silly tarball no local data for babel-plugin-polyfill-corejs2@https://registry.npmjs.org/babel-plugin-polyfill-corejs2/-/babel-plugin-polyfill-corejs2-0.4.17.tgz. Extracting by manifest.
3117 silly tarball no local data for @babel/plugin-syntax-jsx@https://registry.npmjs.org/@babel/plugin-syntax-jsx/-/plugin-syntax-jsx-7.29.7.tgz. Extracting by manifest.
3118 silly tarball no local data for regexpu-core@https://registry.npmjs.org/regexpu-core/-/regexpu-core-6.4.0.tgz. Extracting by manifest.
3119 silly tarball no local data for @babel/helper-create-regexp-features-plugin@https://registry.npmjs.org/@babel/helper-create-regexp-features-plugin/-/helper-create-regexp-features-plugin-7.29.7.tgz. Extracting by manifest.
3120 silly tarball no local data for @babel/plugin-syntax-flow@https://registry.npmjs.org/@babel/plugin-syntax-flow/-/plugin-syntax-flow-7.29.7.tgz. Extracting by manifest.
3121 silly tarball no local data for @babel/helper-wrap-function@https://registry.npmjs.org/@babel/helper-wrap-function/-/helper-wrap-function-7.29.7.tgz. Extracting by manifest.
3122 silly tarball no local data for @babel/helper-skip-transparent-expression-wrappers@https://registry.npmjs.org/@babel/helper-skip-transparent-expression-wrappers/-/helper-skip-transparent-expression-wrappers-7.29.7.tgz. Extracting by manifest.
3123 silly tarball no local data for @babel/helper-remap-async-to-generator@https://registry.npmjs.org/@babel/helper-remap-async-to-generator/-/helper-remap-async-to-generator-7.29.7.tgz. Extracting by manifest.
3124 silly tarball no local data for @babel/helper-replace-supers@https://registry.npmjs.org/@babel/helper-replace-supers/-/helper-replace-supers-7.29.7.tgz. Extracting by manifest.
3125 silly tarball no local data for @babel/helper-optimise-call-expression@https://registry.npmjs.org/@babel/helper-optimise-call-expression/-/helper-optimise-call-expression-7.29.7.tgz. Extracting by manifest.
3126 silly tarball no local data for @babel/helper-member-expression-to-functions@https://registry.npmjs.org/@babel/helper-member-expression-to-functions/-/helper-member-expression-to-functions-7.29.7.tgz. Extracting by manifest.
3127 silly tarball no local data for @babel/helper-annotate-as-pure@https://registry.npmjs.org/@babel/helper-annotate-as-pure/-/helper-annotate-as-pure-7.29.7.tgz. Extracting by manifest.
3128 silly tarball no local data for @babel/plugin-syntax-decorators@https://registry.npmjs.org/@babel/plugin-syntax-decorators/-/plugin-syntax-decorators-7.29.7.tgz. Extracting by manifest.
3129 silly tarball no local data for babel-plugin-transform-flow-enums@https://registry.npmjs.org/babel-plugin-transform-flow-enums/-/babel-plugin-transform-flow-enums-0.0.2.tgz. Extracting by manifest.
3130 silly tarball no local data for @babel/helper-create-class-features-plugin@https://registry.npmjs.org/@babel/helper-create-class-features-plugin/-/helper-create-class-features-plugin-7.29.7.tgz. Extracting by manifest.
3131 silly tarball no local data for @react-native/babel-plugin-codegen@https://registry.npmjs.org/@react-native/babel-plugin-codegen/-/babel-plugin-codegen-0.86.3.tgz. Extracting by manifest.
3132 silly tarball no local data for babel-plugin-react-native-web@https://registry.npmjs.org/babel-plugin-react-native-web/-/babel-plugin-react-native-web-0.21.2.tgz. Extracting by manifest.
3133 silly tarball no local data for babel-plugin-react-compiler@https://registry.npmjs.org/babel-plugin-react-compiler/-/babel-plugin-react-compiler-1.0.0.tgz. Extracting by manifest.
3134 silly tarball no local data for @babel/preset-typescript@https://registry.npmjs.org/@babel/preset-typescript/-/preset-typescript-7.29.7.tgz. Extracting by manifest.
3135 silly tarball no local data for @babel/plugin-transform-unicode-regex@https://registry.npmjs.org/@babel/plugin-transform-unicode-regex/-/plugin-transform-unicode-regex-7.29.7.tgz. Extracting by manifest.
3136 silly tarball no local data for @babel/plugin-transform-typescript@https://registry.npmjs.org/@babel/plugin-transform-typescript/-/plugin-transform-typescript-7.29.7.tgz. Extracting by manifest.
3137 silly tarball no local data for @babel/plugin-transform-runtime@https://registry.npmjs.org/@babel/plugin-transform-runtime/-/plugin-transform-runtime-7.29.7.tgz. Extracting by manifest.
3138 silly tarball no local data for @babel/plugin-transform-react-jsx-development@https://registry.npmjs.org/@babel/plugin-transform-react-jsx-development/-/plugin-transform-react-jsx-development-7.29.7.tgz. Extracting by manifest.
3139 silly tarball no local data for @babel/plugin-transform-react-pure-annotations@https://registry.npmjs.org/@babel/plugin-transform-react-pure-annotations/-/plugin-transform-react-pure-annotations-7.29.7.tgz. Extracting by manifest.
3140 silly tarball no local data for @babel/plugin-transform-private-methods@https://registry.npmjs.org/@babel/plugin-transform-private-methods/-/plugin-transform-private-methods-7.29.7.tgz. Extracting by manifest.
3141 silly tarball no local data for @babel/plugin-transform-react-jsx@https://registry.npmjs.org/@babel/plugin-transform-react-jsx/-/plugin-transform-react-jsx-7.29.7.tgz. Extracting by manifest.
3142 silly tarball no local data for @babel/plugin-transform-react-display-name@https://registry.npmjs.org/@babel/plugin-transform-react-display-name/-/plugin-transform-react-display-name-7.29.7.tgz. Extracting by manifest.
3143 silly tarball no local data for @babel/plugin-transform-private-property-in-object@https://registry.npmjs.org/@babel/plugin-transform-private-property-in-object/-/plugin-transform-private-property-in-object-7.29.7.tgz. Extracting by manifest.
3144 silly tarball no local data for @babel/plugin-transform-parameters@https://registry.npmjs.org/@babel/plugin-transform-parameters/-/plugin-transform-parameters-7.29.7.tgz. Extracting by manifest.
3145 silly tarball no local data for @babel/plugin-transform-optional-catch-binding@https://registry.npmjs.org/@babel/plugin-transform-optional-catch-binding/-/plugin-transform-optional-catch-binding-7.29.7.tgz. Extracting by manifest.
3146 silly tarball no local data for @babel/plugin-transform-optional-chaining@https://registry.npmjs.org/@babel/plugin-transform-optional-chaining/-/plugin-transform-optional-chaining-7.29.7.tgz. Extracting by manifest.
3147 silly tarball no local data for @babel/plugin-transform-object-rest-spread@https://registry.npmjs.org/@babel/plugin-transform-object-rest-spread/-/plugin-transform-object-rest-spread-7.29.7.tgz. Extracting by manifest.
3148 silly tarball no local data for @babel/plugin-transform-nullish-coalescing-operator@https://registry.npmjs.org/@babel/plugin-transform-nullish-coalescing-operator/-/plugin-transform-nullish-coalescing-operator-7.29.7.tgz. Extracting by manifest.
3149 silly tarball no local data for @babel/plugin-transform-flow-strip-types@https://registry.npmjs.org/@babel/plugin-transform-flow-strip-types/-/plugin-transform-flow-strip-types-7.29.7.tgz. Extracting by manifest.
3150 silly tarball no local data for @babel/plugin-transform-for-of@https://registry.npmjs.org/@babel/plugin-transform-for-of/-/plugin-transform-for-of-7.29.7.tgz. Extracting by manifest.
3151 silly tarball no local data for @babel/plugin-transform-named-capturing-groups-regex@https://registry.npmjs.org/@babel/plugin-transform-named-capturing-groups-regex/-/plugin-transform-named-capturing-groups-regex-7.29.7.tgz. Extracting by manifest.
3152 silly tarball no local data for @babel/plugin-transform-logical-assignment-operators@https://registry.npmjs.org/@babel/plugin-transform-logical-assignment-operators/-/plugin-transform-logical-assignment-operators-7.29.7.tgz. Extracting by manifest.
3153 silly tarball no local data for @babel/plugin-transform-export-namespace-from@https://registry.npmjs.org/@babel/plugin-transform-export-namespace-from/-/plugin-transform-export-namespace-from-7.29.7.tgz. Extracting by manifest.
3154 silly tarball no local data for @babel/plugin-transform-destructuring@https://registry.npmjs.org/@babel/plugin-transform-destructuring/-/plugin-transform-destructuring-7.29.7.tgz. Extracting by manifest.
3155 silly tarball no local data for @babel/plugin-transform-class-properties@https://registry.npmjs.org/@babel/plugin-transform-class-properties/-/plugin-transform-class-properties-7.29.7.tgz. Extracting by manifest.
3156 silly tarball no local data for @babel/plugin-transform-classes@https://registry.npmjs.org/@babel/plugin-transform-classes/-/plugin-transform-classes-7.29.7.tgz. Extracting by manifest.
3157 silly tarball no local data for @babel/plugin-transform-class-static-block@https://registry.npmjs.org/@babel/plugin-transform-class-static-block/-/plugin-transform-class-static-block-7.29.7.tgz. Extracting by manifest.
3158 silly tarball no local data for @babel/plugin-transform-async-to-generator@https://registry.npmjs.org/@babel/plugin-transform-async-to-generator/-/plugin-transform-async-to-generator-7.29.7.tgz. Extracting by manifest.
3159 silly tarball no local data for @babel/plugin-transform-block-scoping@https://registry.npmjs.org/@babel/plugin-transform-block-scoping/-/plugin-transform-block-scoping-7.29.7.tgz. Extracting by manifest.
3160 silly tarball no local data for @babel/plugin-syntax-optional-chaining@https://registry.npmjs.org/@babel/plugin-syntax-optional-chaining/-/plugin-syntax-optional-chaining-7.8.3.tgz. Extracting by manifest.
3161 silly tarball no local data for @babel/plugin-transform-async-generator-functions@https://registry.npmjs.org/@babel/plugin-transform-async-generator-functions/-/plugin-transform-async-generator-functions-7.29.7.tgz. Extracting by manifest.
3162 silly tarball no local data for @babel/plugin-syntax-nullish-coalescing-operator@https://registry.npmjs.org/@babel/plugin-syntax-nullish-coalescing-operator/-/plugin-syntax-nullish-coalescing-operator-7.8.3.tgz. Extracting by manifest.
3163 silly tarball no local data for @babel/plugin-syntax-export-default-from@https://registry.npmjs.org/@babel/plugin-syntax-export-default-from/-/plugin-syntax-export-default-from-7.29.7.tgz. Extracting by manifest.
3164 silly tarball no local data for @babel/plugin-proposal-decorators@https://registry.npmjs.org/@babel/plugin-proposal-decorators/-/plugin-proposal-decorators-7.29.7.tgz. Extracting by manifest.
3165 silly tarball no local data for @babel/plugin-proposal-export-default-from@https://registry.npmjs.org/@babel/plugin-proposal-export-default-from/-/plugin-proposal-export-default-from-7.29.7.tgz. Extracting by manifest.
3166 silly tarball no local data for @babel/plugin-syntax-dynamic-import@https://registry.npmjs.org/@babel/plugin-syntax-dynamic-import/-/plugin-syntax-dynamic-import-7.8.3.tgz. Extracting by manifest.
3167 silly tarball no local data for nanoid@https://registry.npmjs.org/nanoid/-/nanoid-3.3.18.tgz. Extracting by manifest.
3168 silly tarball no local data for source-map-js@https://registry.npmjs.org/source-map-js/-/source-map-js-1.2.1.tgz. Extracting by manifest.
3169 silly tarball no local data for detect-libc@https://registry.npmjs.org/detect-libc/-/detect-libc-2.1.2.tgz. Extracting by manifest.
3170 silly tarball no local data for lightningcss-win32-x64-msvc@https://registry.npmjs.org/lightningcss-win32-x64-msvc/-/lightningcss-win32-x64-msvc-1.33.0.tgz. Extracting by manifest.
3171 silly tarball no local data for postcss@https://registry.npmjs.org/postcss/-/postcss-8.5.28.tgz. Extracting by manifest.
3172 silly tarball no local data for lightningcss@https://registry.npmjs.org/lightningcss/-/lightningcss-1.33.0.tgz. Extracting by manifest.
3173 silly tarball no local data for defaults@https://registry.npmjs.org/defaults/-/defaults-1.0.4.tgz. Extracting by manifest.
3174 silly tarball no local data for supports-hyperlinks@https://registry.npmjs.org/supports-hyperlinks/-/supports-hyperlinks-2.3.0.tgz. Extracting by manifest.
3175 silly tarball no local data for clone@https://registry.npmjs.org/clone/-/clone-1.0.4.tgz. Extracting by manifest.
3176 silly tarball no local data for ansi-escapes@https://registry.npmjs.org/ansi-escapes/-/ansi-escapes-4.3.2.tgz. Extracting by manifest.
3177 silly tarball no local data for mimic-fn@https://registry.npmjs.org/mimic-fn/-/mimic-fn-1.2.0.tgz. Extracting by manifest.
3178 silly tarball no local data for sisteransi@https://registry.npmjs.org/sisteransi/-/sisteransi-1.0.5.tgz. Extracting by manifest.
3179 silly tarball no local data for signal-exit@https://registry.npmjs.org/signal-exit/-/signal-exit-3.0.7.tgz. Extracting by manifest.
3180 silly tarball no local data for onetime@https://registry.npmjs.org/onetime/-/onetime-2.0.1.tgz. Extracting by manifest.
3181 silly tarball no local data for pngjs@https://registry.npmjs.org/pngjs/-/pngjs-3.4.0.tgz. Extracting by manifest.
3182 silly tarball no local data for kleur@https://registry.npmjs.org/kleur/-/kleur-3.0.3.tgz. Extracting by manifest.
3183 silly tarball no local data for restore-cursor@https://registry.npmjs.org/restore-cursor/-/restore-cursor-2.0.0.tgz. Extracting by manifest.
3184 silly tarball no local data for wcwidth@https://registry.npmjs.org/wcwidth/-/wcwidth-1.0.1.tgz. Extracting by manifest.
3185 silly tarball no local data for cli-spinners@https://registry.npmjs.org/cli-spinners/-/cli-spinners-2.9.2.tgz. Extracting by manifest.
3186 silly tarball no local data for log-symbols@https://registry.npmjs.org/log-symbols/-/log-symbols-2.2.0.tgz. Extracting by manifest.
3187 silly tarball no local data for proc-log@https://registry.npmjs.org/proc-log/-/proc-log-4.2.0.tgz. Extracting by manifest.
3188 silly tarball no local data for validate-npm-package-name@https://registry.npmjs.org/validate-npm-package-name/-/validate-npm-package-name-5.0.1.tgz. Extracting by manifest.
3189 silly tarball no local data for hosted-git-info@https://registry.npmjs.org/hosted-git-info/-/hosted-git-info-7.0.2.tgz. Extracting by manifest.
3190 silly tarball no local data for argparse@https://registry.npmjs.org/argparse/-/argparse-2.0.1.tgz. Extracting by manifest.
3191 silly tarball no local data for safe-buffer@https://registry.npmjs.org/safe-buffer/-/safe-buffer-5.2.1.tgz. Extracting by manifest.
3192 silly tarball no local data for on-headers@https://registry.npmjs.org/on-headers/-/on-headers-1.1.0.tgz. Extracting by manifest.
3193 silly tarball no local data for vary@https://registry.npmjs.org/vary/-/vary-1.1.2.tgz. Extracting by manifest.
3194 silly tarball no local data for cli-cursor@https://registry.npmjs.org/cli-cursor/-/cli-cursor-2.1.0.tgz. Extracting by manifest.
3195 silly tarball no local data for js-yaml@https://registry.npmjs.org/js-yaml/-/js-yaml-4.3.2.tgz. Extracting by manifest.
3196 silly tarball no local data for bytes@https://registry.npmjs.org/bytes/-/bytes-3.1.2.tgz. Extracting by manifest.
3197 silly tarball no local data for parse-png@https://registry.npmjs.org/parse-png/-/parse-png-2.1.0.tgz. Extracting by manifest.
3198 silly tarball no local data for @expo/sudo-prompt@https://registry.npmjs.org/@expo/sudo-prompt/-/sudo-prompt-9.3.2.tgz. Extracting by manifest.
3199 silly tarball no local data for jimp-compact@https://registry.npmjs.org/jimp-compact/-/jimp-compact-0.16.1.tgz. Extracting by manifest.
3200 silly tarball no local data for toqr@https://registry.npmjs.org/toqr/-/toqr-0.1.1.tgz. Extracting by manifest.
3201 silly tarball no local data for terminal-link@https://registry.npmjs.org/terminal-link/-/terminal-link-2.1.1.tgz. Extracting by manifest.
3202 silly tarball no local data for structured-headers@https://registry.npmjs.org/structured-headers/-/structured-headers-0.4.1.tgz. Extracting by manifest.
3203 silly tarball no local data for prompts@https://registry.npmjs.org/prompts/-/prompts-2.4.2.tgz. Extracting by manifest.
3204 silly tarball no local data for progress@https://registry.npmjs.org/progress/-/progress-2.0.3.tgz. Extracting by manifest.
3205 silly tarball no local data for ora@https://registry.npmjs.org/ora/-/ora-3.4.0.tgz. Extracting by manifest.
3206 silly tarball no local data for compressible@https://registry.npmjs.org/compressible/-/compressible-2.0.18.tgz. Extracting by manifest.
3207 silly tarball no local data for npm-package-arg@https://registry.npmjs.org/npm-package-arg/-/npm-package-arg-11.0.3.tgz. Extracting by manifest.
3208 silly tarball no local data for node-forge@https://registry.npmjs.org/node-forge/-/node-forge-1.4.0.tgz. Extracting by manifest.
3209 silly tarball no local data for multitars@https://registry.npmjs.org/multitars/-/multitars-1.0.2.tgz. Extracting by manifest.
3210 silly tarball no local data for zod@https://registry.npmjs.org/zod/-/zod-3.25.76.tgz. Extracting by manifest.
3211 silly tarball no local data for fetch-nodeshim@https://registry.npmjs.org/fetch-nodeshim/-/fetch-nodeshim-0.4.10.tgz. Extracting by manifest.
3212 silly tarball no local data for dnssd-advertise@https://registry.npmjs.org/dnssd-advertise/-/dnssd-advertise-1.1.6.tgz. Extracting by manifest.
3213 silly tarball no local data for compression@https://registry.npmjs.org/compression/-/compression-1.8.1.tgz. Extracting by manifest.
3214 silly tarball no local data for agent-cli-detector@https://registry.npmjs.org/agent-cli-detector/-/agent-cli-detector-0.1.7.tgz. Extracting by manifest.
3215 silly tarball no local data for @expo/xcpretty@https://registry.npmjs.org/@expo/xcpretty/-/xcpretty-4.4.4.tgz. Extracting by manifest.
3216 silly tarball no local data for expo-server@https://registry.npmjs.org/expo-server/-/expo-server-57.0.3.tgz. Extracting by manifest.
3217 silly tarball no local data for lan-network@https://registry.npmjs.org/lan-network/-/lan-network-0.2.1.tgz. Extracting by manifest.
3218 silly tarball no local data for sandbox-cli-detector@https://registry.npmjs.org/sandbox-cli-detector/-/sandbox-cli-detector-0.2.0.tgz. Extracting by manifest.
3219 silly tarball no local data for @expo/prebuild-config@https://registry.npmjs.org/@expo/prebuild-config/-/prebuild-config-57.0.15.tgz. Extracting by manifest.
3220 silly tarball no local data for @expo/schema-utils@https://registry.npmjs.org/@expo/schema-utils/-/schema-utils-57.0.2.tgz. Extracting by manifest.
3221 silly tarball no local data for @expo/package-manager@https://registry.npmjs.org/@expo/package-manager/-/package-manager-1.13.1.tgz. Extracting by manifest.
3222 silly tarball no local data for @expo/metro-file-map@https://registry.npmjs.org/@expo/metro-file-map/-/metro-file-map-57.0.2.tgz. Extracting by manifest.
3223 silly tarball no local data for @expo/inline-modules@https://registry.npmjs.org/@expo/inline-modules/-/inline-modules-0.1.7.tgz. Extracting by manifest.
3224 silly tarball no local data for @expo/devcert@https://registry.npmjs.org/@expo/devcert/-/devcert-1.2.1.tgz. Extracting by manifest.
3225 silly tarball no local data for @expo/image-utils@https://registry.npmjs.org/@expo/image-utils/-/image-utils-0.11.5.tgz. Extracting by manifest.
3226 silly tarball no local data for is-fullwidth-code-point@https://registry.npmjs.org/is-fullwidth-code-point/-/is-fullwidth-code-point-3.0.0.tgz. Extracting by manifest.
3227 silly tarball no local data for @expo/osascript@https://registry.npmjs.org/@expo/osascript/-/osascript-2.7.1.tgz. Extracting by manifest.
3228 silly tarball no local data for wrap-ansi@https://registry.npmjs.org/wrap-ansi/-/wrap-ansi-7.0.0.tgz. Extracting by manifest.
3229 silly tarball no local data for emoji-regex@https://registry.npmjs.org/emoji-regex/-/emoji-regex-8.0.0.tgz. Extracting by manifest.
3230 silly tarball no local data for strip-ansi@https://registry.npmjs.org/strip-ansi/-/strip-ansi-6.0.1.tgz. Extracting by manifest.
3231 silly tarball no local data for yargs-parser@https://registry.npmjs.org/yargs-parser/-/yargs-parser-21.1.1.tgz. Extracting by manifest.
3232 silly tarball no local data for @expo/code-signing-certificates@https://registry.npmjs.org/@expo/code-signing-certificates/-/code-signing-certificates-0.0.6.tgz. Extracting by manifest.
3233 silly tarball no local data for require-directory@https://registry.npmjs.org/require-directory/-/require-directory-2.1.1.tgz. Extracting by manifest.
3234 silly tarball no local data for string-width@https://registry.npmjs.org/string-width/-/string-width-4.2.3.tgz. Extracting by manifest.
3235 silly tarball no local data for y18n@https://registry.npmjs.org/y18n/-/y18n-5.0.8.tgz. Extracting by manifest.
3236 silly tarball no local data for get-caller-file@https://registry.npmjs.org/get-caller-file/-/get-caller-file-2.0.5.tgz. Extracting by manifest.
3237 silly tarball no local data for sax@https://registry.npmjs.org/sax/-/sax-1.6.1.tgz. Extracting by manifest.
3238 silly tarball no local data for cliui@https://registry.npmjs.org/cliui/-/cliui-8.0.1.tgz. Extracting by manifest.
3239 silly tarball no local data for big-integer@https://registry.npmjs.org/big-integer/-/big-integer-1.6.52.tgz. Extracting by manifest.
3240 silly tarball no local data for stream-buffers@https://registry.npmjs.org/stream-buffers/-/stream-buffers-2.2.0.tgz. Extracting by manifest.
3241 silly tarball no local data for plist@https://registry.npmjs.org/plist/-/plist-3.1.1.tgz. Extracting by manifest.
3242 silly tarball no local data for bplist-parser@https://registry.npmjs.org/bplist-parser/-/bplist-parser-0.3.1.tgz. Extracting by manifest.
3243 silly tarball no local data for bplist-creator@https://registry.npmjs.org/bplist-creator/-/bplist-creator-0.1.0.tgz. Extracting by manifest.
3244 silly tarball no local data for simple-plist@https://registry.npmjs.org/simple-plist/-/simple-plist-1.3.1.tgz. Extracting by manifest.
3245 silly tarball no local data for isexe@https://registry.npmjs.org/isexe/-/isexe-2.0.0.tgz. Extracting by manifest.
3246 silly tarball no local data for tmpl@https://registry.npmjs.org/tmpl/-/tmpl-1.0.5.tgz. Extracting by manifest.
3247 silly tarball no local data for uuid@https://registry.npmjs.org/uuid/-/uuid-7.0.3.tgz. Extracting by manifest.
3248 silly tarball no local data for makeerror@https://registry.npmjs.org/makeerror/-/makeerror-1.0.12.tgz. Extracting by manifest.
3249 silly tarball no local data for escalade@https://registry.npmjs.org/escalade/-/escalade-3.2.0.tgz. Extracting by manifest.
3250 silly tarball no local data for is-number@https://registry.npmjs.org/is-number/-/is-number-7.0.0.tgz. Extracting by manifest.
3251 silly tarball no local data for acorn@https://registry.npmjs.org/acorn/-/acorn-8.18.0.tgz. Extracting by manifest.
3252 silly tarball no local data for source-map-support@https://registry.npmjs.org/source-map-support/-/source-map-support-0.5.21.tgz. Extracting by manifest.
3253 silly tarball no local data for buffer-from@https://registry.npmjs.org/buffer-from/-/buffer-from-1.1.2.tgz. Extracting by manifest.
3254 silly tarball no local data for @jridgewell/source-map@https://registry.npmjs.org/@jridgewell/source-map/-/source-map-0.3.11.tgz. Extracting by manifest.
3255 silly tarball no local data for has-flag@https://registry.npmjs.org/has-flag/-/has-flag-4.0.0.tgz. Extracting by manifest.
3256 silly tarball no local data for shebang-regex@https://registry.npmjs.org/shebang-regex/-/shebang-regex-3.0.0.tgz. Extracting by manifest.
3257 silly tarball no local data for type-fest@https://registry.npmjs.org/type-fest/-/type-fest-0.7.1.tgz. Extracting by manifest.
3258 silly tarball no local data for toidentifier@https://registry.npmjs.org/toidentifier/-/toidentifier-1.0.1.tgz. Extracting by manifest.
3259 silly tarball no local data for setprototypeof@https://registry.npmjs.org/setprototypeof/-/setprototypeof-1.2.0.tgz. Extracting by manifest.
3260 silly tarball no local data for range-parser@https://registry.npmjs.org/range-parser/-/range-parser-1.2.1.tgz. Extracting by manifest.
3261 silly tarball no local data for inherits@https://registry.npmjs.org/inherits/-/inherits-2.0.4.tgz. Extracting by manifest.
3262 silly tarball no local data for http-errors@https://registry.npmjs.org/http-errors/-/http-errors-2.0.1.tgz. Extracting by manifest.
3263 silly tarball no local data for mime@https://registry.npmjs.org/mime/-/mime-1.6.0.tgz. Extracting by manifest.
3264 silly tarball no local data for destroy@https://registry.npmjs.org/destroy/-/destroy-1.2.0.tgz. Extracting by manifest.
3265 silly tarball no local data for fresh@https://registry.npmjs.org/fresh/-/fresh-0.5.2.tgz. Extracting by manifest.
3266 silly tarball no local data for etag@https://registry.npmjs.org/etag/-/etag-1.8.1.tgz. Extracting by manifest.
3267 silly tarball no local data for depd@https://registry.npmjs.org/depd/-/depd-2.0.0.tgz. Extracting by manifest.
3268 silly tarball no local data for send@https://registry.npmjs.org/send/-/send-0.19.2.tgz. Extracting by manifest.
3269 silly tarball no local data for marky@https://registry.npmjs.org/marky/-/marky-1.3.0.tgz. Extracting by manifest.
3270 silly tarball no local data for asap@https://registry.npmjs.org/asap/-/asap-2.0.6.tgz. Extracting by manifest.
3271 silly tarball no local data for shell-quote@https://registry.npmjs.org/shell-quote/-/shell-quote-1.10.0.tgz. Extracting by manifest.
3272 silly tarball no local data for is-docker@https://registry.npmjs.org/is-docker/-/is-docker-2.2.1.tgz. Extracting by manifest.
3273 silly tarball no local data for mkdirp@https://registry.npmjs.org/mkdirp/-/mkdirp-1.0.4.tgz. Extracting by manifest.
3274 silly tarball no local data for lighthouse-logger@https://registry.npmjs.org/lighthouse-logger/-/lighthouse-logger-1.4.2.tgz. Extracting by manifest.
3275 silly tarball no local data for is-wsl@https://registry.npmjs.org/is-wsl/-/is-wsl-2.2.0.tgz. Extracting by manifest.
3276 silly tarball no local data for escape-string-regexp@https://registry.npmjs.org/escape-string-regexp/-/escape-string-regexp-4.0.0.tgz. Extracting by manifest.
3277 silly tarball no local data for event-target-shim@https://registry.npmjs.org/event-target-shim/-/event-target-shim-5.0.1.tgz. Extracting by manifest.
3278 silly tarball no local data for open@https://registry.npmjs.org/open/-/open-7.4.2.tgz. Extracting by manifest.
3279 silly tarball no local data for serve-static@https://registry.npmjs.org/serve-static/-/serve-static-1.16.3.tgz. Extracting by manifest.
3280 silly tarball no local data for fb-dotslash@https://registry.npmjs.org/fb-dotslash/-/fb-dotslash-0.5.8.tgz. Extracting by manifest.
3281 silly tarball no local data for chromium-edge-launcher@https://registry.npmjs.org/chromium-edge-launcher/-/chromium-edge-launcher-0.3.0.tgz. Extracting by manifest.
3282 silly tarball no local data for chrome-launcher@https://registry.npmjs.org/chrome-launcher/-/chrome-launcher-0.15.2.tgz. Extracting by manifest.
3283 silly tarball no local data for @react-native/debugger-shell@https://registry.npmjs.org/@react-native/debugger-shell/-/debugger-shell-0.86.3.tgz. Extracting by manifest.
3284 silly tarball no local data for @react-native/debugger-frontend@https://registry.npmjs.org/@react-native/debugger-frontend/-/debugger-frontend-0.86.3.tgz. Extracting by manifest.
3285 silly tarball no local data for @isaacs/ttlcache@https://registry.npmjs.org/@isaacs/ttlcache/-/ttlcache-1.4.1.tgz. Extracting by manifest.
3286 silly tarball no local data for whatwg-fetch@https://registry.npmjs.org/whatwg-fetch/-/whatwg-fetch-3.6.20.tgz. Extracting by manifest.
3287 silly tarball no local data for tinyglobby@https://registry.npmjs.org/tinyglobby/-/tinyglobby-0.2.17.tgz. Extracting by manifest.
3288 silly tarball no local data for @react-native/dev-middleware@https://registry.npmjs.org/@react-native/dev-middleware/-/dev-middleware-0.86.3.tgz. Extracting by manifest.
3289 silly tarball no local data for stacktrace-parser@https://registry.npmjs.org/stacktrace-parser/-/stacktrace-parser-0.1.11.tgz. Extracting by manifest.
3290 silly tarball no local data for scheduler@https://registry.npmjs.org/scheduler/-/scheduler-0.27.0.tgz. Extracting by manifest.
3291 silly tarball no local data for regenerator-runtime@https://registry.npmjs.org/regenerator-runtime/-/regenerator-runtime-0.13.11.tgz. Extracting by manifest.
3292 silly tarball no local data for react-devtools-core@https://registry.npmjs.org/react-devtools-core/-/react-devtools-core-6.1.5.tgz. Extracting by manifest.
3293 silly tarball no local data for memoize-one@https://registry.npmjs.org/memoize-one/-/memoize-one-5.2.1.tgz. Extracting by manifest.
3294 silly tarball no local data for promise@https://registry.npmjs.org/promise/-/promise-8.3.0.tgz. Extracting by manifest.
3295 silly tarball no local data for hermes-compiler@https://registry.npmjs.org/hermes-compiler/-/hermes-compiler-250829098.0.17.tgz. Extracting by manifest.
3296 silly tarball no local data for babel-plugin-syntax-hermes-parser@https://registry.npmjs.org/babel-plugin-syntax-hermes-parser/-/babel-plugin-syntax-hermes-parser-0.36.0.tgz. Extracting by manifest.
3297 silly tarball no local data for anser@https://registry.npmjs.org/anser/-/anser-1.4.10.tgz. Extracting by manifest.
3298 silly tarball no local data for ansi-regex@https://registry.npmjs.org/ansi-regex/-/ansi-regex-5.0.1.tgz. Extracting by manifest.
3299 silly tarball no local data for @react-native/normalize-colors@https://registry.npmjs.org/@react-native/normalize-colors/-/normalize-colors-0.86.3.tgz. Extracting by manifest.
3300 silly tarball no local data for @react-native/virtualized-lists@https://registry.npmjs.org/@react-native/virtualized-lists/-/virtualized-lists-0.86.3.tgz. Extracting by manifest.
3301 silly tarball no local data for abort-controller@https://registry.npmjs.org/abort-controller/-/abort-controller-3.0.0.tgz. Extracting by manifest.
3302 silly tarball no local data for @react-native/js-polyfills@https://registry.npmjs.org/@react-native/js-polyfills/-/js-polyfills-0.86.3.tgz. Extracting by manifest.
3303 silly tarball no local data for @react-native/gradle-plugin@https://registry.npmjs.org/@react-native/gradle-plugin/-/gradle-plugin-0.86.3.tgz. Extracting by manifest.
3304 silly tarball no local data for @react-native/community-cli-plugin@https://registry.npmjs.org/@react-native/community-cli-plugin/-/community-cli-plugin-0.86.3.tgz. Extracting by manifest.
3305 silly tarball no local data for @react-native/codegen@https://registry.npmjs.org/@react-native/codegen/-/codegen-0.86.3.tgz. Extracting by manifest.
3306 silly tarball no local data for @react-native/assets-registry@https://registry.npmjs.org/@react-native/assets-registry/-/assets-registry-0.86.3.tgz. Extracting by manifest.
3307 silly tarball no local data for react-is@https://registry.npmjs.org/react-is/-/react-is-18.3.1.tgz. Extracting by manifest.
3308 silly tarball no local data for balanced-match@https://registry.npmjs.org/balanced-match/-/balanced-match-4.0.4.tgz. Extracting by manifest.
3309 silly tarball no local data for ee-first@https://registry.npmjs.org/ee-first/-/ee-first-1.1.1.tgz. Extracting by manifest.
3310 silly tarball no local data for content-type@https://registry.npmjs.org/content-type/-/content-type-2.1.0.tgz. Extracting by manifest.
3311 silly tarball no local data for brace-expansion@https://registry.npmjs.org/brace-expansion/-/brace-expansion-5.0.9.tgz. Extracting by manifest.
3312 silly tarball no local data for mime-db@https://registry.npmjs.org/mime-db/-/mime-db-1.54.0.tgz. Extracting by manifest.
3313 silly tarball no local data for fill-range@https://registry.npmjs.org/fill-range/-/fill-range-7.1.1.tgz. Extracting by manifest.
3314 silly tarball no local data for to-regex-range@https://registry.npmjs.org/to-regex-range/-/to-regex-range-5.0.1.tgz. Extracting by manifest.
3315 silly tarball no local data for braces@https://registry.npmjs.org/braces/-/braces-3.0.3.tgz. Extracting by manifest.
3316 silly tarball no local data for vlq@https://registry.npmjs.org/vlq/-/vlq-1.0.1.tgz. Extracting by manifest.
3317 silly tarball no local data for ob1@https://registry.npmjs.org/ob1/-/ob1-0.84.5.tgz. Extracting by manifest.
3318 silly tarball no local data for terser@https://registry.npmjs.org/terser/-/terser-5.51.2.tgz. Extracting by manifest.
3319 silly tarball no local data for node-int64@https://registry.npmjs.org/node-int64/-/node-int64-0.4.0.tgz. Extracting by manifest.
3320 silly tarball no local data for bser@https://registry.npmjs.org/bser/-/bser-2.1.1.tgz. Extracting by manifest.
3321 silly tarball no local data for fb-watchman@https://registry.npmjs.org/fb-watchman/-/fb-watchman-2.0.2.tgz. Extracting by manifest.
3322 silly tarball no local data for walker@https://registry.npmjs.org/walker/-/walker-1.0.8.tgz. Extracting by manifest.
3323 silly tarball no local data for micromatch@https://registry.npmjs.org/micromatch/-/micromatch-4.0.8.tgz. Extracting by manifest.
3324 silly tarball no local data for leven@https://registry.npmjs.org/leven/-/leven-3.1.0.tgz. Extracting by manifest.
3325 silly tarball no local data for jest-get-type@https://registry.npmjs.org/jest-get-type/-/jest-get-type-29.6.3.tgz. Extracting by manifest.
3326 silly tarball no local data for camelcase@https://registry.npmjs.org/camelcase/-/camelcase-6.3.0.tgz. Extracting by manifest.
3327 silly tarball no local data for yaml@https://registry.npmjs.org/yaml/-/yaml-2.9.0.tgz. Extracting by manifest.
3328 silly tarball no local data for agent-base@https://registry.npmjs.org/agent-base/-/agent-base-7.1.4.tgz. Extracting by manifest.
3329 silly tarball no local data for jest-validate@https://registry.npmjs.org/jest-validate/-/jest-validate-29.7.0.tgz. Extracting by manifest.
3330 silly tarball no local data for exponential-backoff@https://registry.npmjs.org/exponential-backoff/-/exponential-backoff-3.1.3.tgz. Extracting by manifest.
3331 silly tarball no local data for @types/yargs-parser@https://registry.npmjs.org/@types/yargs-parser/-/yargs-parser-21.0.3.tgz. Extracting by manifest.
3332 silly tarball no local data for https-proxy-agent@https://registry.npmjs.org/https-proxy-agent/-/https-proxy-agent-7.0.6.tgz. Extracting by manifest.
3333 silly tarball no local data for @types/istanbul-lib-report@https://registry.npmjs.org/@types/istanbul-lib-report/-/istanbul-lib-report-3.0.3.tgz. Extracting by manifest.
3334 silly tarball no local data for @sinclair/typebox@https://registry.npmjs.org/@sinclair/typebox/-/typebox-0.27.12.tgz. Extracting by manifest.
3335 silly tarball no local data for @types/yargs@https://registry.npmjs.org/@types/yargs/-/yargs-17.0.35.tgz. Extracting by manifest.
3336 silly tarball no local data for @types/istanbul-lib-coverage@https://registry.npmjs.org/@types/istanbul-lib-coverage/-/istanbul-lib-coverage-2.0.6.tgz. Extracting by manifest.
3337 silly tarball no local data for @types/istanbul-reports@https://registry.npmjs.org/@types/istanbul-reports/-/istanbul-reports-3.0.4.tgz. Extracting by manifest.
3338 silly tarball no local data for @jest/schemas@https://registry.npmjs.org/@jest/schemas/-/schemas-29.6.3.tgz. Extracting by manifest.
3339 silly tarball no local data for picomatch@https://registry.npmjs.org/picomatch/-/picomatch-2.3.2.tgz. Extracting by manifest.
3340 silly tarball no local data for @jest/types@https://registry.npmjs.org/@jest/types/-/types-29.6.3.tgz. Extracting by manifest.
3341 silly tarball no local data for undici-types@https://registry.npmjs.org/undici-types/-/undici-types-8.9.0.tgz. Extracting by manifest.
3342 silly tarball no local data for jest-util@https://registry.npmjs.org/jest-util/-/jest-util-29.7.0.tgz. Extracting by manifest.
3343 silly tarball no local data for merge-stream@https://registry.npmjs.org/merge-stream/-/merge-stream-2.0.0.tgz. Extracting by manifest.
3344 silly tarball no local data for @types/node@https://registry.npmjs.org/@types/node/-/node-26.5.0.tgz. Extracting by manifest.
3345 silly tarball no local data for hermes-estree@https://registry.npmjs.org/hermes-estree/-/hermes-estree-0.35.0.tgz. Extracting by manifest.
3346 silly tarball no local data for unpipe@https://registry.npmjs.org/unpipe/-/unpipe-1.0.0.tgz. Extracting by manifest.
3347 silly tarball no local data for statuses@https://registry.npmjs.org/statuses/-/statuses-1.5.0.tgz. Extracting by manifest.
3348 silly tarball no local data for on-finished@https://registry.npmjs.org/on-finished/-/on-finished-2.3.0.tgz. Extracting by manifest.
3349 silly tarball no local data for escape-html@https://registry.npmjs.org/escape-html/-/escape-html-1.0.3.tgz. Extracting by manifest.
3350 silly tarball no local data for stackframe@https://registry.npmjs.org/stackframe/-/stackframe-1.3.4.tgz. Extracting by manifest.
3351 silly tarball no local data for encodeurl@https://registry.npmjs.org/encodeurl/-/encodeurl-1.0.2.tgz. Extracting by manifest.
3352 silly tarball no local data for utils-merge@https://registry.npmjs.org/utils-merge/-/utils-merge-1.0.1.tgz. Extracting by manifest.
3353 silly tarball no local data for parseurl@https://registry.npmjs.org/parseurl/-/parseurl-1.3.3.tgz. Extracting by manifest.
3354 silly tarball no local data for finalhandler@https://registry.npmjs.org/finalhandler/-/finalhandler-1.1.2.tgz. Extracting by manifest.
3355 silly tarball no local data for negotiator@https://registry.npmjs.org/negotiator/-/negotiator-1.1.0.tgz. Extracting by manifest.
3356 silly tarball no local data for yargs@https://registry.npmjs.org/yargs/-/yargs-17.7.3.tgz. Extracting by manifest.
3357 silly tarball no local data for throat@https://registry.npmjs.org/throat/-/throat-5.0.0.tgz. Extracting by manifest.
3358 silly tarball no local data for ws@https://registry.npmjs.org/ws/-/ws-7.5.13.tgz. Extracting by manifest.
3359 silly tarball no local data for source-map@https://registry.npmjs.org/source-map/-/source-map-0.5.7.tgz. Extracting by manifest.
3360 silly tarball no local data for serialize-error@https://registry.npmjs.org/serialize-error/-/serialize-error-2.1.0.tgz. Extracting by manifest.
3361 silly tarball no local data for nullthrows@https://registry.npmjs.org/nullthrows/-/nullthrows-1.1.1.tgz. Extracting by manifest.
3362 silly tarball no local data for mime-types@https://registry.npmjs.org/mime-types/-/mime-types-3.0.2.tgz. Extracting by manifest.
3363 silly tarball no local data for lodash.throttle@https://registry.npmjs.org/lodash.throttle/-/lodash.throttle-4.1.1.tgz. Extracting by manifest.
3364 silly tarball no local data for jsc-safe-url@https://registry.npmjs.org/jsc-safe-url/-/jsc-safe-url-0.2.4.tgz. Extracting by manifest.
3365 silly tarball no local data for jest-worker@https://registry.npmjs.org/jest-worker/-/jest-worker-29.7.0.tgz. Extracting by manifest.
3366 silly tarball no local data for hermes-parser@https://registry.npmjs.org/hermes-parser/-/hermes-parser-0.35.0.tgz. Extracting by manifest.
3367 silly tarball no local data for graceful-fs@https://registry.npmjs.org/graceful-fs/-/graceful-fs-4.2.11.tgz. Extracting by manifest.
3368 silly tarball no local data for flow-enums-runtime@https://registry.npmjs.org/flow-enums-runtime/-/flow-enums-runtime-0.0.6.tgz. Extracting by manifest.
3369 silly tarball no local data for error-stack-parser@https://registry.npmjs.org/error-stack-parser/-/error-stack-parser-2.1.4.tgz. Extracting by manifest.
3370 silly tarball no local data for connect@https://registry.npmjs.org/connect/-/connect-3.7.0.tgz. Extracting by manifest.
3371 silly tarball no local data for yallist@https://registry.npmjs.org/yallist/-/yallist-3.1.1.tgz. Extracting by manifest.
3372 silly tarball no local data for ci-info@https://registry.npmjs.org/ci-info/-/ci-info-2.0.0.tgz. Extracting by manifest.
3373 silly tarball no local data for accepts@https://registry.npmjs.org/accepts/-/accepts-2.0.0.tgz. Extracting by manifest.
3374 silly tarball no local data for loose-envify@https://registry.npmjs.org/loose-envify/-/loose-envify-1.4.0.tgz. Extracting by manifest.
3375 silly tarball no local data for minipass@https://registry.npmjs.org/minipass/-/minipass-7.1.3.tgz. Extracting by manifest.
3376 silly tarball no local data for invariant@https://registry.npmjs.org/invariant/-/invariant-2.2.4.tgz. Extracting by manifest.
3377 silly tarball no local data for path-scurry@https://registry.npmjs.org/path-scurry/-/path-scurry-2.0.2.tgz. Extracting by manifest.
3378 silly tarball no local data for expo-modules-jsi@https://registry.npmjs.org/expo-modules-jsi/-/expo-modules-jsi-57.0.8.tgz. Extracting by manifest.
3379 silly tarball no local data for @expo/expo-modules-macros-plugin@https://registry.npmjs.org/@expo/expo-modules-macros-plugin/-/expo-modules-macros-plugin-0.6.1.tgz. Extracting by manifest.
3380 silly tarball no local data for commander@https://registry.npmjs.org/commander/-/commander-7.2.0.tgz. Extracting by manifest.
3381 silly tarball no local data for ms@https://registry.npmjs.org/ms/-/ms-2.1.3.tgz. Extracting by manifest.
3382 silly tarball no local data for which@https://registry.npmjs.org/which/-/which-2.0.2.tgz. Extracting by manifest.
3383 silly tarball no local data for shebang-command@https://registry.npmjs.org/shebang-command/-/shebang-command-2.0.0.tgz. Extracting by manifest.
3384 silly tarball no local data for path-key@https://registry.npmjs.org/path-key/-/path-key-3.1.1.tgz. Extracting by manifest.
3385 silly tarball no local data for color-name@https://registry.npmjs.org/color-name/-/color-name-1.1.4.tgz. Extracting by manifest.
3386 silly tarball no local data for color-convert@https://registry.npmjs.org/color-convert/-/color-convert-2.0.1.tgz. Extracting by manifest.
3387 silly tarball no local data for supports-color@https://registry.npmjs.org/supports-color/-/supports-color-7.2.0.tgz. Extracting by manifest.
3388 silly tarball no local data for ansi-styles@https://registry.npmjs.org/ansi-styles/-/ansi-styles-4.3.0.tgz. Extracting by manifest.
3389 silly tarball no local data for update-browserslist-db@https://registry.npmjs.org/update-browserslist-db/-/update-browserslist-db-1.3.2.tgz. Extracting by manifest.
3390 silly tarball no local data for node-releases@https://registry.npmjs.org/node-releases/-/node-releases-2.0.54.tgz. Extracting by manifest.
3391 silly tarball no local data for electron-to-chromium@https://registry.npmjs.org/electron-to-chromium/-/electron-to-chromium-1.5.423.tgz. Extracting by manifest.
3392 silly tarball no local data for caniuse-lite@https://registry.npmjs.org/caniuse-lite/-/caniuse-lite-1.0.30001810.tgz. Extracting by manifest.
3393 silly tarball no local data for @jridgewell/resolve-uri@https://registry.npmjs.org/@jridgewell/resolve-uri/-/resolve-uri-3.1.2.tgz. Extracting by manifest.
3394 silly tarball no local data for @jridgewell/sourcemap-codec@https://registry.npmjs.org/@jridgewell/sourcemap-codec/-/sourcemap-codec-1.6.0.tgz. Extracting by manifest.
3395 silly tarball no local data for baseline-browser-mapping@https://registry.npmjs.org/baseline-browser-mapping/-/baseline-browser-mapping-2.11.21.tgz. Extracting by manifest.
3396 silly tarball no local data for cross-spawn@https://registry.npmjs.org/cross-spawn/-/cross-spawn-7.0.6.tgz. Extracting by manifest.
3397 silly tarball no local data for @babel/helper-string-parser@https://registry.npmjs.org/@babel/helper-string-parser/-/helper-string-parser-7.29.7.tgz. Extracting by manifest.
3398 silly tarball no local data for @babel/helper-globals@https://registry.npmjs.org/@babel/helper-globals/-/helper-globals-7.29.7.tgz. Extracting by manifest.
3399 silly tarball no local data for @babel/helper-plugin-utils@https://registry.npmjs.org/@babel/helper-plugin-utils/-/helper-plugin-utils-7.29.7.tgz. Extracting by manifest.
3400 silly tarball no local data for @babel/helper-module-imports@https://registry.npmjs.org/@babel/helper-module-imports/-/helper-module-imports-7.29.7.tgz. Extracting by manifest.
3401 silly tarball no local data for lru-cache@https://registry.npmjs.org/lru-cache/-/lru-cache-5.1.1.tgz. Extracting by manifest.
3402 silly tarball no local data for browserslist@https://registry.npmjs.org/browserslist/-/browserslist-4.28.9.tgz. Extracting by manifest.
3403 silly tarball no local data for @babel/helper-validator-option@https://registry.npmjs.org/@babel/helper-validator-option/-/helper-validator-option-7.29.7.tgz. Extracting by manifest.
3404 silly tarball no local data for @babel/compat-data@https://registry.npmjs.org/@babel/compat-data/-/compat-data-7.29.7.tgz. Extracting by manifest.
3405 silly tarball no local data for jsesc@https://registry.npmjs.org/jsesc/-/jsesc-3.1.0.tgz. Extracting by manifest.
3406 silly tarball no local data for @jridgewell/trace-mapping@https://registry.npmjs.org/@jridgewell/trace-mapping/-/trace-mapping-0.3.31.tgz. Extracting by manifest.
3407 silly tarball no local data for @jridgewell/gen-mapping@https://registry.npmjs.org/@jridgewell/gen-mapping/-/gen-mapping-0.3.13.tgz. Extracting by manifest.
3408 silly tarball no local data for @babel/types@https://registry.npmjs.org/@babel/types/-/types-7.29.8.tgz. Extracting by manifest.
3409 silly tarball no local data for gensync@https://registry.npmjs.org/gensync/-/gensync-1.0.0-beta.2.tgz. Extracting by manifest.
3410 silly tarball no local data for convert-source-map@https://registry.npmjs.org/convert-source-map/-/convert-source-map-2.0.0.tgz. Extracting by manifest.
3411 silly tarball no local data for @jridgewell/remapping@https://registry.npmjs.org/@jridgewell/remapping/-/remapping-2.3.5.tgz. Extracting by manifest.
3412 silly tarball no local data for @babel/traverse@https://registry.npmjs.org/@babel/traverse/-/traverse-7.29.8.tgz. Extracting by manifest.
3413 silly tarball no local data for @babel/parser@https://registry.npmjs.org/@babel/parser/-/parser-7.29.8.tgz. Extracting by manifest.
3414 silly tarball no local data for @babel/template@https://registry.npmjs.org/@babel/template/-/template-7.29.7.tgz. Extracting by manifest.
3415 silly tarball no local data for @babel/helpers@https://registry.npmjs.org/@babel/helpers/-/helpers-7.29.7.tgz. Extracting by manifest.
3416 silly tarball no local data for @babel/helper-module-transforms@https://registry.npmjs.org/@babel/helper-module-transforms/-/helper-module-transforms-7.29.7.tgz. Extracting by manifest.
3417 silly tarball no local data for @babel/generator@https://registry.npmjs.org/@babel/generator/-/generator-7.29.8.tgz. Extracting by manifest.
3418 silly tarball no local data for @babel/helper-compilation-targets@https://registry.npmjs.org/@babel/helper-compilation-targets/-/helper-compilation-targets-7.29.7.tgz. Extracting by manifest.
3419 silly tarball no local data for @babel/plugin-transform-modules-commonjs@https://registry.npmjs.org/@babel/plugin-transform-modules-commonjs/-/plugin-transform-modules-commonjs-7.29.7.tgz. Extracting by manifest.
3420 silly tarball no local data for @babel/core@https://registry.npmjs.org/@babel/core/-/core-7.29.7.tgz. Extracting by manifest.
3421 silly tarball no local data for xmlbuilder@https://registry.npmjs.org/xmlbuilder/-/xmlbuilder-15.1.1.tgz. Extracting by manifest.
3422 silly tarball no local data for base64-js@https://registry.npmjs.org/base64-js/-/base64-js-1.5.1.tgz. Extracting by manifest.
3423 silly tarball no local data for @xmldom/xmldom@https://registry.npmjs.org/@xmldom/xmldom/-/xmldom-0.8.15.tgz. Extracting by manifest.
3424 silly tarball no local data for metro-transform-worker@https://registry.npmjs.org/metro-transform-worker/-/metro-transform-worker-0.84.5.tgz. Extracting by manifest.
3425 silly tarball no local data for metro-source-map@https://registry.npmjs.org/metro-source-map/-/metro-source-map-0.84.5.tgz. Extracting by manifest.
3426 silly tarball no local data for metro-transform-plugins@https://registry.npmjs.org/metro-transform-plugins/-/metro-transform-plugins-0.84.5.tgz. Extracting by manifest.
3427 silly tarball no local data for metro-symbolicate@https://registry.npmjs.org/metro-symbolicate/-/metro-symbolicate-0.84.5.tgz. Extracting by manifest.
3428 silly tarball no local data for metro-runtime@https://registry.npmjs.org/metro-runtime/-/metro-runtime-0.84.5.tgz. Extracting by manifest.
3429 silly tarball no local data for metro-resolver@https://registry.npmjs.org/metro-resolver/-/metro-resolver-0.84.5.tgz. Extracting by manifest.
3430 silly tarball no local data for metro-minify-terser@https://registry.npmjs.org/metro-minify-terser/-/metro-minify-terser-0.84.5.tgz. Extracting by manifest.
3431 silly tarball no local data for metro-file-map@https://registry.npmjs.org/metro-file-map/-/metro-file-map-0.84.5.tgz. Extracting by manifest.
3432 silly tarball no local data for metro-config@https://registry.npmjs.org/metro-config/-/metro-config-0.84.5.tgz. Extracting by manifest.
3433 silly tarball no local data for metro-core@https://registry.npmjs.org/metro-core/-/metro-core-0.84.5.tgz. Extracting by manifest.
3434 silly tarball no local data for metro-babel-transformer@https://registry.npmjs.org/metro-babel-transformer/-/metro-babel-transformer-0.84.5.tgz. Extracting by manifest.
3435 silly tarball no local data for metro-cache@https://registry.npmjs.org/metro-cache/-/metro-cache-0.84.5.tgz. Extracting by manifest.
3436 silly tarball no local data for metro-cache-key@https://registry.npmjs.org/metro-cache-key/-/metro-cache-key-0.84.5.tgz. Extracting by manifest.
3437 silly tarball no local data for metro@https://registry.npmjs.org/metro/-/metro-0.84.5.tgz. Extracting by manifest.
3438 silly tarball no local data for picocolors@https://registry.npmjs.org/picocolors/-/picocolors-1.1.1.tgz. Extracting by manifest.
3439 silly tarball no local data for js-tokens@https://registry.npmjs.org/js-tokens/-/js-tokens-4.0.0.tgz. Extracting by manifest.
3440 silly tarball no local data for @babel/helper-validator-identifier@https://registry.npmjs.org/@babel/helper-validator-identifier/-/helper-validator-identifier-7.29.7.tgz. Extracting by manifest.
3441 silly tarball no local data for json5@https://registry.npmjs.org/json5/-/json5-2.2.3.tgz. Extracting by manifest.
3442 silly tarball no local data for @babel/code-frame@https://registry.npmjs.org/@babel/code-frame/-/code-frame-7.29.7.tgz. Extracting by manifest.
3443 silly tarball no local data for resolve-from@https://registry.npmjs.org/resolve-from/-/resolve-from-5.0.0.tgz. Extracting by manifest.
3444 silly tarball no local data for minimatch@https://registry.npmjs.org/minimatch/-/minimatch-10.2.6.tgz. Extracting by manifest.
3445 silly tarball no local data for @expo/spawn-async@https://registry.npmjs.org/@expo/spawn-async/-/spawn-async-1.8.0.tgz. Extracting by manifest.
3446 silly tarball no local data for ignore@https://registry.npmjs.org/ignore/-/ignore-5.3.2.tgz. Extracting by manifest.
3447 silly tarball no local data for @expo/env@https://registry.npmjs.org/@expo/env/-/env-2.4.3.tgz. Extracting by manifest.
3448 silly tarball no local data for arg@https://registry.npmjs.org/arg/-/arg-5.0.2.tgz. Extracting by manifest.
3449 silly tarball no local data for xml2js@https://registry.npmjs.org/xml2js/-/xml2js-0.6.0.tgz. Extracting by manifest.
3450 silly tarball no local data for xcode@https://registry.npmjs.org/xcode/-/xcode-3.0.1.tgz. Extracting by manifest.
3451 silly tarball no local data for debug@https://registry.npmjs.org/debug/-/debug-4.4.3.tgz. Extracting by manifest.
3452 silly tarball no local data for chalk@https://registry.npmjs.org/chalk/-/chalk-4.1.2.tgz. Extracting by manifest.
3453 silly tarball no local data for @expo/sdk-runtime-versions@https://registry.npmjs.org/@expo/sdk-runtime-versions/-/sdk-runtime-versions-1.0.0.tgz. Extracting by manifest.
3454 silly tarball no local data for slugify@https://registry.npmjs.org/slugify/-/slugify-1.6.9.tgz. Extracting by manifest.
3455 silly tarball no local data for @expo/plist@https://registry.npmjs.org/@expo/plist/-/plist-0.8.1.tgz. Extracting by manifest.
3456 silly tarball no local data for semver@https://registry.npmjs.org/semver/-/semver-7.8.5.tgz. Extracting by manifest.
3457 silly tarball no local data for resolve-workspace-root@https://registry.npmjs.org/resolve-workspace-root/-/resolve-workspace-root-2.0.1.tgz. Extracting by manifest.
3458 silly tarball no local data for glob@https://registry.npmjs.org/glob/-/glob-13.0.6.tgz. Extracting by manifest.
3459 silly tarball no local data for getenv@https://registry.npmjs.org/getenv/-/getenv-2.0.0.tgz. Extracting by manifest.
3460 silly tarball no local data for deepmerge@https://registry.npmjs.org/deepmerge/-/deepmerge-4.3.1.tgz. Extracting by manifest.
3461 silly tarball no local data for @expo/require-utils@https://registry.npmjs.org/@expo/require-utils/-/require-utils-57.0.5.tgz. Extracting by manifest.
3462 silly tarball no local data for @expo/config-types@https://registry.npmjs.org/@expo/config-types/-/config-types-57.0.2.tgz. Extracting by manifest.
3463 silly tarball no local data for @expo/json-file@https://registry.npmjs.org/@expo/json-file/-/json-file-11.0.1.tgz. Extracting by manifest.
3464 silly tarball no local data for whatwg-url-minimum@https://registry.npmjs.org/whatwg-url-minimum/-/whatwg-url-minimum-0.1.2.tgz. Extracting by manifest.
3465 silly tarball no local data for pretty-format@https://registry.npmjs.org/pretty-format/-/pretty-format-29.7.0.tgz. Extracting by manifest.
3466 silly tarball no local data for expo-modules-core@https://registry.npmjs.org/expo-modules-core/-/expo-modules-core-57.0.16.tgz. Extracting by manifest.
3467 silly tarball no local data for expo-modules-autolinking@https://registry.npmjs.org/expo-modules-autolinking/-/expo-modules-autolinking-57.0.12.tgz. Extracting by manifest.
3468 silly tarball no local data for @ungap/structured-clone@https://registry.npmjs.org/@ungap/structured-clone/-/structured-clone-1.4.0.tgz. Extracting by manifest.
3469 silly tarball no local data for react-refresh@https://registry.npmjs.org/react-refresh/-/react-refresh-0.14.2.tgz. Extracting by manifest.
3470 silly tarball no local data for @expo/metro@https://registry.npmjs.org/@expo/metro/-/metro-56.0.2.tgz. Extracting by manifest.
3471 silly tarball no local data for @expo/fingerprint@https://registry.npmjs.org/@expo/fingerprint/-/fingerprint-0.20.12.tgz. Extracting by manifest.
3472 silly tarball no local data for @expo/local-build-cache-provider@https://registry.npmjs.org/@expo/local-build-cache-provider/-/local-build-cache-provider-57.0.8.tgz. Extracting by manifest.
3473 silly tarball no local data for @expo/devtools@https://registry.npmjs.org/@expo/devtools/-/devtools-57.0.1.tgz. Extracting by manifest.
3474 silly tarball no local data for @expo/config-plugins@https://registry.npmjs.org/@expo/config-plugins/-/config-plugins-57.0.9.tgz. Extracting by manifest.
3475 silly tarball no local data for @expo/config@https://registry.npmjs.org/@expo/config/-/config-57.0.9.tgz. Extracting by manifest.
3476 silly tarball no local data for @babel/runtime@https://registry.npmjs.org/@babel/runtime/-/runtime-7.29.7.tgz. Extracting by manifest.
3477 silly tarball no local data for react@https://registry.npmjs.org/react/-/react-19.2.3.tgz. Extracting by manifest.
3478 silly tarball no local data for react-native@https://registry.npmjs.org/react-native/-/react-native-0.86.3.tgz. Extracting by manifest.
3479 silly tarball no local data for expo-status-bar@https://registry.npmjs.org/expo-status-bar/-/expo-status-bar-57.0.1.tgz. Extracting by manifest.
3480 silly tarball no local data for semver@https://registry.npmjs.org/semver/-/semver-6.3.1.tgz. Extracting by manifest.
3481 silly tarball no local data for expo@https://registry.npmjs.org/expo/-/expo-57.0.20.tgz. Extracting by manifest.
3482 silly tarball no local data for semver@https://registry.npmjs.org/semver/-/semver-6.3.1.tgz. Extracting by manifest.
3483 silly tarball no local data for semver@https://registry.npmjs.org/semver/-/semver-6.3.1.tgz. Extracting by manifest.
3484 silly tarball no local data for semver@https://registry.npmjs.org/semver/-/semver-6.3.1.tgz. Extracting by manifest.
3485 silly tarball no local data for type-fest@https://registry.npmjs.org/type-fest/-/type-fest-0.21.3.tgz. Extracting by manifest.
3486 silly tarball no local data for color-name@https://registry.npmjs.org/color-name/-/color-name-1.1.3.tgz. Extracting by manifest.
3487 silly tarball no local data for has-flag@https://registry.npmjs.org/has-flag/-/has-flag-3.0.0.tgz. Extracting by manifest.
3488 silly tarball no local data for color-convert@https://registry.npmjs.org/color-convert/-/color-convert-1.9.3.tgz. Extracting by manifest.
3489 silly tarball no local data for escape-string-regexp@https://registry.npmjs.org/escape-string-regexp/-/escape-string-regexp-1.0.5.tgz. Extracting by manifest.
3490 silly tarball no local data for supports-color@https://registry.npmjs.org/supports-color/-/supports-color-5.5.0.tgz. Extracting by manifest.
3491 silly tarball no local data for ansi-styles@https://registry.npmjs.org/ansi-styles/-/ansi-styles-3.2.1.tgz. Extracting by manifest.
3492 silly tarball no local data for chalk@https://registry.npmjs.org/chalk/-/chalk-2.4.2.tgz. Extracting by manifest.
3493 silly tarball no local data for lru-cache@https://registry.npmjs.org/lru-cache/-/lru-cache-10.4.3.tgz. Extracting by manifest.
3494 silly tarball no local data for has-flag@https://registry.npmjs.org/has-flag/-/has-flag-3.0.0.tgz. Extracting by manifest.
3495 silly tarball no local data for color-convert@https://registry.npmjs.org/color-convert/-/color-convert-1.9.3.tgz. Extracting by manifest.
3496 silly tarball no local data for color-name@https://registry.npmjs.org/color-name/-/color-name-1.1.3.tgz. Extracting by manifest.
3497 silly tarball no local data for ansi-regex@https://registry.npmjs.org/ansi-regex/-/ansi-regex-4.1.1.tgz. Extracting by manifest.
3498 silly tarball no local data for escape-string-regexp@https://registry.npmjs.org/escape-string-regexp/-/escape-string-regexp-1.0.5.tgz. Extracting by manifest.
3499 silly tarball no local data for supports-color@https://registry.npmjs.org/supports-color/-/supports-color-5.5.0.tgz. Extracting by manifest.
3500 silly tarball no local data for ansi-styles@https://registry.npmjs.org/ansi-styles/-/ansi-styles-3.2.1.tgz. Extracting by manifest.
3501 silly tarball no local data for chalk@https://registry.npmjs.org/chalk/-/chalk-2.4.2.tgz. Extracting by manifest.
3502 silly tarball no local data for strip-ansi@https://registry.npmjs.org/strip-ansi/-/strip-ansi-5.2.0.tgz. Extracting by manifest.
3503 silly tarball no local data for ms@https://registry.npmjs.org/ms/-/ms-2.0.0.tgz. Extracting by manifest.
3504 silly tarball no local data for debug@https://registry.npmjs.org/debug/-/debug-2.6.9.tgz. Extracting by manifest.
3505 silly tarball no local data for negotiator@https://registry.npmjs.org/negotiator/-/negotiator-0.6.4.tgz. Extracting by manifest.
3506 silly tarball no local data for debug@https://registry.npmjs.org/debug/-/debug-3.2.7.tgz. Extracting by manifest.
3507 silly tarball no local data for source-map@https://registry.npmjs.org/source-map/-/source-map-0.6.1.tgz. Extracting by manifest.
3508 silly tarball no local data for @xmldom/xmldom@https://registry.npmjs.org/@xmldom/xmldom/-/xmldom-0.9.12.tgz. Extracting by manifest.
3509 silly tarball no local data for statuses@https://registry.npmjs.org/statuses/-/statuses-2.0.2.tgz. Extracting by manifest.
3510 silly tarball no local data for statuses@https://registry.npmjs.org/statuses/-/statuses-2.0.2.tgz. Extracting by manifest.
3511 silly tarball no local data for on-finished@https://registry.npmjs.org/on-finished/-/on-finished-2.4.1.tgz. Extracting by manifest.
3512 silly tarball no local data for encodeurl@https://registry.npmjs.org/encodeurl/-/encodeurl-2.0.0.tgz. Extracting by manifest.
3513 silly tarball no local data for ms@https://registry.npmjs.org/ms/-/ms-2.0.0.tgz. Extracting by manifest.
3514 silly tarball no local data for debug@https://registry.npmjs.org/debug/-/debug-2.6.9.tgz. Extracting by manifest.
3515 silly tarball no local data for ms@https://registry.npmjs.org/ms/-/ms-2.0.0.tgz. Extracting by manifest.
3516 silly tarball no local data for encodeurl@https://registry.npmjs.org/encodeurl/-/encodeurl-2.0.0.tgz. Extracting by manifest.
3517 silly tarball no local data for debug@https://registry.npmjs.org/debug/-/debug-2.6.9.tgz. Extracting by manifest.
3518 silly tarball no local data for picomatch@https://registry.npmjs.org/picomatch/-/picomatch-4.0.7.tgz. Extracting by manifest.
3519 silly tarball no local data for fdir@https://registry.npmjs.org/fdir/-/fdir-6.5.0.tgz. Extracting by manifest.
3520 silly tarball no local data for hermes-estree@https://registry.npmjs.org/hermes-estree/-/hermes-estree-0.36.0.tgz. Extracting by manifest.
3521 silly tarball no local data for hermes-parser@https://registry.npmjs.org/hermes-parser/-/hermes-parser-0.36.0.tgz. Extracting by manifest.
3522 silly tarball no local data for commander@https://registry.npmjs.org/commander/-/commander-2.20.3.tgz. Extracting by manifest.
3523 silly tarball no local data for hermes-estree@https://registry.npmjs.org/hermes-estree/-/hermes-estree-0.36.0.tgz. Extracting by manifest.
3524 silly tarball no local data for hermes-parser@https://registry.npmjs.org/hermes-parser/-/hermes-parser-0.36.0.tgz. Extracting by manifest.
3525 silly tarball no local data for ms@https://registry.npmjs.org/ms/-/ms-2.0.0.tgz. Extracting by manifest.
3526 silly tarball no local data for ci-info@https://registry.npmjs.org/ci-info/-/ci-info-3.9.0.tgz. Extracting by manifest.
3527 silly tarball no local data for debug@https://registry.npmjs.org/debug/-/debug-2.6.9.tgz. Extracting by manifest.
3528 silly tarball no local data for supports-color@https://registry.npmjs.org/supports-color/-/supports-color-8.1.1.tgz. Extracting by manifest.
3529 silly tarball no local data for ms@https://registry.npmjs.org/ms/-/ms-2.0.0.tgz. Extracting by manifest.
3530 silly tarball no local data for debug@https://registry.npmjs.org/debug/-/debug-2.6.9.tgz. Extracting by manifest.
3531 silly tarball no local data for lru-cache@https://registry.npmjs.org/lru-cache/-/lru-cache-11.5.2.tgz. Extracting by manifest.
3532 silly tarball no local data for semver@https://registry.npmjs.org/semver/-/semver-6.3.1.tgz. Extracting by manifest.
3533 silly tarball no local data for semver@https://registry.npmjs.org/semver/-/semver-6.3.1.tgz. Extracting by manifest.
3534 silly tarball no local data for mime-db@https://registry.npmjs.org/mime-db/-/mime-db-1.52.0.tgz. Extracting by manifest.
3535 silly tarball no local data for xmlbuilder@https://registry.npmjs.org/xmlbuilder/-/xmlbuilder-11.0.1.tgz. Extracting by manifest.
3536 silly tarball no local data for commander@https://registry.npmjs.org/commander/-/commander-12.1.0.tgz. Extracting by manifest.
3537 silly tarball no local data for ansi-styles@https://registry.npmjs.org/ansi-styles/-/ansi-styles-5.2.0.tgz. Extracting by manifest.
3538 silly tarball no local data for hermes-estree@https://registry.npmjs.org/hermes-estree/-/hermes-estree-0.36.1.tgz. Extracting by manifest.
3539 silly tarball no local data for negotiator@https://registry.npmjs.org/negotiator/-/negotiator-0.6.3.tgz. Extracting by manifest.
3540 silly tarball no local data for mime-types@https://registry.npmjs.org/mime-types/-/mime-types-2.1.35.tgz. Extracting by manifest.
3541 silly tarball no local data for picomatch@https://registry.npmjs.org/picomatch/-/picomatch-4.0.7.tgz. Extracting by manifest.
3542 silly tarball no local data for hermes-parser@https://registry.npmjs.org/hermes-parser/-/hermes-parser-0.36.1.tgz. Extracting by manifest.
3543 silly tarball no local data for ws@https://registry.npmjs.org/ws/-/ws-8.21.3.tgz. Extracting by manifest.
3544 silly tarball no local data for accepts@https://registry.npmjs.org/accepts/-/accepts-1.3.8.tgz. Extracting by manifest.
3545 silly tarball no local data for ci-info@https://registry.npmjs.org/ci-info/-/ci-info-3.9.0.tgz. Extracting by manifest.
3546 silly tarball no local data for @expo/ws-tunnel@https://registry.npmjs.org/@expo/ws-tunnel/-/ws-tunnel-2.0.0.tgz. Extracting by manifest.
3547 silly tarball no local data for expo-keep-awake@https://registry.npmjs.org/expo-keep-awake/-/expo-keep-awake-57.0.1.tgz. Extracting by manifest.
3548 silly tarball no local data for expo-font@https://registry.npmjs.org/expo-font/-/expo-font-57.0.3.tgz. Extracting by manifest.
3549 silly tarball no local data for expo-constants@https://registry.npmjs.org/expo-constants/-/expo-constants-57.0.17.tgz. Extracting by manifest.
3550 silly tarball no local data for expo-file-system@https://registry.npmjs.org/expo-file-system/-/expo-file-system-57.0.6.tgz. Extracting by manifest.
3551 silly tarball no local data for expo-asset@https://registry.npmjs.org/expo-asset/-/expo-asset-57.0.16.tgz. Extracting by manifest.
3552 silly tarball no local data for babel-preset-expo@https://registry.npmjs.org/babel-preset-expo/-/babel-preset-expo-57.0.10.tgz. Extracting by manifest.
3553 silly tarball no local data for @expo/dom-webview@https://registry.npmjs.org/@expo/dom-webview/-/dom-webview-57.0.1.tgz. Extracting by manifest.
3554 silly tarball no local data for @expo/metro-config@https://registry.npmjs.org/@expo/metro-config/-/metro-config-57.0.12.tgz. Extracting by manifest.
3555 silly tarball no local data for @expo/log-box@https://registry.npmjs.org/@expo/log-box/-/log-box-57.0.4.tgz. Extracting by manifest.
3556 silly tarball no local data for @expo/router-server@https://registry.npmjs.org/@expo/router-server/-/router-server-57.0.9.tgz. Extracting by manifest.
3557 silly tarball no local data for @expo/cli@https://registry.npmjs.org/@expo/cli/-/cli-57.0.22.tgz. Extracting by manifest.
3558 http fetch POST 200 https://registry.npmjs.org/-/npm/v1/security/advisories/bulk 1359ms
3559 silly audit report {
3559 silly audit report   uuid: [
3559 silly audit report     {
3559 silly audit report       id: 1119441,
3559 silly audit report       url: 'https://github.com/advisories/GHSA-w5hq-g745-h8pq',
3559 silly audit report       title: 'uuid: Missing buffer bounds check in v3/v5/v6 when buf is provided',
3559 silly audit report       severity: 'moderate',
3559 silly audit report       vulnerable_versions: '<11.1.1',
3559 silly audit report       cwe: [Array],
3559 silly audit report       cvss: [Object]
3559 silly audit report     }
3559 silly audit report   ]
3559 silly audit report }
3560 silly packumentCache corgi:https://registry.npmjs.org/uuid cache-miss
3561 http fetch GET 200 https://registry.npmjs.org/unicode-canonical-property-names-ecmascript/-/unicode-canonical-property-names-ecmascript-2.0.1.tgz 834ms (cache miss)
3562 http fetch GET 200 https://registry.npmjs.org/unicode-property-aliases-ecmascript/-/unicode-property-aliases-ecmascript-2.2.0.tgz 843ms (cache miss)
3563 http fetch GET 200 https://registry.npmjs.org/supports-preserve-symlinks-flag/-/supports-preserve-symlinks-flag-1.0.0.tgz 868ms (cache miss)
3564 http fetch GET 200 https://registry.npmjs.org/hasown/-/hasown-2.0.4.tgz 871ms (cache miss)
3565 http fetch GET 200 https://registry.npmjs.org/function-bind/-/function-bind-1.1.2.tgz 884ms (cache miss)
3566 http fetch GET 200 https://registry.npmjs.org/lodash.debounce/-/lodash.debounce-4.0.8.tgz 944ms (cache miss)
3567 http fetch GET 200 https://registry.npmjs.org/@babel/plugin-syntax-typescript/-/plugin-syntax-typescript-7.29.7.tgz 1028ms (cache miss)
3568 http fetch GET 200 https://registry.npmjs.org/core-js-compat/-/core-js-compat-3.50.0.tgz 1050ms (cache miss)
3569 http fetch GET 200 https://registry.npmjs.org/babel-plugin-polyfill-regenerator/-/babel-plugin-polyfill-regenerator-0.6.8.tgz 1126ms (cache miss)
3570 http fetch GET 200 https://registry.npmjs.org/path-parse/-/path-parse-1.0.7.tgz 1145ms (cache miss)
3571 http fetch GET 200 https://registry.npmjs.org/unicode-match-property-ecmascript/-/unicode-match-property-ecmascript-2.0.0.tgz 1161ms (cache miss)
3572 http fetch GET 200 https://registry.npmjs.org/unicode-match-property-value-ecmascript/-/unicode-match-property-value-ecmascript-2.2.1.tgz 1166ms (cache miss)
3573 http fetch GET 200 https://registry.npmjs.org/is-core-module/-/is-core-module-2.16.2.tgz 1259ms (cache miss)
3574 http fetch GET 200 https://registry.npmjs.org/@babel/helper-remap-async-to-generator/-/helper-remap-async-to-generator-7.29.7.tgz 1251ms (cache miss)
3575 http fetch GET 200 https://registry.npmjs.org/@babel/helper-skip-transparent-expression-wrappers/-/helper-skip-transparent-expression-wrappers-7.29.7.tgz 1258ms (cache miss)
3576 http fetch GET 200 https://registry.npmjs.org/@babel/helper-wrap-function/-/helper-wrap-function-7.29.7.tgz 1293ms (cache miss)
3577 http fetch GET 200 https://registry.npmjs.org/regjsparser/-/regjsparser-0.13.2.tgz 1318ms (cache miss)
3578 http fetch GET 200 https://registry.npmjs.org/es-errors/-/es-errors-1.3.0.tgz 1429ms (cache miss)
3579 http fetch GET 200 https://registry.npmjs.org/@babel/helper-annotate-as-pure/-/helper-annotate-as-pure-7.29.7.tgz 1406ms (cache miss)
3580 http fetch GET 200 https://registry.npmjs.org/@babel/plugin-syntax-jsx/-/plugin-syntax-jsx-7.29.7.tgz 1416ms (cache miss)
3581 http fetch GET 200 https://registry.npmjs.org/babel-plugin-react-native-web/-/babel-plugin-react-native-web-0.21.2.tgz 1436ms (cache miss)
3582 http fetch GET 200 https://registry.npmjs.org/@babel/preset-typescript/-/preset-typescript-7.29.7.tgz 1449ms (cache miss)
3583 http fetch GET 200 https://registry.npmjs.org/regjsgen/-/regjsgen-0.8.0.tgz 1476ms (cache miss)
3584 http fetch GET 200 https://registry.npmjs.org/babel-plugin-transform-flow-enums/-/babel-plugin-transform-flow-enums-0.0.2.tgz 1454ms (cache miss)
3585 http fetch GET 200 https://registry.npmjs.org/regexpu-core/-/regexpu-core-6.4.0.tgz 1488ms (cache miss)
3586 http fetch GET 200 https://registry.npmjs.org/fontfaceobserver/-/fontfaceobserver-2.3.0.tgz 1522ms (cache miss)
3587 http fetch GET 200 https://registry.npmjs.org/babel-plugin-polyfill-corejs2/-/babel-plugin-polyfill-corejs2-0.4.17.tgz 1494ms (cache miss)
3588 http fetch GET 200 https://registry.npmjs.org/@babel/helper-optimise-call-expression/-/helper-optimise-call-expression-7.29.7.tgz 1496ms (cache miss)
3589 http fetch GET 200 https://registry.npmjs.org/babel-plugin-polyfill-corejs3/-/babel-plugin-polyfill-corejs3-0.13.0.tgz 1514ms (cache miss)
3590 http fetch GET 200 https://registry.npmjs.org/@babel/plugin-syntax-flow/-/plugin-syntax-flow-7.29.7.tgz 1518ms (cache miss)
3591 http fetch GET 200 https://registry.npmjs.org/@babel/helper-create-regexp-features-plugin/-/helper-create-regexp-features-plugin-7.29.7.tgz 1543ms (cache miss)
3592 http fetch GET 200 https://registry.npmjs.org/@babel/helper-define-polyfill-provider/-/helper-define-polyfill-provider-0.6.8.tgz 1565ms (cache miss)
3593 http fetch GET 200 https://registry.npmjs.org/@babel/helper-replace-supers/-/helper-replace-supers-7.29.7.tgz 1576ms (cache miss)
3594 http fetch GET 200 https://registry.npmjs.org/@babel/plugin-transform-runtime/-/plugin-transform-runtime-7.29.7.tgz 1577ms (cache miss)
3595 http fetch GET 200 https://registry.npmjs.org/@babel/plugin-transform-react-display-name/-/plugin-transform-react-display-name-7.29.7.tgz 1586ms (cache miss)
3596 http fetch GET 200 https://registry.npmjs.org/@babel/helper-create-class-features-plugin/-/helper-create-class-features-plugin-7.29.7.tgz 1594ms (cache miss)
3597 http fetch GET 200 https://registry.npmjs.org/@babel/helper-member-expression-to-functions/-/helper-member-expression-to-functions-7.29.7.tgz 1605ms (cache miss)
3598 http fetch GET 200 https://registry.npmjs.org/@babel/plugin-syntax-decorators/-/plugin-syntax-decorators-7.29.7.tgz 1611ms (cache miss)
3599 http fetch GET 200 https://registry.npmjs.org/@babel/plugin-transform-private-property-in-object/-/plugin-transform-private-property-in-object-7.29.7.tgz 1658ms (cache miss)
3600 http fetch GET 200 https://registry.npmjs.org/@babel/plugin-transform-parameters/-/plugin-transform-parameters-7.29.7.tgz 1682ms (cache miss)
3601 http fetch GET 200 https://registry.npmjs.org/@babel/plugin-transform-react-pure-annotations/-/plugin-transform-react-pure-annotations-7.29.7.tgz 1793ms (cache miss)
3602 http fetch GET 200 https://registry.npmjs.org/@babel/plugin-transform-react-jsx-development/-/plugin-transform-react-jsx-development-7.29.7.tgz 1794ms (cache miss)
3603 http fetch GET 200 https://registry.npmjs.org/@react-native/babel-plugin-codegen/-/babel-plugin-codegen-0.86.3.tgz 1800ms (cache miss)
3604 http fetch GET 200 https://registry.npmjs.org/regenerate/-/regenerate-1.4.2.tgz 1824ms (cache miss)
3605 http fetch GET 200 https://registry.npmjs.org/@babel/plugin-transform-typescript/-/plugin-transform-typescript-7.29.7.tgz 1818ms (cache miss)
3606 http fetch GET 200 https://registry.npmjs.org/@babel/plugin-transform-react-jsx/-/plugin-transform-react-jsx-7.29.7.tgz 1819ms (cache miss)
3607 http fetch GET 200 https://registry.npmjs.org/resolve/-/resolve-1.22.12.tgz 1848ms (cache miss)
3608 http fetch GET 200 https://registry.npmjs.org/@babel/plugin-transform-logical-assignment-operators/-/plugin-transform-logical-assignment-operators-7.29.7.tgz 1867ms (cache miss)
3609 http fetch GET 200 https://registry.npmjs.org/@babel/plugin-transform-private-methods/-/plugin-transform-private-methods-7.29.7.tgz 1876ms (cache miss)
3610 http fetch GET 200 https://registry.npmjs.org/@babel/plugin-transform-optional-catch-binding/-/plugin-transform-optional-catch-binding-7.29.7.tgz 1898ms (cache miss)
3611 http fetch GET 200 https://registry.npmjs.org/@babel/plugin-transform-optional-chaining/-/plugin-transform-optional-chaining-7.29.7.tgz 1904ms (cache miss)
3612 http fetch GET 200 https://registry.npmjs.org/@babel/plugin-transform-classes/-/plugin-transform-classes-7.29.7.tgz 1903ms (cache miss)
3613 http fetch GET 200 https://registry.npmjs.org/@babel/plugin-transform-unicode-regex/-/plugin-transform-unicode-regex-7.29.7.tgz 1959ms (cache miss)
3614 http fetch GET 200 https://registry.npmjs.org/@babel/plugin-transform-for-of/-/plugin-transform-for-of-7.29.7.tgz 1991ms (cache miss)
3615 http fetch GET 200 https://registry.npmjs.org/@babel/plugin-transform-flow-strip-types/-/plugin-transform-flow-strip-types-7.29.7.tgz 2059ms (cache miss)
3616 http fetch GET 200 https://registry.npmjs.org/@babel/plugin-transform-export-namespace-from/-/plugin-transform-export-namespace-from-7.29.7.tgz 2060ms (cache miss)
3617 http fetch GET 200 https://registry.npmjs.org/@babel/plugin-transform-nullish-coalescing-operator/-/plugin-transform-nullish-coalescing-operator-7.29.7.tgz 2064ms (cache miss)
3618 http fetch GET 200 https://registry.npmjs.org/@babel/plugin-transform-class-properties/-/plugin-transform-class-properties-7.29.7.tgz 2078ms (cache miss)
3619 http fetch GET 200 https://registry.npmjs.org/@babel/plugin-transform-named-capturing-groups-regex/-/plugin-transform-named-capturing-groups-regex-7.29.7.tgz 2086ms (cache miss)
3620 http fetch GET 200 https://registry.npmjs.org/nanoid/-/nanoid-3.3.18.tgz 2135ms (cache miss)
3621 http fetch GET 200 https://registry.npmjs.org/@babel/plugin-proposal-export-default-from/-/plugin-proposal-export-default-from-7.29.7.tgz 2145ms (cache miss)
3622 http fetch GET 200 https://registry.npmjs.org/@babel/plugin-transform-object-rest-spread/-/plugin-transform-object-rest-spread-7.29.7.tgz 2178ms (cache miss)
3623 http fetch GET 200 https://registry.npmjs.org/source-map-js/-/source-map-js-1.2.1.tgz 2178ms (cache miss)
3624 http fetch GET 200 https://registry.npmjs.org/@babel/plugin-transform-block-scoping/-/plugin-transform-block-scoping-7.29.7.tgz 2209ms (cache miss)
3625 http fetch GET 200 https://registry.npmjs.org/@babel/plugin-transform-async-to-generator/-/plugin-transform-async-to-generator-7.29.7.tgz 2283ms (cache miss)
3626 http fetch GET 200 https://registry.npmjs.org/@babel/plugin-syntax-optional-chaining/-/plugin-syntax-optional-chaining-7.8.3.tgz 2284ms (cache miss)
3627 http fetch GET 200 https://registry.npmjs.org/defaults/-/defaults-1.0.4.tgz 2277ms (cache miss)
3628 http fetch GET 200 https://registry.npmjs.org/@babel/plugin-syntax-nullish-coalescing-operator/-/plugin-syntax-nullish-coalescing-operator-7.8.3.tgz 2308ms (cache miss)
3629 http fetch GET 200 https://registry.npmjs.org/@babel/plugin-transform-async-generator-functions/-/plugin-transform-async-generator-functions-7.29.7.tgz 2311ms (cache miss)
3630 http fetch GET 200 https://registry.npmjs.org/@babel/plugin-transform-class-static-block/-/plugin-transform-class-static-block-7.29.7.tgz 2315ms (cache miss)
3631 http fetch GET 200 https://registry.npmjs.org/detect-libc/-/detect-libc-2.1.2.tgz 2302ms (cache miss)
3632 http fetch GET 200 https://registry.npmjs.org/clone/-/clone-1.0.4.tgz 2374ms (cache miss)
3633 http fetch GET 200 https://registry.npmjs.org/onetime/-/onetime-2.0.1.tgz 2372ms (cache miss)
3634 http fetch GET 200 https://registry.npmjs.org/@babel/plugin-syntax-export-default-from/-/plugin-syntax-export-default-from-7.29.7.tgz 2399ms (cache miss)
3635 http fetch GET 200 https://registry.npmjs.org/supports-hyperlinks/-/supports-hyperlinks-2.3.0.tgz 2381ms (cache miss)
3636 http fetch GET 200 https://registry.npmjs.org/sisteransi/-/sisteransi-1.0.5.tgz 2379ms (cache miss)
3637 http fetch GET 200 https://registry.npmjs.org/mimic-fn/-/mimic-fn-1.2.0.tgz 2382ms (cache miss)
3638 http fetch GET 200 https://registry.npmjs.org/ansi-escapes/-/ansi-escapes-4.3.2.tgz 2384ms (cache miss)
3639 http fetch GET 200 https://registry.npmjs.org/signal-exit/-/signal-exit-3.0.7.tgz 2383ms (cache miss)
3640 http fetch GET 200 https://registry.npmjs.org/@babel/plugin-proposal-decorators/-/plugin-proposal-decorators-7.29.7.tgz 2410ms (cache miss)
3641 http fetch GET 200 https://registry.npmjs.org/@babel/plugin-transform-destructuring/-/plugin-transform-destructuring-7.29.7.tgz 2416ms (cache miss)
3642 http fetch GET 200 https://registry.npmjs.org/regenerate-unicode-properties/-/regenerate-unicode-properties-10.2.2.tgz 2471ms (cache miss)
3643 http fetch GET 200 https://registry.npmjs.org/log-symbols/-/log-symbols-2.2.0.tgz 2454ms (cache miss)
3644 http fetch GET 200 https://registry.npmjs.org/proc-log/-/proc-log-4.2.0.tgz 2457ms (cache miss)
3645 http fetch GET 200 https://registry.npmjs.org/safe-buffer/-/safe-buffer-5.2.1.tgz 2457ms (cache miss)
3646 http fetch GET 200 https://registry.npmjs.org/validate-npm-package-name/-/validate-npm-package-name-5.0.1.tgz 2460ms (cache miss)
3647 http fetch GET 200 https://registry.npmjs.org/kleur/-/kleur-3.0.3.tgz 2466ms (cache miss)
3648 http fetch GET 200 https://registry.npmjs.org/cli-spinners/-/cli-spinners-2.9.2.tgz 2466ms (cache miss)
3649 http fetch GET 200 https://registry.npmjs.org/wcwidth/-/wcwidth-1.0.1.tgz 2472ms (cache miss)
3650 http fetch GET 200 https://registry.npmjs.org/hosted-git-info/-/hosted-git-info-7.0.2.tgz 2469ms (cache miss)
3651 http fetch GET 200 https://registry.npmjs.org/postcss/-/postcss-8.5.28.tgz 2513ms (cache miss)
3652 http fetch GET 200 https://registry.npmjs.org/restore-cursor/-/restore-cursor-2.0.0.tgz 2561ms (cache miss)
3653 http fetch GET 200 https://registry.npmjs.org/cli-cursor/-/cli-cursor-2.1.0.tgz 2557ms (cache miss)
3654 http fetch GET 200 https://registry.npmjs.org/parse-png/-/parse-png-2.1.0.tgz 2558ms (cache miss)
3655 http fetch GET 200 https://registry.npmjs.org/bytes/-/bytes-3.1.2.tgz 2565ms (cache miss)
3656 http fetch GET 200 https://registry.npmjs.org/on-headers/-/on-headers-1.1.0.tgz 2571ms (cache miss)
3657 http fetch GET 200 https://registry.npmjs.org/vary/-/vary-1.1.2.tgz 2573ms (cache miss)
3658 http fetch GET 200 https://registry.npmjs.org/argparse/-/argparse-2.0.1.tgz 2580ms (cache miss)
3659 http fetch GET 200 https://registry.npmjs.org/jimp-compact/-/jimp-compact-0.16.1.tgz 2632ms (cache miss)
3660 http fetch GET 200 https://registry.npmjs.org/terminal-link/-/terminal-link-2.1.1.tgz 2631ms (cache miss)
3661 http fetch GET 200 https://registry.npmjs.org/structured-headers/-/structured-headers-0.4.1.tgz 2671ms (cache miss)
3662 http fetch GET 200 https://registry.npmjs.org/npm-package-arg/-/npm-package-arg-11.0.3.tgz 2723ms (cache miss)
3663 http fetch GET 200 https://registry.npmjs.org/ora/-/ora-3.4.0.tgz 2758ms (cache miss)
3664 http fetch GET 200 https://registry.npmjs.org/progress/-/progress-2.0.3.tgz 2760ms (cache miss)
3665 http fetch GET 200 https://registry.npmjs.org/compressible/-/compressible-2.0.18.tgz 2764ms (cache miss)
3666 http fetch GET 200 https://registry.npmjs.org/@babel/plugin-syntax-dynamic-import/-/plugin-syntax-dynamic-import-7.8.3.tgz 2806ms (cache miss)
3667 http fetch GET 200 https://registry.npmjs.org/multitars/-/multitars-1.0.2.tgz 2790ms (cache miss)
3668 http fetch GET 200 https://registry.npmjs.org/@expo/sudo-prompt/-/sudo-prompt-9.3.2.tgz 2831ms (cache miss)
3669 http fetch GET 200 https://registry.npmjs.org/toqr/-/toqr-0.1.1.tgz 2882ms (cache miss)
3670 http fetch GET 200 https://registry.npmjs.org/fetch-nodeshim/-/fetch-nodeshim-0.4.10.tgz 2878ms (cache miss)
3671 http fetch GET 200 https://registry.npmjs.org/js-yaml/-/js-yaml-4.3.2.tgz 2894ms (cache miss)
3672 http fetch GET 200 https://registry.npmjs.org/prompts/-/prompts-2.4.2.tgz 2994ms (cache miss)
3673 http fetch GET 200 https://registry.npmjs.org/compression/-/compression-1.8.1.tgz 3134ms (cache miss)
3674 http fetch GET 200 https://registry.npmjs.org/lightningcss/-/lightningcss-1.33.0.tgz 3170ms (cache miss)
3675 http fetch GET 200 https://registry.npmjs.org/agent-cli-detector/-/agent-cli-detector-0.1.7.tgz 3145ms (cache miss)
3676 http fetch GET 200 https://registry.npmjs.org/pngjs/-/pngjs-3.4.0.tgz 3191ms (cache miss)
3677 http fetch GET 200 https://registry.npmjs.org/sandbox-cli-detector/-/sandbox-cli-detector-0.2.0.tgz 3224ms (cache miss)
3678 http fetch GET 200 https://registry.npmjs.org/lan-network/-/lan-network-0.2.1.tgz 3257ms (cache miss)
3679 http fetch GET 200 https://registry.npmjs.org/dnssd-advertise/-/dnssd-advertise-1.1.6.tgz 3331ms (cache miss)
3680 http fetch GET 200 https://registry.npmjs.org/is-fullwidth-code-point/-/is-fullwidth-code-point-3.0.0.tgz 3335ms (cache miss)
3681 http fetch GET 200 https://registry.npmjs.org/@expo/osascript/-/osascript-2.7.1.tgz 3336ms (cache miss)
3682 http fetch GET 200 https://registry.npmjs.org/@expo/inline-modules/-/inline-modules-0.1.7.tgz 3361ms (cache miss)
3683 http fetch GET 200 https://registry.npmjs.org/wrap-ansi/-/wrap-ansi-7.0.0.tgz 3427ms (cache miss)
3684 http fetch GET 200 https://registry.npmjs.org/strip-ansi/-/strip-ansi-6.0.1.tgz 3428ms (cache miss)
3685 http fetch GET 200 https://registry.npmjs.org/@expo/xcpretty/-/xcpretty-4.4.4.tgz 3449ms (cache miss)
3686 http fetch GET 200 https://registry.npmjs.org/yargs-parser/-/yargs-parser-21.1.1.tgz 3455ms (cache miss)
3687 http fetch GET 200 https://registry.npmjs.org/string-width/-/string-width-4.2.3.tgz 3521ms (cache miss)
3688 http fetch GET 200 https://registry.npmjs.org/get-caller-file/-/get-caller-file-2.0.5.tgz 3523ms (cache miss)
3689 http fetch GET 200 https://registry.npmjs.org/y18n/-/y18n-5.0.8.tgz 3537ms (cache miss)
3690 http fetch GET 200 https://registry.npmjs.org/node-forge/-/node-forge-1.4.0.tgz 3566ms (cache miss)
3691 http fetch GET 200 https://registry.npmjs.org/cliui/-/cliui-8.0.1.tgz 3635ms (cache miss)
3692 http fetch GET 200 https://registry.npmjs.org/@expo/code-signing-certificates/-/code-signing-certificates-0.0.6.tgz 3640ms (cache miss)
3693 http fetch GET 200 https://registry.npmjs.org/bplist-parser/-/bplist-parser-0.3.1.tgz 3629ms (cache miss)
3694 http fetch GET 200 https://registry.npmjs.org/sax/-/sax-1.6.1.tgz 3647ms (cache miss)
3695 http fetch GET 200 https://registry.npmjs.org/@expo/schema-utils/-/schema-utils-57.0.2.tgz 3666ms (cache miss)
3696 http fetch GET 200 https://registry.npmjs.org/big-integer/-/big-integer-1.6.52.tgz 3663ms (cache miss)
3697 http fetch GET 200 https://registry.npmjs.org/tmpl/-/tmpl-1.0.5.tgz 3728ms (cache miss)
3698 http fetch GET 200 https://registry.npmjs.org/simple-plist/-/simple-plist-1.3.1.tgz 3732ms (cache miss)
3699 http fetch GET 200 https://registry.npmjs.org/isexe/-/isexe-2.0.0.tgz 3734ms (cache miss)
3700 http fetch GET 200 https://registry.npmjs.org/makeerror/-/makeerror-1.0.12.tgz 3731ms (cache miss)
3701 http fetch GET 200 https://registry.npmjs.org/emoji-regex/-/emoji-regex-8.0.0.tgz 3796ms (cache miss)
3702 http fetch GET 200 https://registry.npmjs.org/shebang-regex/-/shebang-regex-3.0.0.tgz 3775ms (cache miss)
3703 http fetch GET 200 https://registry.npmjs.org/buffer-from/-/buffer-from-1.1.2.tgz 3788ms (cache miss)
3704 http fetch GET 200 https://registry.npmjs.org/escalade/-/escalade-3.2.0.tgz 3808ms (cache miss)
3705 http fetch GET 200 https://registry.npmjs.org/has-flag/-/has-flag-4.0.0.tgz 3812ms (cache miss)
3706 http fetch GET 200 https://registry.npmjs.org/bplist-creator/-/bplist-creator-0.1.0.tgz 3840ms (cache miss)
3707 http fetch GET 200 https://registry.npmjs.org/source-map-support/-/source-map-support-0.5.21.tgz 3840ms (cache miss)
3708 http fetch GET 200 https://registry.npmjs.org/stream-buffers/-/stream-buffers-2.2.0.tgz 3904ms (cache miss)
3709 http fetch GET 200 https://registry.npmjs.org/@expo/image-utils/-/image-utils-0.11.5.tgz 3926ms (cache miss)
3710 http fetch GET 200 https://registry.npmjs.org/is-number/-/is-number-7.0.0.tgz 3898ms (cache miss)
3711 http fetch GET 200 https://registry.npmjs.org/inherits/-/inherits-2.0.4.tgz 3896ms (cache miss)
3712 http fetch GET 200 https://registry.npmjs.org/range-parser/-/range-parser-1.2.1.tgz 3906ms (cache miss)
3713 http fetch GET 200 https://registry.npmjs.org/require-directory/-/require-directory-2.1.1.tgz 3952ms (cache miss)
3714 http fetch GET 200 https://registry.npmjs.org/type-fest/-/type-fest-0.7.1.tgz 3923ms (cache miss)
3715 http fetch GET 200 https://registry.npmjs.org/@expo/metro-file-map/-/metro-file-map-57.0.2.tgz 4058ms (cache miss)
3716 http fetch GET 200 https://registry.npmjs.org/toidentifier/-/toidentifier-1.0.1.tgz 4019ms (cache miss)
3717 http fetch GET 200 https://registry.npmjs.org/destroy/-/destroy-1.2.0.tgz 4011ms (cache miss)
3718 http fetch GET 200 https://registry.npmjs.org/fresh/-/fresh-0.5.2.tgz 4013ms (cache miss)
3719 http fetch GET 200 https://registry.npmjs.org/setprototypeof/-/setprototypeof-1.2.0.tgz 4022ms (cache miss)
3720 http fetch GET 200 https://registry.npmjs.org/@jridgewell/source-map/-/source-map-0.3.11.tgz 4035ms (cache miss)
3721 http fetch GET 200 https://registry.npmjs.org/http-errors/-/http-errors-2.0.1.tgz 4030ms (cache miss)
3722 http fetch GET 200 https://registry.npmjs.org/etag/-/etag-1.8.1.tgz 4028ms (cache miss)
3723 http fetch GET 200 https://registry.npmjs.org/acorn/-/acorn-8.18.0.tgz 4049ms (cache miss)
3724 http fetch GET 200 https://registry.npmjs.org/send/-/send-0.19.2.tgz 4029ms (cache miss)
3725 http fetch GET 200 https://registry.npmjs.org/depd/-/depd-2.0.0.tgz 4075ms (cache miss)
3726 http fetch GET 200 https://registry.npmjs.org/asap/-/asap-2.0.6.tgz 4118ms (cache miss)
3727 http fetch GET 200 https://registry.npmjs.org/is-docker/-/is-docker-2.2.1.tgz 4125ms (cache miss)
3728 http fetch GET 200 https://registry.npmjs.org/is-wsl/-/is-wsl-2.2.0.tgz 4129ms (cache miss)
3729 http fetch GET 200 https://registry.npmjs.org/lighthouse-logger/-/lighthouse-logger-1.4.2.tgz 4150ms (cache miss)
3730 http fetch GET 200 https://registry.npmjs.org/serve-static/-/serve-static-1.16.3.tgz 4151ms (cache miss)
3731 http fetch GET 200 https://registry.npmjs.org/open/-/open-7.4.2.tgz 4160ms (cache miss)
3732 http fetch GET 200 https://registry.npmjs.org/tinyglobby/-/tinyglobby-0.2.17.tgz 4153ms (cache miss)
3733 http fetch GET 200 https://registry.npmjs.org/@isaacs/ttlcache/-/ttlcache-1.4.1.tgz 4156ms (cache miss)
3734 http fetch GET 200 https://registry.npmjs.org/stacktrace-parser/-/stacktrace-parser-0.1.11.tgz 4157ms (cache miss)
3735 http fetch GET 200 https://registry.npmjs.org/plist/-/plist-3.1.1.tgz 4217ms (cache miss)
3736 http fetch GET 200 https://registry.npmjs.org/marky/-/marky-1.3.0.tgz 4182ms (cache miss)
3737 http fetch GET 200 https://registry.npmjs.org/mime/-/mime-1.6.0.tgz 4200ms (cache miss)
3738 http fetch GET 200 https://registry.npmjs.org/whatwg-fetch/-/whatwg-fetch-3.6.20.tgz 4191ms (cache miss)
3739 http fetch GET 200 https://registry.npmjs.org/@expo/devcert/-/devcert-1.2.1.tgz 4347ms (cache miss)
3740 http fetch GET 200 https://registry.npmjs.org/mkdirp/-/mkdirp-1.0.4.tgz 4295ms (cache miss)
3741 http fetch GET 200 https://registry.npmjs.org/escape-string-regexp/-/escape-string-regexp-4.0.0.tgz 4296ms (cache miss)
3742 http fetch GET 200 https://registry.npmjs.org/scheduler/-/scheduler-0.27.0.tgz 4292ms (cache miss)
3743 http fetch GET 200 https://registry.npmjs.org/shell-quote/-/shell-quote-1.10.0.tgz 4320ms (cache miss)
3744 http fetch GET 200 https://registry.npmjs.org/@expo/package-manager/-/package-manager-1.13.1.tgz 4392ms (cache miss)
3745 http fetch GET 200 https://registry.npmjs.org/regenerator-runtime/-/regenerator-runtime-0.13.11.tgz 4363ms (cache miss)
3746 http fetch GET 200 https://registry.npmjs.org/uuid/-/uuid-7.0.3.tgz 4424ms (cache miss)
3747 http fetch GET 200 https://registry.npmjs.org/babel-plugin-syntax-hermes-parser/-/babel-plugin-syntax-hermes-parser-0.36.0.tgz 4372ms (cache miss)
3748 warn deprecated uuid@7.0.3: uuid@10 and below is no longer supported.  For ESM codebases, update to uuid@latest.  For CommonJS codebases, use uuid@11 (but be aware this version will likely be deprecated in 2028).
3749 http fetch GET 200 https://registry.npmjs.org/memoize-one/-/memoize-one-5.2.1.tgz 4381ms (cache miss)
3750 http fetch GET 200 https://registry.npmjs.org/chromium-edge-launcher/-/chromium-edge-launcher-0.3.0.tgz 4437ms (cache miss)
3751 http fetch GET 200 https://registry.npmjs.org/anser/-/anser-1.4.10.tgz 4434ms (cache miss)
3752 http fetch GET 200 https://registry.npmjs.org/event-target-shim/-/event-target-shim-5.0.1.tgz 4475ms (cache miss)
3753 http fetch GET 200 https://registry.npmjs.org/chrome-launcher/-/chrome-launcher-0.15.2.tgz 4503ms (cache miss)
3754 http fetch GET 200 https://registry.npmjs.org/@expo/prebuild-config/-/prebuild-config-57.0.15.tgz 4642ms (cache miss)
3755 http fetch GET 200 https://registry.npmjs.org/ansi-regex/-/ansi-regex-5.0.1.tgz 4561ms (cache miss)
3756 http fetch GET 200 https://registry.npmjs.org/promise/-/promise-8.3.0.tgz 4700ms (cache miss)
3757 http fetch GET 200 https://registry.npmjs.org/@react-native/normalize-colors/-/normalize-colors-0.86.3.tgz 4892ms (cache miss)
3758 http fetch GET 200 https://registry.npmjs.org/abort-controller/-/abort-controller-3.0.0.tgz 4901ms (cache miss)
3759 http fetch GET 200 https://registry.npmjs.org/ee-first/-/ee-first-1.1.1.tgz 5173ms (cache miss)
3760 http fetch GET 200 https://registry.npmjs.org/@react-native/js-polyfills/-/js-polyfills-0.86.3.tgz 5195ms (cache miss)
3761 http fetch GET 200 https://registry.npmjs.org/@react-native/virtualized-lists/-/virtualized-lists-0.86.3.tgz 5289ms (cache miss)
3762 http fetch GET 200 https://registry.npmjs.org/@react-native/assets-registry/-/assets-registry-0.86.3.tgz 5290ms (cache miss)
3763 http fetch GET 200 https://registry.npmjs.org/balanced-match/-/balanced-match-4.0.4.tgz 5298ms (cache miss)
3764 http fetch GET 200 https://registry.npmjs.org/react-is/-/react-is-18.3.1.tgz 5303ms (cache miss)
3765 http fetch GET 200 https://registry.npmjs.org/@react-native/dev-middleware/-/dev-middleware-0.86.3.tgz 5322ms (cache miss)
3766 http fetch GET 200 https://registry.npmjs.org/brace-expansion/-/brace-expansion-5.0.9.tgz 5356ms (cache miss)
3767 http fetch GET 200 https://registry.npmjs.org/expo-server/-/expo-server-57.0.3.tgz 5588ms (cache miss)
3768 http fetch GET 200 https://registry.npmjs.org/fill-range/-/fill-range-7.1.1.tgz 5540ms (cache miss)
3769 http fetch GET 200 https://registry.npmjs.org/@react-native/community-cli-plugin/-/community-cli-plugin-0.86.3.tgz 5647ms (cache miss)
3770 http fetch GET 200 https://registry.npmjs.org/vlq/-/vlq-1.0.1.tgz 5823ms (cache miss)
3771 http fetch GET 200 https://registry.npmjs.org/ob1/-/ob1-0.84.5.tgz 5823ms (cache miss)
3772 http fetch GET 200 https://registry.npmjs.org/to-regex-range/-/to-regex-range-5.0.1.tgz 6066ms (cache miss)
3773 http fetch GET 200 https://registry.npmjs.org/braces/-/braces-3.0.3.tgz 6153ms (cache miss)
3774 http fetch GET 200 https://registry.npmjs.org/content-type/-/content-type-2.1.0.tgz 6159ms (cache miss)
3775 http fetch GET 200 https://registry.npmjs.org/node-int64/-/node-int64-0.4.0.tgz 6187ms (cache miss)
3776 http fetch GET 200 https://registry.npmjs.org/walker/-/walker-1.0.8.tgz 6437ms (cache miss)
3777 http fetch GET 200 https://registry.npmjs.org/mime-db/-/mime-db-1.54.0.tgz 6483ms (cache miss)
3778 http fetch GET 200 https://registry.npmjs.org/@react-native/debugger-shell/-/debugger-shell-0.86.3.tgz 6574ms (cache miss)
3779 http fetch GET 200 https://registry.npmjs.org/jest-get-type/-/jest-get-type-29.6.3.tgz 6544ms (cache miss)
3780 http fetch GET 200 https://registry.npmjs.org/leven/-/leven-3.1.0.tgz 6547ms (cache miss)
3781 http fetch GET 200 https://registry.npmjs.org/agent-base/-/agent-base-7.1.4.tgz 6714ms (cache miss)
3782 http fetch GET 200 https://registry.npmjs.org/@types/yargs-parser/-/yargs-parser-21.0.3.tgz 6812ms (cache miss)
3783 http fetch GET 200 https://registry.npmjs.org/terser/-/terser-5.51.2.tgz 6852ms (cache miss)
3784 http fetch GET 200 https://registry.npmjs.org/react-devtools-core/-/react-devtools-core-6.1.5.tgz 6942ms (cache miss)
3785 http fetch GET 200 https://registry.npmjs.org/https-proxy-agent/-/https-proxy-agent-7.0.6.tgz 6901ms (cache miss)
3786 http fetch GET 200 https://registry.npmjs.org/fb-watchman/-/fb-watchman-2.0.2.tgz 6916ms (cache miss)
3787 http fetch GET 200 https://registry.npmjs.org/@types/istanbul-lib-report/-/istanbul-lib-report-3.0.3.tgz 6903ms (cache miss)
3788 http fetch GET 200 https://registry.npmjs.org/bser/-/bser-2.1.1.tgz 6919ms (cache miss)
3789 http fetch GET 200 https://registry.npmjs.org/camelcase/-/camelcase-6.3.0.tgz 6915ms (cache miss)
3790 http fetch GET 200 https://registry.npmjs.org/micromatch/-/micromatch-4.0.8.tgz 6919ms (cache miss)
3791 http fetch GET 200 https://registry.npmjs.org/@types/istanbul-lib-coverage/-/istanbul-lib-coverage-2.0.6.tgz 6987ms (cache miss)
3792 http fetch GET 200 https://registry.npmjs.org/jest-validate/-/jest-validate-29.7.0.tgz 7003ms (cache miss)
3793 http fetch GET 200 https://registry.npmjs.org/picomatch/-/picomatch-2.3.2.tgz 7020ms (cache miss)
3794 http fetch GET 200 https://registry.npmjs.org/@react-native/gradle-plugin/-/gradle-plugin-0.86.3.tgz 7074ms (cache miss)
3795 http fetch GET 200 https://registry.npmjs.org/merge-stream/-/merge-stream-2.0.0.tgz 7060ms (cache miss)
3796 http fetch GET 200 https://registry.npmjs.org/jest-util/-/jest-util-29.7.0.tgz 7111ms (cache miss)
3797 http fetch GET 200 https://registry.npmjs.org/exponential-backoff/-/exponential-backoff-3.1.3.tgz 7129ms (cache miss)
3798 http fetch GET 200 https://registry.npmjs.org/@react-native/codegen/-/codegen-0.86.3.tgz 7250ms (cache miss)
3799 http fetch GET 200 https://registry.npmjs.org/undici-types/-/undici-types-8.9.0.tgz 7219ms (cache miss)
3800 http fetch GET 200 https://registry.npmjs.org/hermes-estree/-/hermes-estree-0.35.0.tgz 7238ms (cache miss)
3801 http fetch GET 200 https://registry.npmjs.org/@types/istanbul-reports/-/istanbul-reports-3.0.4.tgz 7322ms (cache miss)
3802 http fetch GET 200 https://registry.npmjs.org/@jest/types/-/types-29.6.3.tgz 7320ms (cache miss)
3803 http fetch GET 200 https://registry.npmjs.org/escape-html/-/escape-html-1.0.3.tgz 7296ms (cache miss)
3804 http fetch GET 200 https://registry.npmjs.org/statuses/-/statuses-1.5.0.tgz 7298ms (cache miss)
3805 http fetch GET 200 https://registry.npmjs.org/@types/yargs/-/yargs-17.0.35.tgz 7370ms (cache miss)
3806 http fetch GET 200 https://registry.npmjs.org/utils-merge/-/utils-merge-1.0.1.tgz 7361ms (cache miss)
3807 http fetch GET 200 https://registry.npmjs.org/encodeurl/-/encodeurl-1.0.2.tgz 7362ms (cache miss)
3808 http fetch GET 200 https://registry.npmjs.org/parseurl/-/parseurl-1.3.3.tgz 7366ms (cache miss)
3809 http fetch GET 200 https://registry.npmjs.org/finalhandler/-/finalhandler-1.1.2.tgz 7368ms (cache miss)
3810 http fetch GET 200 https://registry.npmjs.org/@jest/schemas/-/schemas-29.6.3.tgz 7400ms (cache miss)
3811 http fetch GET 200 https://registry.npmjs.org/throat/-/throat-5.0.0.tgz 7450ms (cache miss)
3812 http fetch GET 200 https://registry.npmjs.org/unpipe/-/unpipe-1.0.0.tgz 7490ms (cache miss)
3813 http fetch GET 200 https://registry.npmjs.org/serialize-error/-/serialize-error-2.1.0.tgz 7480ms (cache miss)
3814 http fetch GET 200 https://registry.npmjs.org/on-finished/-/on-finished-2.3.0.tgz 7498ms (cache miss)
3815 http fetch GET 200 https://registry.npmjs.org/@sinclair/typebox/-/typebox-0.27.12.tgz 7537ms (cache miss)
3816 http fetch GET 200 https://registry.npmjs.org/stackframe/-/stackframe-1.3.4.tgz 7548ms (cache miss)
3817 http fetch GET 200 https://registry.npmjs.org/negotiator/-/negotiator-1.1.0.tgz 7551ms (cache miss)
3818 http fetch GET 200 https://registry.npmjs.org/nullthrows/-/nullthrows-1.1.1.tgz 7548ms (cache miss)
3819 http fetch GET 200 https://registry.npmjs.org/ws/-/ws-7.5.13.tgz 7580ms (cache miss)
3820 http fetch GET 200 https://registry.npmjs.org/error-stack-parser/-/error-stack-parser-2.1.4.tgz 7628ms (cache miss)
3821 http fetch GET 200 https://registry.npmjs.org/lodash.throttle/-/lodash.throttle-4.1.1.tgz 7661ms (cache miss)
3822 http fetch GET 200 https://registry.npmjs.org/jsc-safe-url/-/jsc-safe-url-0.2.4.tgz 7666ms (cache miss)
3823 http fetch GET 200 https://registry.npmjs.org/mime-types/-/mime-types-3.0.2.tgz 7671ms (cache miss)
3824 http fetch GET 200 https://registry.npmjs.org/jest-worker/-/jest-worker-29.7.0.tgz 7736ms (cache miss)
3825 http fetch GET 200 https://registry.npmjs.org/yargs/-/yargs-17.7.3.tgz 7778ms (cache miss)
3826 http fetch GET 200 https://registry.npmjs.org/yallist/-/yallist-3.1.1.tgz 7860ms (cache miss)
3827 http fetch GET 200 https://registry.npmjs.org/graceful-fs/-/graceful-fs-4.2.11.tgz 7868ms (cache miss)
3828 http fetch GET 200 https://registry.npmjs.org/connect/-/connect-3.7.0.tgz 7869ms (cache miss)
3829 http fetch GET 200 https://registry.npmjs.org/flow-enums-runtime/-/flow-enums-runtime-0.0.6.tgz 7874ms (cache miss)
3830 http fetch GET 200 https://registry.npmjs.org/accepts/-/accepts-2.0.0.tgz 7947ms (cache miss)
3831 http fetch GET 200 https://registry.npmjs.org/zod/-/zod-3.25.76.tgz 8144ms (cache miss)
3832 http fetch GET 200 https://registry.npmjs.org/minipass/-/minipass-7.1.3.tgz 8282ms (cache miss)
3833 http fetch GET 200 https://registry.npmjs.org/invariant/-/invariant-2.2.4.tgz 8344ms (cache miss)
3834 http fetch GET 200 https://registry.npmjs.org/path-scurry/-/path-scurry-2.0.2.tgz 8360ms (cache miss)
3835 http fetch GET 200 https://registry.npmjs.org/commander/-/commander-7.2.0.tgz 8370ms (cache miss)
3836 http fetch GET 200 https://registry.npmjs.org/shebang-command/-/shebang-command-2.0.0.tgz 8413ms (cache miss)
3837 http fetch GET 200 https://registry.npmjs.org/yaml/-/yaml-2.9.0.tgz 8498ms (cache miss)
3838 http fetch GET 200 https://registry.npmjs.org/ci-info/-/ci-info-2.0.0.tgz 8549ms (cache miss)
3839 http fetch GET 200 https://registry.npmjs.org/path-key/-/path-key-3.1.1.tgz 8540ms (cache miss)
3840 http fetch GET 200 https://registry.npmjs.org/ms/-/ms-2.1.3.tgz 8617ms (cache miss)
3841 http fetch GET 200 https://registry.npmjs.org/color-convert/-/color-convert-2.0.1.tgz 8638ms (cache miss)
3842 http fetch GET 200 https://registry.npmjs.org/loose-envify/-/loose-envify-1.4.0.tgz 8731ms (cache miss)
3843 http fetch GET 200 https://registry.npmjs.org/ansi-styles/-/ansi-styles-4.3.0.tgz 8722ms (cache miss)
3844 http fetch GET 200 https://registry.npmjs.org/node-releases/-/node-releases-2.0.54.tgz 8813ms (cache miss)
3845 http fetch GET 200 https://registry.npmjs.org/which/-/which-2.0.2.tgz 8843ms (cache miss)
3846 http fetch GET 200 https://registry.npmjs.org/supports-color/-/supports-color-7.2.0.tgz 8915ms (cache miss)
3847 http fetch GET 200 https://registry.npmjs.org/electron-to-chromium/-/electron-to-chromium-1.5.423.tgz 8970ms (cache miss)
3848 http fetch GET 200 https://registry.npmjs.org/expo-modules-jsi/-/expo-modules-jsi-57.0.8.tgz 8988ms (cache miss)
3849 http fetch GET 200 https://registry.npmjs.org/source-map/-/source-map-0.5.7.tgz 9157ms (cache miss)
3850 http fetch GET 200 https://registry.npmjs.org/baseline-browser-mapping/-/baseline-browser-mapping-2.11.21.tgz 9151ms (cache miss)
3851 http fetch GET 200 https://registry.npmjs.org/@babel/helper-globals/-/helper-globals-7.29.7.tgz 9220ms (cache miss)
3852 http fetch GET 200 https://registry.npmjs.org/cross-spawn/-/cross-spawn-7.0.6.tgz 9236ms (cache miss)
3853 http fetch GET 200 https://registry.npmjs.org/color-name/-/color-name-1.1.4.tgz 9315ms (cache miss)
3854 http fetch GET 200 https://registry.npmjs.org/@babel/helper-module-imports/-/helper-module-imports-7.29.7.tgz 9326ms (cache miss)
3855 http fetch GET 200 https://registry.npmjs.org/update-browserslist-db/-/update-browserslist-db-1.3.2.tgz 9338ms (cache miss)
3856 http fetch GET 200 https://registry.npmjs.org/lru-cache/-/lru-cache-5.1.1.tgz 9418ms (cache miss)
3857 http fetch GET 200 https://registry.npmjs.org/@jridgewell/resolve-uri/-/resolve-uri-3.1.2.tgz 9424ms (cache miss)
3858 http fetch GET 200 https://registry.npmjs.org/browserslist/-/browserslist-4.28.9.tgz 9444ms (cache miss)
3859 http fetch GET 200 https://registry.npmjs.org/@babel/helper-string-parser/-/helper-string-parser-7.29.7.tgz 9501ms (cache miss)
3860 http fetch GET 200 https://registry.npmjs.org/jsesc/-/jsesc-3.1.0.tgz 9531ms (cache miss)
3861 http fetch GET 200 https://registry.npmjs.org/@babel/helper-plugin-utils/-/helper-plugin-utils-7.29.7.tgz 9623ms (cache miss)
3862 http fetch GET 200 https://registry.npmjs.org/@jridgewell/sourcemap-codec/-/sourcemap-codec-1.6.0.tgz 9700ms (cache miss)
3863 http fetch GET 200 https://registry.npmjs.org/convert-source-map/-/convert-source-map-2.0.0.tgz 9700ms (cache miss)
3864 http fetch GET 200 https://registry.npmjs.org/@babel/compat-data/-/compat-data-7.29.7.tgz 9788ms (cache miss)
3865 http fetch GET 200 https://registry.npmjs.org/@babel/helper-validator-option/-/helper-validator-option-7.29.7.tgz 9793ms (cache miss)
3866 http fetch GET 200 https://registry.npmjs.org/@jridgewell/gen-mapping/-/gen-mapping-0.3.13.tgz 9922ms (cache miss)
3867 http fetch GET 200 https://registry.npmjs.org/@types/node/-/node-26.5.0.tgz 9995ms (cache miss)
3868 http fetch GET 200 https://registry.npmjs.org/hermes-parser/-/hermes-parser-0.35.0.tgz 10005ms (cache miss)
3869 http fetch GET 200 https://registry.npmjs.org/@jridgewell/trace-mapping/-/trace-mapping-0.3.31.tgz 10093ms (cache miss)
3870 http fetch GET 200 https://registry.npmjs.org/gensync/-/gensync-1.0.0-beta.2.tgz 10094ms (cache miss)
3871 http fetch GET 200 https://registry.npmjs.org/@jridgewell/remapping/-/remapping-2.3.5.tgz 10267ms (cache miss)
3872 http fetch GET 200 https://registry.npmjs.org/@babel/template/-/template-7.29.7.tgz 10268ms (cache miss)
3873 http fetch GET 200 https://registry.npmjs.org/base64-js/-/base64-js-1.5.1.tgz 10380ms (cache miss)
3874 http fetch GET 200 https://registry.npmjs.org/@babel/helper-module-transforms/-/helper-module-transforms-7.29.7.tgz 10437ms (cache miss)
3875 http fetch GET 200 https://registry.npmjs.org/@babel/helper-compilation-targets/-/helper-compilation-targets-7.29.7.tgz 10537ms (cache miss)
3876 http fetch GET 200 https://registry.npmjs.org/@babel/plugin-transform-modules-commonjs/-/plugin-transform-modules-commonjs-7.29.7.tgz 10586ms (cache miss)
3877 http fetch GET 200 https://registry.npmjs.org/@babel/traverse/-/traverse-7.29.8.tgz 10648ms (cache miss)
3878 http fetch GET 200 https://registry.npmjs.org/metro-transform-worker/-/metro-transform-worker-0.84.5.tgz 10775ms (cache miss)
3879 http fetch GET 200 https://registry.npmjs.org/@babel/generator/-/generator-7.29.8.tgz 10874ms (cache miss)
3880 http fetch GET 200 https://registry.npmjs.org/xmlbuilder/-/xmlbuilder-15.1.1.tgz 10920ms (cache miss)
3881 http fetch GET 200 https://registry.npmjs.org/metro-transform-plugins/-/metro-transform-plugins-0.84.5.tgz 10942ms (cache miss)
3882 http fetch GET 200 https://registry.npmjs.org/metro-babel-transformer/-/metro-babel-transformer-0.84.5.tgz 11024ms (cache miss)
3883 http fetch GET 200 https://registry.npmjs.org/metro-runtime/-/metro-runtime-0.84.5.tgz 11049ms (cache miss)
3884 http fetch GET 200 https://registry.npmjs.org/@xmldom/xmldom/-/xmldom-0.8.15.tgz 11103ms (cache miss)
3885 http fetch GET 200 https://registry.npmjs.org/metro-cache/-/metro-cache-0.84.5.tgz 11103ms (cache miss)
3886 http fetch GET 200 https://registry.npmjs.org/metro-minify-terser/-/metro-minify-terser-0.84.5.tgz 11112ms (cache miss)
3887 http fetch GET 200 https://registry.npmjs.org/metro-symbolicate/-/metro-symbolicate-0.84.5.tgz 11180ms (cache miss)
3888 http fetch GET 200 https://registry.npmjs.org/@babel/helper-validator-identifier/-/helper-validator-identifier-7.29.7.tgz 11196ms (cache miss)
3889 http fetch GET 200 https://registry.npmjs.org/picocolors/-/picocolors-1.1.1.tgz 11200ms (cache miss)
3890 http fetch GET 200 https://registry.npmjs.org/js-tokens/-/js-tokens-4.0.0.tgz 11207ms (cache miss)
3891 http fetch GET 200 https://registry.npmjs.org/metro-source-map/-/metro-source-map-0.84.5.tgz 11232ms (cache miss)
3892 http fetch GET 200 https://registry.npmjs.org/metro-cache-key/-/metro-cache-key-0.84.5.tgz 11269ms (cache miss)
3893 http fetch GET 200 https://registry.npmjs.org/@babel/code-frame/-/code-frame-7.29.7.tgz 11330ms (cache miss)
3894 http fetch GET 200 https://registry.npmjs.org/arg/-/arg-5.0.2.tgz 11458ms (cache miss)
3895 http fetch GET 200 https://registry.npmjs.org/json5/-/json5-2.2.3.tgz 11469ms (cache miss)
3896 http fetch GET 200 https://registry.npmjs.org/resolve-from/-/resolve-from-5.0.0.tgz 11518ms (cache miss)
3897 http fetch GET 200 https://registry.npmjs.org/xml2js/-/xml2js-0.6.0.tgz 11616ms (cache miss)
3898 http fetch GET 200 https://registry.npmjs.org/ignore/-/ignore-5.3.2.tgz 11639ms (cache miss)
3899 http fetch GET 200 https://registry.npmjs.org/metro-config/-/metro-config-0.84.5.tgz 11707ms (cache miss)
3900 http fetch GET 200 https://registry.npmjs.org/chalk/-/chalk-4.1.2.tgz 11696ms (cache miss)
3901 http fetch GET 200 https://registry.npmjs.org/debug/-/debug-4.4.3.tgz 11741ms (cache miss)
3902 http fetch GET 200 https://registry.npmjs.org/slugify/-/slugify-1.6.9.tgz 11767ms (cache miss)
3903 http fetch GET 200 https://registry.npmjs.org/metro-resolver/-/metro-resolver-0.84.5.tgz 11838ms (cache miss)
3904 http fetch GET 200 https://registry.npmjs.org/xcode/-/xcode-3.0.1.tgz 11827ms (cache miss)
3905 http fetch GET 200 https://registry.npmjs.org/metro-core/-/metro-core-0.84.5.tgz 11858ms (cache miss)
3906 http fetch GET 200 https://registry.npmjs.org/@expo/sdk-runtime-versions/-/sdk-runtime-versions-1.0.0.tgz 11861ms (cache miss)
3907 http fetch GET 200 https://registry.npmjs.org/@babel/types/-/types-7.29.8.tgz 11924ms (cache miss)
3908 http fetch GET 200 https://registry.npmjs.org/@expo/spawn-async/-/spawn-async-1.8.0.tgz 11914ms (cache miss)
3909 http fetch GET 200 https://registry.npmjs.org/@expo/env/-/env-2.4.3.tgz 11934ms (cache miss)
3910 http fetch GET 200 https://registry.npmjs.org/getenv/-/getenv-2.0.0.tgz 11965ms (cache miss)
3911 http fetch GET 200 https://registry.npmjs.org/deepmerge/-/deepmerge-4.3.1.tgz 11966ms (cache miss)
3912 http fetch GET 200 https://registry.npmjs.org/resolve-workspace-root/-/resolve-workspace-root-2.0.1.tgz 11988ms (cache miss)
3913 http fetch GET 200 https://registry.npmjs.org/minimatch/-/minimatch-10.2.6.tgz 12054ms (cache miss)
3914 http fetch GET 200 https://registry.npmjs.org/@babel/core/-/core-7.29.7.tgz 12146ms (cache miss)
3915 http fetch GET 200 https://registry.npmjs.org/pretty-format/-/pretty-format-29.7.0.tgz 12152ms (cache miss)
3916 http fetch GET 200 https://registry.npmjs.org/semver/-/semver-7.8.5.tgz 12161ms (cache miss)
3917 http fetch GET 200 https://registry.npmjs.org/whatwg-url-minimum/-/whatwg-url-minimum-0.1.2.tgz 12195ms (cache miss)
3918 http fetch GET 200 https://registry.npmjs.org/@expo/json-file/-/json-file-11.0.1.tgz 12270ms (cache miss)
3919 http fetch GET 200 https://registry.npmjs.org/@expo/config-types/-/config-types-57.0.2.tgz 12288ms (cache miss)
3920 http fetch GET 200 https://registry.npmjs.org/react-refresh/-/react-refresh-0.14.2.tgz 12361ms (cache miss)
3921 http fetch GET 200 https://registry.npmjs.org/metro-file-map/-/metro-file-map-0.84.5.tgz 12396ms (cache miss)
3922 http fetch GET 200 https://registry.npmjs.org/@expo/plist/-/plist-0.8.1.tgz 12459ms (cache miss)
3923 http fetch GET 200 https://registry.npmjs.org/@ungap/structured-clone/-/structured-clone-1.4.0.tgz 12715ms (cache miss)
3924 http fetch GET 200 https://registry.npmjs.org/@expo/require-utils/-/require-utils-57.0.5.tgz 13201ms (cache miss)
3925 http fetch GET 200 https://registry.npmjs.org/@babel/helpers/-/helpers-7.29.7.tgz 13413ms (cache miss)
3926 http fetch GET 200 https://registry.npmjs.org/@expo/fingerprint/-/fingerprint-0.20.12.tgz 13388ms (cache miss)
3927 http fetch GET 200 https://registry.npmjs.org/@react-native/debugger-frontend/-/debugger-frontend-0.86.3.tgz 13717ms (cache miss)
3928 http fetch GET 200 https://registry.npmjs.org/react/-/react-19.2.3.tgz 13704ms (cache miss)
3929 http fetch GET 200 https://registry.npmjs.org/@babel/parser/-/parser-7.29.8.tgz 13761ms (cache miss)
3930 http fetch GET 200 https://registry.npmjs.org/caniuse-lite/-/caniuse-lite-1.0.30001810.tgz 13876ms (cache miss)
3931 http fetch GET 200 https://registry.npmjs.org/semver/-/semver-6.3.1.tgz 13870ms (cache miss)
3932 http fetch GET 200 https://registry.npmjs.org/@expo/local-build-cache-provider/-/local-build-cache-provider-57.0.8.tgz 14095ms (cache miss)
3933 http fetch GET 200 https://registry.npmjs.org/semver/-/semver-6.3.1.tgz 14186ms (cache miss)
3934 http fetch GET 200 https://registry.npmjs.org/color-convert/-/color-convert-1.9.3.tgz 14259ms (cache miss)
3935 http fetch GET 200 https://registry.npmjs.org/semver/-/semver-6.3.1.tgz 14264ms (cache miss)
3936 http fetch GET 200 https://registry.npmjs.org/color-name/-/color-name-1.1.3.tgz 14292ms (cache miss)
3937 http fetch GET 200 https://registry.npmjs.org/escape-string-regexp/-/escape-string-regexp-1.0.5.tgz 14292ms (cache miss)
3938 http fetch GET 200 https://registry.npmjs.org/@expo/config/-/config-57.0.9.tgz 14356ms (cache miss)
3939 http fetch GET 200 https://registry.npmjs.org/supports-color/-/supports-color-5.5.0.tgz 14407ms (cache miss)
3940 http fetch GET 200 https://registry.npmjs.org/semver/-/semver-6.3.1.tgz 14533ms (cache miss)
3941 http fetch GET 200 https://registry.npmjs.org/has-flag/-/has-flag-3.0.0.tgz 14596ms (cache miss)
3942 http fetch GET 200 https://registry.npmjs.org/chalk/-/chalk-2.4.2.tgz 14624ms (cache miss)
3943 http fetch GET 200 https://registry.npmjs.org/glob/-/glob-13.0.6.tgz 14692ms (cache miss)
3944 http fetch GET 200 https://registry.npmjs.org/ansi-regex/-/ansi-regex-4.1.1.tgz 14757ms (cache miss)
3945 http fetch GET 200 https://registry.npmjs.org/color-name/-/color-name-1.1.3.tgz 14761ms (cache miss)
3946 http fetch GET 200 https://registry.npmjs.org/@expo/devtools/-/devtools-57.0.1.tgz 14834ms (cache miss)
3947 http fetch GET 200 https://registry.npmjs.org/escape-string-regexp/-/escape-string-regexp-1.0.5.tgz 14823ms (cache miss)
3948 http fetch GET 200 https://registry.npmjs.org/ansi-styles/-/ansi-styles-3.2.1.tgz 14858ms (cache miss)
3949 http fetch GET 200 https://registry.npmjs.org/expo-modules-autolinking/-/expo-modules-autolinking-57.0.12.tgz 14908ms (cache miss)
3950 http fetch GET 200 https://registry.npmjs.org/expo-status-bar/-/expo-status-bar-57.0.1.tgz 14907ms (cache miss)
3951 http fetch GET 200 https://registry.npmjs.org/type-fest/-/type-fest-0.21.3.tgz 14984ms (cache miss)
3952 http fetch GET 200 https://registry.npmjs.org/metro/-/metro-0.84.5.tgz 15048ms (cache miss)
3953 http fetch GET 200 https://registry.npmjs.org/ansi-styles/-/ansi-styles-3.2.1.tgz 15224ms (cache miss)
3954 http fetch GET 200 https://registry.npmjs.org/supports-color/-/supports-color-5.5.0.tgz 15226ms (cache miss)
3955 http fetch GET 200 https://registry.npmjs.org/ms/-/ms-2.0.0.tgz 15229ms (cache miss)
3956 http fetch GET 200 https://registry.npmjs.org/lru-cache/-/lru-cache-10.4.3.tgz 15249ms (cache miss)
3957 http fetch GET 200 https://registry.npmjs.org/chalk/-/chalk-2.4.2.tgz 15319ms (cache miss)
3958 http fetch GET 200 https://registry.npmjs.org/debug/-/debug-3.2.7.tgz 15350ms (cache miss)
3959 http fetch GET 200 https://registry.npmjs.org/@babel/runtime/-/runtime-7.29.7.tgz 15512ms (cache miss)
3960 http fetch GET 200 https://registry.npmjs.org/has-flag/-/has-flag-3.0.0.tgz 15559ms (cache miss)
3961 http fetch GET 200 https://registry.npmjs.org/@xmldom/xmldom/-/xmldom-0.9.12.tgz 15553ms (cache miss)
3962 http fetch GET 200 https://registry.npmjs.org/statuses/-/statuses-2.0.2.tgz 15640ms (cache miss)
3963 http fetch GET 200 https://registry.npmjs.org/negotiator/-/negotiator-0.6.4.tgz 15647ms (cache miss)
3964 http fetch GET 200 https://registry.npmjs.org/encodeurl/-/encodeurl-2.0.0.tgz 15812ms (cache miss)
3965 http fetch GET 200 https://registry.npmjs.org/on-finished/-/on-finished-2.4.1.tgz 15844ms (cache miss)
3966 http fetch GET 200 https://registry.npmjs.org/debug/-/debug-2.6.9.tgz 15866ms (cache miss)
3967 http fetch GET 200 https://registry.npmjs.org/@expo/metro/-/metro-56.0.2.tgz 15918ms (cache miss)
3968 http fetch GET 200 https://registry.npmjs.org/ms/-/ms-2.0.0.tgz 15907ms (cache miss)
3969 http fetch GET 200 https://registry.npmjs.org/encodeurl/-/encodeurl-2.0.0.tgz 16023ms (cache miss)
3970 http fetch GET 200 https://registry.npmjs.org/expo/-/expo-57.0.20.tgz 16130ms (cache miss)
3971 http fetch GET 200 https://registry.npmjs.org/ms/-/ms-2.0.0.tgz 16151ms (cache miss)
3972 http fetch GET 200 https://registry.npmjs.org/debug/-/debug-2.6.9.tgz 16152ms (cache miss)
3973 http fetch GET 200 https://registry.npmjs.org/debug/-/debug-2.6.9.tgz 16167ms (cache miss)
3974 http fetch GET 200 https://registry.npmjs.org/color-convert/-/color-convert-1.9.3.tgz 16256ms (cache miss)
3975 http fetch GET 200 https://registry.npmjs.org/picomatch/-/picomatch-4.0.7.tgz 16289ms (cache miss)
3976 http fetch GET 200 https://registry.npmjs.org/fdir/-/fdir-6.5.0.tgz 16309ms (cache miss)
3977 http fetch GET 200 https://registry.npmjs.org/hermes-estree/-/hermes-estree-0.36.0.tgz 16554ms (cache miss)
3978 http fetch GET 200 https://registry.npmjs.org/hermes-estree/-/hermes-estree-0.36.0.tgz 16724ms (cache miss)
3979 http fetch GET 200 https://registry.npmjs.org/ms/-/ms-2.0.0.tgz 16935ms (cache miss)
3980 http fetch GET 200 https://registry.npmjs.org/@expo/config-plugins/-/config-plugins-57.0.9.tgz 17004ms (cache miss)
3981 http fetch GET 200 https://registry.npmjs.org/hermes-parser/-/hermes-parser-0.36.0.tgz 17123ms (cache miss)
3982 http fetch GET 200 https://registry.npmjs.org/strip-ansi/-/strip-ansi-5.2.0.tgz 17234ms (cache miss)
3983 http fetch GET 200 https://registry.npmjs.org/statuses/-/statuses-2.0.2.tgz 17348ms (cache miss)
3984 http fetch GET 200 https://registry.npmjs.org/supports-color/-/supports-color-8.1.1.tgz 17391ms (cache miss)
3985 http fetch GET 200 https://registry.npmjs.org/debug/-/debug-2.6.9.tgz 17544ms (cache miss)
3986 http fetch GET 200 https://registry.npmjs.org/semver/-/semver-6.3.1.tgz 17734ms (cache miss)
3987 http fetch GET 200 https://registry.npmjs.org/semver/-/semver-6.3.1.tgz 18021ms (cache miss)
3988 http fetch GET 200 https://registry.npmjs.org/mime-db/-/mime-db-1.52.0.tgz 18158ms (cache miss)
3989 http fetch GET 200 https://registry.npmjs.org/lru-cache/-/lru-cache-11.5.2.tgz 18166ms (cache miss)
3990 http fetch GET 200 https://registry.npmjs.org/commander/-/commander-2.20.3.tgz 18216ms (cache miss)
3991 http fetch GET 200 https://registry.npmjs.org/xmlbuilder/-/xmlbuilder-11.0.1.tgz 18297ms (cache miss)
3992 http fetch GET 200 https://registry.npmjs.org/ci-info/-/ci-info-3.9.0.tgz 18428ms (cache miss)
3993 http fetch GET 200 https://registry.npmjs.org/hermes-estree/-/hermes-estree-0.36.1.tgz 18421ms (cache miss)
3994 http fetch GET 200 https://registry.npmjs.org/negotiator/-/negotiator-0.6.3.tgz 18495ms (cache miss)
3995 http fetch GET 200 https://registry.npmjs.org/picomatch/-/picomatch-4.0.7.tgz 18631ms (cache miss)
3996 http fetch GET 200 https://registry.npmjs.org/mime-types/-/mime-types-2.1.35.tgz 18701ms (cache miss)
3997 http fetch GET 200 https://registry.npmjs.org/hermes-parser/-/hermes-parser-0.36.0.tgz 19164ms (cache miss)
3998 http fetch GET 200 https://registry.npmjs.org/commander/-/commander-12.1.0.tgz 19253ms (cache miss)
3999 http fetch GET 200 https://registry.npmjs.org/ci-info/-/ci-info-3.9.0.tgz 19409ms (cache miss)
4000 http fetch GET 200 https://registry.npmjs.org/accepts/-/accepts-1.3.8.tgz 19428ms (cache miss)
4001 http fetch GET 200 https://registry.npmjs.org/hermes-parser/-/hermes-parser-0.36.1.tgz 19603ms (cache miss)
4002 http fetch GET 200 https://registry.npmjs.org/@expo/ws-tunnel/-/ws-tunnel-2.0.0.tgz 19650ms (cache miss)
4003 http fetch GET 200 https://registry.npmjs.org/expo-keep-awake/-/expo-keep-awake-57.0.1.tgz 19970ms (cache miss)
4004 http fetch GET 200 https://registry.npmjs.org/ws/-/ws-8.21.3.tgz 20023ms (cache miss)
4005 http fetch GET 200 https://registry.npmjs.org/expo-constants/-/expo-constants-57.0.17.tgz 20046ms (cache miss)
4006 http fetch GET 200 https://registry.npmjs.org/expo-asset/-/expo-asset-57.0.16.tgz 20503ms (cache miss)
4007 http fetch GET 200 https://registry.npmjs.org/ms/-/ms-2.0.0.tgz 20596ms (cache miss)
4008 http fetch GET 200 https://registry.npmjs.org/debug/-/debug-2.6.9.tgz 20712ms (cache miss)
4009 http fetch GET 200 https://registry.npmjs.org/@expo/dom-webview/-/dom-webview-57.0.1.tgz 20988ms (cache miss)
4010 http fetch GET 200 https://registry.npmjs.org/source-map/-/source-map-0.6.1.tgz 21338ms (cache miss)
4011 http fetch GET 200 https://registry.npmjs.org/babel-preset-expo/-/babel-preset-expo-57.0.10.tgz 21552ms (cache miss)
4012 http fetch GET 200 https://registry.npmjs.org/@expo/router-server/-/router-server-57.0.9.tgz 21798ms (cache miss)
4013 http fetch GET 200 https://registry.npmjs.org/uuid 21956ms (cache miss)
4014 silly packumentCache corgi:https://registry.npmjs.org/uuid set size:undefined disposed:false
4015 silly packumentCache corgi:https://registry.npmjs.org/xcode cache-miss
4016 http fetch GET 200 https://registry.npmjs.org/babel-plugin-react-compiler/-/babel-plugin-react-compiler-1.0.0.tgz 23371ms (cache miss)
4017 http fetch GET 200 https://registry.npmjs.org/xcode 1257ms (cache miss)
4018 silly packumentCache corgi:https://registry.npmjs.org/xcode set size:undefined disposed:false
4019 silly packumentCache corgi:https://registry.npmjs.org/@expo%2fconfig-plugins cache-miss
4020 http fetch GET 200 https://registry.npmjs.org/ansi-styles/-/ansi-styles-5.2.0.tgz 24013ms (cache miss)
4021 http fetch GET 200 https://registry.npmjs.org/expo-file-system/-/expo-file-system-57.0.6.tgz 25858ms (cache miss)
4022 http fetch GET 200 https://registry.npmjs.org/@expo%2fconfig-plugins 2362ms (cache miss)
4023 silly packumentCache corgi:https://registry.npmjs.org/@expo%2fconfig-plugins set size:undefined disposed:false
4024 silly packumentCache corgi:https://registry.npmjs.org/expo cache-miss
4025 silly packumentCache corgi:https://registry.npmjs.org/@expo%2fcli cache-miss
4026 silly packumentCache corgi:https://registry.npmjs.org/@expo%2fconfig cache-miss
4027 silly packumentCache corgi:https://registry.npmjs.org/@expo%2finline-modules cache-miss
4028 silly packumentCache corgi:https://registry.npmjs.org/@expo%2fprebuild-config cache-miss
4029 http fetch GET 200 https://registry.npmjs.org/@expo/metro-config/-/metro-config-57.0.12.tgz 26453ms (cache miss)
4030 http fetch GET 200 https://registry.npmjs.org/@expo%2finline-modules 200ms (cache miss)
4031 silly packumentCache corgi:https://registry.npmjs.org/@expo%2finline-modules set size:undefined disposed:false
4032 http fetch GET 200 https://registry.npmjs.org/expo 703ms (cache miss)
4033 silly packumentCache corgi:https://registry.npmjs.org/expo set size:undefined disposed:false
4034 http fetch GET 200 https://registry.npmjs.org/@expo%2fprebuild-config 903ms (cache miss)
4035 silly packumentCache corgi:https://registry.npmjs.org/@expo%2fprebuild-config set size:undefined disposed:false
4036 http fetch GET 200 https://registry.npmjs.org/expo-font/-/expo-font-57.0.3.tgz 28140ms (cache miss)
4037 http fetch GET 200 https://registry.npmjs.org/fb-dotslash/-/fb-dotslash-0.5.8.tgz 29332ms (cache miss)
4038 http fetch GET 200 https://registry.npmjs.org/@expo/log-box/-/log-box-57.0.4.tgz 30188ms (cache miss)
4039 http fetch GET 200 https://registry.npmjs.org/@expo%2fcli 3923ms (cache miss)
4040 silly packumentCache corgi:https://registry.npmjs.org/@expo%2fcli set size:undefined disposed:false
4041 http fetch GET 200 https://registry.npmjs.org/@expo%2fconfig 4216ms (cache miss)
4042 silly packumentCache corgi:https://registry.npmjs.org/@expo%2fconfig set size:undefined disposed:false
4043 silly packumentCache corgi:https://registry.npmjs.org/expo-status-bar cache-miss
4044 silly packumentCache corgi:https://registry.npmjs.org/@expo%2fdom-webview cache-miss
4045 silly packumentCache corgi:https://registry.npmjs.org/@expo%2flog-box cache-miss
4046 silly packumentCache corgi:https://registry.npmjs.org/@expo%2fmetro-config cache-miss
4047 silly packumentCache corgi:https://registry.npmjs.org/babel-preset-expo cache-miss
4048 silly packumentCache corgi:https://registry.npmjs.org/expo-asset cache-miss
4049 silly packumentCache corgi:https://registry.npmjs.org/expo-constants cache-miss
4050 silly packumentCache corgi:https://registry.npmjs.org/expo-file-system cache-miss
4051 silly packumentCache corgi:https://registry.npmjs.org/expo-font cache-miss
4052 silly packumentCache corgi:https://registry.npmjs.org/expo-keep-awake cache-miss
4053 silly packumentCache corgi:https://registry.npmjs.org/@expo%2frouter-server cache-miss
4054 http fetch GET 200 https://registry.npmjs.org/@expo%2fdom-webview 932ms (cache miss)
4055 silly packumentCache corgi:https://registry.npmjs.org/@expo%2fdom-webview set size:undefined disposed:false
4056 http fetch GET 200 https://registry.npmjs.org/expo-status-bar 1126ms (cache miss)
4057 silly packumentCache corgi:https://registry.npmjs.org/expo-status-bar set size:undefined disposed:false
4058 http fetch GET 200 https://registry.npmjs.org/expo-asset 1232ms (cache miss)
4059 silly packumentCache corgi:https://registry.npmjs.org/expo-asset set size:undefined disposed:false
4060 http fetch GET 200 https://registry.npmjs.org/babel-preset-expo 1454ms (cache miss)
4061 silly packumentCache corgi:https://registry.npmjs.org/babel-preset-expo set size:undefined disposed:false
4062 http fetch GET 200 https://registry.npmjs.org/expo-constants 1543ms (cache miss)
4063 silly packumentCache corgi:https://registry.npmjs.org/expo-constants set size:undefined disposed:false
4064 http fetch GET 200 https://registry.npmjs.org/expo-file-system 2010ms (cache miss)
4065 silly packumentCache corgi:https://registry.npmjs.org/expo-file-system set size:undefined disposed:false
4066 http fetch GET 200 https://registry.npmjs.org/expo-keep-awake 2126ms (cache miss)
4067 silly packumentCache corgi:https://registry.npmjs.org/expo-keep-awake set size:undefined disposed:false
4068 http fetch GET 200 https://registry.npmjs.org/@expo%2fmetro-config 2810ms (cache miss)
4069 silly packumentCache corgi:https://registry.npmjs.org/@expo%2fmetro-config set size:undefined disposed:false
4070 http fetch GET 200 https://registry.npmjs.org/@expo%2flog-box 3005ms (cache miss)
4071 silly packumentCache corgi:https://registry.npmjs.org/@expo%2flog-box set size:undefined disposed:false
4072 http fetch GET 200 https://registry.npmjs.org/@expo%2frouter-server 3401ms (cache miss)
4073 silly packumentCache corgi:https://registry.npmjs.org/@expo%2frouter-server set size:undefined disposed:false
4074 http fetch GET 200 https://registry.npmjs.org/expo-font 3694ms (cache miss)
4075 silly packumentCache corgi:https://registry.npmjs.org/expo-font set size:undefined disposed:false
4076 silly packumentCache corgi:https://registry.npmjs.org/@expo%2flocal-build-cache-provider cache-miss
4077 http fetch GET 200 https://registry.npmjs.org/lightningcss-win32-x64-msvc/-/lightningcss-win32-x64-msvc-1.33.0.tgz 35684ms (cache miss)
4078 http fetch GET 200 https://registry.npmjs.org/react-native/-/react-native-0.86.3.tgz 35461ms (cache miss)
4079 http fetch GET 200 https://registry.npmjs.org/@expo/cli/-/cli-57.0.22.tgz 35441ms (cache miss)
4080 http fetch GET 200 https://registry.npmjs.org/@expo%2flocal-build-cache-provider 1283ms (cache miss)
4081 silly packumentCache corgi:https://registry.npmjs.org/@expo%2flocal-build-cache-provider set size:undefined disposed:false
4082 http fetch GET 200 https://registry.npmjs.org/expo-modules-core/-/expo-modules-core-57.0.16.tgz 37406ms (cache miss)
4083 http fetch GET 200 https://registry.npmjs.org/@expo/expo-modules-macros-plugin/-/expo-modules-macros-plugin-0.6.1.tgz 40879ms (cache miss)
4084 http fetch GET 200 https://registry.npmjs.org/hermes-compiler/-/hermes-compiler-250829098.0.17.tgz 52894ms (cache miss)
4085 silly ADD node_modules/fontfaceobserver
4086 silly ADD node_modules/unicode-property-aliases-ecmascript
4087 silly ADD node_modules/unicode-canonical-property-names-ecmascript
4088 silly ADD node_modules/function-bind
4089 silly ADD node_modules/hasown
4090 silly ADD node_modules/supports-preserve-symlinks-flag
4091 silly ADD node_modules/path-parse
4092 silly ADD node_modules/is-core-module
4093 silly ADD node_modules/es-errors
4094 silly ADD node_modules/unicode-match-property-value-ecmascript
4095 silly ADD node_modules/unicode-match-property-ecmascript
4096 silly ADD node_modules/regjsparser
4097 silly ADD node_modules/regjsgen
4098 silly ADD node_modules/regenerate-unicode-properties
4099 silly ADD node_modules/regenerate
4100 silly ADD node_modules/core-js-compat
4101 silly ADD node_modules/resolve
4102 silly ADD node_modules/lodash.debounce
4103 silly ADD node_modules/@babel/helper-define-polyfill-provider
4104 silly ADD node_modules/@babel/plugin-syntax-typescript
4105 silly ADD node_modules/babel-plugin-polyfill-regenerator
4106 silly ADD node_modules/babel-plugin-polyfill-corejs3
4107 silly ADD node_modules/babel-plugin-polyfill-corejs2
4108 silly ADD node_modules/babel-plugin-polyfill-corejs2/node_modules/semver
4109 silly ADD node_modules/@babel/plugin-syntax-jsx
4110 silly ADD node_modules/regexpu-core
4111 silly ADD node_modules/@babel/helper-create-regexp-features-plugin
4112 silly ADD node_modules/@babel/helper-create-regexp-features-plugin/node_modules/semver
4113 silly ADD node_modules/@babel/plugin-syntax-flow
4114 silly ADD node_modules/@babel/helper-wrap-function
4115 silly ADD node_modules/@babel/helper-remap-async-to-generator
4116 silly ADD node_modules/@babel/helper-skip-transparent-expression-wrappers
4117 silly ADD node_modules/@babel/helper-replace-supers
4118 silly ADD node_modules/@babel/helper-optimise-call-expression
4119 silly ADD node_modules/@babel/helper-member-expression-to-functions
4120 silly ADD node_modules/@babel/helper-annotate-as-pure
4121 silly ADD node_modules/@babel/plugin-syntax-decorators
4122 silly ADD node_modules/@babel/helper-create-class-features-plugin
4123 silly ADD node_modules/@babel/helper-create-class-features-plugin/node_modules/semver
4124 silly ADD node_modules/babel-plugin-transform-flow-enums
4125 silly ADD node_modules/babel-plugin-react-native-web
4126 silly ADD node_modules/babel-plugin-react-compiler
4127 silly ADD node_modules/@react-native/babel-plugin-codegen
4128 silly ADD node_modules/@babel/preset-typescript
4129 silly ADD node_modules/@babel/plugin-transform-unicode-regex
4130 silly ADD node_modules/@babel/plugin-transform-typescript
4131 silly ADD node_modules/@babel/plugin-transform-runtime
4132 silly ADD node_modules/@babel/plugin-transform-runtime/node_modules/semver
4133 silly ADD node_modules/@babel/plugin-transform-react-pure-annotations
4134 silly ADD node_modules/@babel/plugin-transform-react-jsx-development
4135 silly ADD node_modules/@babel/plugin-transform-react-jsx
4136 silly ADD node_modules/@babel/plugin-transform-react-display-name
4137 silly ADD node_modules/@babel/plugin-transform-private-property-in-object
4138 silly ADD node_modules/@babel/plugin-transform-private-methods
4139 silly ADD node_modules/@babel/plugin-transform-parameters
4140 silly ADD node_modules/@babel/plugin-transform-optional-chaining
4141 silly ADD node_modules/@babel/plugin-transform-optional-catch-binding
4142 silly ADD node_modules/@babel/plugin-transform-object-rest-spread
4143 silly ADD node_modules/@babel/plugin-transform-nullish-coalescing-operator
4144 silly ADD node_modules/@babel/plugin-transform-named-capturing-groups-regex
4145 silly ADD node_modules/@babel/plugin-transform-logical-assignment-operators
4146 silly ADD node_modules/@babel/plugin-transform-for-of
4147 silly ADD node_modules/@babel/plugin-transform-flow-strip-types
4148 silly ADD node_modules/@babel/plugin-transform-export-namespace-from
4149 silly ADD node_modules/@babel/plugin-transform-destructuring
4150 silly ADD node_modules/@babel/plugin-transform-classes
4151 silly ADD node_modules/@babel/plugin-transform-class-static-block
4152 silly ADD node_modules/@babel/plugin-transform-class-properties
4153 silly ADD node_modules/@babel/plugin-transform-block-scoping
4154 silly ADD node_modules/@babel/plugin-transform-async-to-generator
4155 silly ADD node_modules/@babel/plugin-transform-async-generator-functions
4156 silly ADD node_modules/@babel/plugin-syntax-optional-chaining
4157 silly ADD node_modules/@babel/plugin-syntax-nullish-coalescing-operator
4158 silly ADD node_modules/@babel/plugin-syntax-export-default-from
4159 silly ADD node_modules/@babel/plugin-syntax-dynamic-import
4160 silly ADD node_modules/@babel/plugin-proposal-export-default-from
4161 silly ADD node_modules/@babel/plugin-proposal-decorators
4162 silly ADD node_modules/source-map-js
4163 silly ADD node_modules/nanoid
4164 silly ADD node_modules/lightningcss-win32-x64-msvc
4165 silly ADD node_modules/detect-libc
4166 silly ADD node_modules/postcss
4167 silly ADD node_modules/lightningcss
4168 silly ADD node_modules/clone
4169 silly ADD node_modules/defaults
4170 silly ADD node_modules/supports-hyperlinks
4171 silly ADD node_modules/ansi-escapes
4172 silly ADD node_modules/ansi-escapes/node_modules/type-fest
4173 silly ADD node_modules/mimic-fn
4174 silly ADD node_modules/signal-exit
4175 silly ADD node_modules/onetime
4176 silly ADD node_modules/sisteransi
4177 silly ADD node_modules/kleur
4178 silly ADD node_modules/pngjs
4179 silly ADD node_modules/restore-cursor
4180 silly ADD node_modules/wcwidth
4181 silly ADD node_modules/log-symbols
4182 silly ADD node_modules/log-symbols/node_modules/has-flag
4183 silly ADD node_modules/log-symbols/node_modules/color-name
4184 silly ADD node_modules/log-symbols/node_modules/color-convert
4185 silly ADD node_modules/log-symbols/node_modules/supports-color
4186 silly ADD node_modules/log-symbols/node_modules/escape-string-regexp
4187 silly ADD node_modules/log-symbols/node_modules/ansi-styles
4188 silly ADD node_modules/log-symbols/node_modules/chalk
4189 silly ADD node_modules/cli-spinners
4190 silly ADD node_modules/cli-cursor
4191 silly ADD node_modules/validate-npm-package-name
4192 silly ADD node_modules/proc-log
4193 silly ADD node_modules/hosted-git-info
4194 silly ADD node_modules/hosted-git-info/node_modules/lru-cache
4195 silly ADD node_modules/argparse
4196 silly ADD node_modules/vary
4197 silly ADD node_modules/safe-buffer
4198 silly ADD node_modules/on-headers
4199 silly ADD node_modules/compressible
4200 silly ADD node_modules/bytes
4201 silly ADD node_modules/js-yaml
4202 silly ADD node_modules/parse-png
4203 silly ADD node_modules/jimp-compact
4204 silly ADD node_modules/@expo/sudo-prompt
4205 silly ADD node_modules/zod
4206 silly ADD node_modules/toqr
4207 silly ADD node_modules/terminal-link
4208 silly ADD node_modules/structured-headers
4209 silly ADD node_modules/sandbox-cli-detector
4210 silly ADD node_modules/prompts
4211 silly ADD node_modules/progress
4212 silly ADD node_modules/ora
4213 silly ADD node_modules/ora/node_modules/has-flag
4214 silly ADD node_modules/ora/node_modules/ansi-regex
4215 silly ADD node_modules/ora/node_modules/color-name
4216 silly ADD node_modules/ora/node_modules/color-convert
4217 silly ADD node_modules/ora/node_modules/supports-color
4218 silly ADD node_modules/ora/node_modules/escape-string-regexp
4219 silly ADD node_modules/ora/node_modules/ansi-styles
4220 silly ADD node_modules/ora/node_modules/strip-ansi
4221 silly ADD node_modules/ora/node_modules/chalk
4222 silly ADD node_modules/npm-package-arg
4223 silly ADD node_modules/node-forge
4224 silly ADD node_modules/multitars
4225 silly ADD node_modules/lan-network
4226 silly ADD node_modules/fetch-nodeshim
4227 silly ADD node_modules/dnssd-advertise
4228 silly ADD node_modules/compression
4229 silly ADD node_modules/compression/node_modules/ms
4230 silly ADD node_modules/compression/node_modules/negotiator
4231 silly ADD node_modules/compression/node_modules/debug
4232 silly ADD node_modules/agent-cli-detector
4233 silly ADD node_modules/@expo/xcpretty
4234 silly ADD node_modules/@expo/schema-utils
4235 silly ADD node_modules/expo-server
4236 silly ADD node_modules/@expo/prebuild-config
4237 silly ADD node_modules/@expo/package-manager
4238 silly ADD node_modules/@expo/osascript
4239 silly ADD node_modules/@expo/metro-file-map
4240 silly ADD node_modules/@expo/inline-modules
4241 silly ADD node_modules/@expo/image-utils
4242 silly ADD node_modules/@expo/devcert
4243 silly ADD node_modules/@expo/devcert/node_modules/debug
4244 silly ADD node_modules/@expo/code-signing-certificates
4245 silly ADD node_modules/is-fullwidth-code-point
4246 silly ADD node_modules/emoji-regex
4247 silly ADD node_modules/wrap-ansi
4248 silly ADD node_modules/strip-ansi
4249 silly ADD node_modules/yargs-parser
4250 silly ADD node_modules/y18n
4251 silly ADD node_modules/string-width
4252 silly ADD node_modules/require-directory
4253 silly ADD node_modules/get-caller-file
4254 silly ADD node_modules/cliui
4255 silly ADD node_modules/sax
4256 silly ADD node_modules/big-integer
4257 silly ADD node_modules/stream-buffers
4258 silly ADD node_modules/plist
4259 silly ADD node_modules/plist/node_modules/@xmldom/xmldom
4260 silly ADD node_modules/bplist-parser
4261 silly ADD node_modules/bplist-creator
4262 silly ADD node_modules/uuid
4263 silly ADD node_modules/simple-plist
4264 silly ADD node_modules/isexe
4265 silly ADD node_modules/tmpl
4266 silly ADD node_modules/makeerror
4267 silly ADD node_modules/escalade
4268 silly ADD node_modules/is-number
4269 silly ADD node_modules/buffer-from
4270 silly ADD node_modules/source-map-support
4271 silly ADD node_modules/source-map-support/node_modules/source-map
4272 silly ADD node_modules/acorn
4273 silly ADD node_modules/@jridgewell/source-map
4274 silly ADD node_modules/has-flag
4275 silly ADD node_modules/type-fest
4276 silly ADD node_modules/shebang-regex
4277 silly ADD node_modules/toidentifier
4278 silly ADD node_modules/setprototypeof
4279 silly ADD node_modules/inherits
4280 silly ADD node_modules/range-parser
4281 silly ADD node_modules/mime
4282 silly ADD node_modules/http-errors
4283 silly ADD node_modules/http-errors/node_modules/statuses
4284 silly ADD node_modules/fresh
4285 silly ADD node_modules/etag
4286 silly ADD node_modules/destroy
4287 silly ADD node_modules/depd
4288 silly ADD node_modules/send
4289 silly ADD node_modules/send/node_modules/statuses
4290 silly ADD node_modules/send/node_modules/on-finished
4291 silly ADD node_modules/send/node_modules/encodeurl
4292 silly ADD node_modules/send/node_modules/debug
4293 silly ADD node_modules/send/node_modules/debug/node_modules/ms
4294 silly ADD node_modules/shell-quote
4295 silly ADD node_modules/asap
4296 silly ADD node_modules/marky
4297 silly ADD node_modules/is-docker
4298 silly ADD node_modules/mkdirp
4299 silly ADD node_modules/lighthouse-logger
4300 silly ADD node_modules/lighthouse-logger/node_modules/ms
4301 silly ADD node_modules/lighthouse-logger/node_modules/debug
4302 silly ADD node_modules/is-wsl
4303 silly ADD node_modules/escape-string-regexp
4304 silly ADD node_modules/event-target-shim
4305 silly ADD node_modules/fb-dotslash
4306 silly ADD node_modules/serve-static
4307 silly ADD node_modules/serve-static/node_modules/encodeurl
4308 silly ADD node_modules/open
4309 silly ADD node_modules/chromium-edge-launcher
4310 silly ADD node_modules/chrome-launcher
4311 silly ADD node_modules/@react-native/debugger-shell
4312 silly ADD node_modules/@react-native/debugger-frontend
4313 silly ADD node_modules/@isaacs/ttlcache
4314 silly ADD node_modules/@react-native/dev-middleware
4315 silly ADD node_modules/whatwg-fetch
4316 silly ADD node_modules/tinyglobby
4317 silly ADD node_modules/tinyglobby/node_modules/picomatch
4318 silly ADD node_modules/tinyglobby/node_modules/fdir
4319 silly ADD node_modules/stacktrace-parser
4320 silly ADD node_modules/scheduler
4321 silly ADD node_modules/regenerator-runtime
4322 silly ADD node_modules/react-devtools-core
4323 silly ADD node_modules/promise
4324 silly ADD node_modules/memoize-one
4325 silly ADD node_modules/hermes-compiler
4326 silly ADD node_modules/babel-plugin-syntax-hermes-parser
4327 silly ADD node_modules/babel-plugin-syntax-hermes-parser/node_modules/hermes-estree
4328 silly ADD node_modules/babel-plugin-syntax-hermes-parser/node_modules/hermes-parser
4329 silly ADD node_modules/ansi-regex
4330 silly ADD node_modules/anser
4331 silly ADD node_modules/abort-controller
4332 silly ADD node_modules/@react-native/virtualized-lists
4333 silly ADD node_modules/@react-native/normalize-colors
4334 silly ADD node_modules/@react-native/js-polyfills
4335 silly ADD node_modules/@react-native/gradle-plugin
4336 silly ADD node_modules/@react-native/community-cli-plugin
4337 silly ADD node_modules/@react-native/codegen
4338 silly ADD node_modules/@react-native/codegen/node_modules/hermes-estree
4339 silly ADD node_modules/@react-native/codegen/node_modules/hermes-parser
4340 silly ADD node_modules/@react-native/assets-registry
4341 silly ADD node_modules/react-is
4342 silly ADD node_modules/ee-first
4343 silly ADD node_modules/content-type
4344 silly ADD node_modules/balanced-match
4345 silly ADD node_modules/brace-expansion
4346 silly ADD node_modules/mime-db
4347 silly ADD node_modules/to-regex-range
4348 silly ADD node_modules/fill-range
4349 silly ADD node_modules/braces
4350 silly ADD node_modules/vlq
4351 silly ADD node_modules/ob1
4352 silly ADD node_modules/terser
4353 silly ADD node_modules/terser/node_modules/commander
4354 silly ADD node_modules/node-int64
4355 silly ADD node_modules/bser
4356 silly ADD node_modules/walker
4357 silly ADD node_modules/micromatch
4358 silly ADD node_modules/fb-watchman
4359 silly ADD node_modules/leven
4360 silly ADD node_modules/jest-get-type
4361 silly ADD node_modules/camelcase
4362 silly ADD node_modules/yaml
4363 silly ADD node_modules/jest-validate
4364 silly ADD node_modules/agent-base
4365 silly ADD node_modules/https-proxy-agent
4366 silly ADD node_modules/exponential-backoff
4367 silly ADD node_modules/@types/yargs-parser
4368 silly ADD node_modules/@types/istanbul-lib-report
4369 silly ADD node_modules/@sinclair/typebox
4370 silly ADD node_modules/@types/yargs
4371 silly ADD node_modules/@types/istanbul-reports
4372 silly ADD node_modules/@types/istanbul-lib-coverage
4373 silly ADD node_modules/@jest/schemas
4374 silly ADD node_modules/picomatch
4375 silly ADD node_modules/@jest/types
4376 silly ADD node_modules/undici-types
4377 silly ADD node_modules/merge-stream
4378 silly ADD node_modules/jest-util
4379 silly ADD node_modules/jest-util/node_modules/ci-info
4380 silly ADD node_modules/@types/node
4381 silly ADD node_modules/hermes-estree
4382 silly ADD node_modules/unpipe
4383 silly ADD node_modules/statuses
4384 silly ADD node_modules/on-finished
4385 silly ADD node_modules/escape-html
4386 silly ADD node_modules/encodeurl
4387 silly ADD node_modules/stackframe
4388 silly ADD node_modules/utils-merge
4389 silly ADD node_modules/parseurl
4390 silly ADD node_modules/finalhandler
4391 silly ADD node_modules/finalhandler/node_modules/ms
4392 silly ADD node_modules/finalhandler/node_modules/debug
4393 silly ADD node_modules/negotiator
4394 silly ADD node_modules/yargs
4395 silly ADD node_modules/ws
4396 silly ADD node_modules/throat
4397 silly ADD node_modules/source-map
4398 silly ADD node_modules/serialize-error
4399 silly ADD node_modules/nullthrows
4400 silly ADD node_modules/mime-types
4401 silly ADD node_modules/lodash.throttle
4402 silly ADD node_modules/jsc-safe-url
4403 silly ADD node_modules/jest-worker
4404 silly ADD node_modules/jest-worker/node_modules/supports-color
4405 silly ADD node_modules/hermes-parser
4406 silly ADD node_modules/graceful-fs
4407 silly ADD node_modules/flow-enums-runtime
4408 silly ADD node_modules/error-stack-parser
4409 silly ADD node_modules/connect
4410 silly ADD node_modules/connect/node_modules/ms
4411 silly ADD node_modules/connect/node_modules/debug
4412 silly ADD node_modules/ci-info
4413 silly ADD node_modules/accepts
4414 silly ADD node_modules/yallist
4415 silly ADD node_modules/loose-envify
4416 silly ADD node_modules/path-scurry
4417 silly ADD node_modules/path-scurry/node_modules/lru-cache
4418 silly ADD node_modules/minipass
4419 silly ADD node_modules/invariant
4420 silly ADD node_modules/expo-modules-jsi
4421 silly ADD node_modules/@expo/expo-modules-macros-plugin
4422 silly ADD node_modules/commander
4423 silly ADD node_modules/ms
4424 silly ADD node_modules/which
4425 silly ADD node_modules/shebang-command
4426 silly ADD node_modules/path-key
4427 silly ADD node_modules/color-name
4428 silly ADD node_modules/color-convert
4429 silly ADD node_modules/supports-color
4430 silly ADD node_modules/ansi-styles
4431 silly ADD node_modules/update-browserslist-db
4432 silly ADD node_modules/node-releases
4433 silly ADD node_modules/electron-to-chromium
4434 silly ADD node_modules/caniuse-lite
4435 silly ADD node_modules/baseline-browser-mapping
4436 silly ADD node_modules/@jridgewell/resolve-uri
4437 silly ADD node_modules/@jridgewell/sourcemap-codec
4438 silly ADD node_modules/cross-spawn
4439 silly ADD node_modules/@babel/helper-string-parser
4440 silly ADD node_modules/@babel/helper-globals
4441 silly ADD node_modules/@babel/helper-plugin-utils
4442 silly ADD node_modules/@babel/helper-module-imports
4443 silly ADD node_modules/lru-cache
4444 silly ADD node_modules/browserslist
4445 silly ADD node_modules/@babel/helper-validator-option
4446 silly ADD node_modules/@babel/compat-data
4447 silly ADD node_modules/jsesc
4448 silly ADD node_modules/@jridgewell/trace-mapping
4449 silly ADD node_modules/@jridgewell/gen-mapping
4450 silly ADD node_modules/gensync
4451 silly ADD node_modules/convert-source-map
4452 silly ADD node_modules/@jridgewell/remapping
4453 silly ADD node_modules/@babel/types
4454 silly ADD node_modules/@babel/traverse
4455 silly ADD node_modules/@babel/template
4456 silly ADD node_modules/@babel/parser
4457 silly ADD node_modules/@babel/helpers
4458 silly ADD node_modules/@babel/helper-module-transforms
4459 silly ADD node_modules/@babel/helper-compilation-targets
4460 silly ADD node_modules/@babel/helper-compilation-targets/node_modules/semver
4461 silly ADD node_modules/@babel/generator
4462 silly ADD node_modules/@babel/plugin-transform-modules-commonjs
4463 silly ADD node_modules/@babel/core
4464 silly ADD node_modules/@babel/core/node_modules/semver
4465 silly ADD node_modules/xmlbuilder
4466 silly ADD node_modules/base64-js
4467 silly ADD node_modules/@xmldom/xmldom
4468 silly ADD node_modules/metro-transform-worker
4469 silly ADD node_modules/metro-transform-plugins
4470 silly ADD node_modules/metro-symbolicate
4471 silly ADD node_modules/metro-source-map
4472 silly ADD node_modules/metro-runtime
4473 silly ADD node_modules/metro-resolver
4474 silly ADD node_modules/metro-minify-terser
4475 silly ADD node_modules/metro-file-map
4476 silly ADD node_modules/metro-core
4477 silly ADD node_modules/metro-config
4478 silly ADD node_modules/metro-cache-key
4479 silly ADD node_modules/metro-cache
4480 silly ADD node_modules/metro-babel-transformer
4481 silly ADD node_modules/metro
4482 silly ADD node_modules/picocolors
4483 silly ADD node_modules/js-tokens
4484 silly ADD node_modules/@babel/helper-validator-identifier
4485 silly ADD node_modules/json5
4486 silly ADD node_modules/@babel/code-frame
4487 silly ADD node_modules/resolve-from
4488 silly ADD node_modules/minimatch
4489 silly ADD node_modules/ignore
4490 silly ADD node_modules/arg
4491 silly ADD node_modules/@expo/spawn-async
4492 silly ADD node_modules/@expo/env
4493 silly ADD node_modules/xml2js
4494 silly ADD node_modules/xml2js/node_modules/xmlbuilder
4495 silly ADD node_modules/xcode
4496 silly ADD node_modules/debug
4497 silly ADD node_modules/chalk
4498 silly ADD node_modules/@expo/sdk-runtime-versions
4499 silly ADD node_modules/@expo/plist
4500 silly ADD node_modules/slugify
4501 silly ADD node_modules/semver
4502 silly ADD node_modules/resolve-workspace-root
4503 silly ADD node_modules/glob
4504 silly ADD node_modules/getenv
4505 silly ADD node_modules/deepmerge
4506 silly ADD node_modules/@expo/require-utils
4507 silly ADD node_modules/@expo/json-file
4508 silly ADD node_modules/@expo/config-types
4509 silly ADD node_modules/whatwg-url-minimum
4510 silly ADD node_modules/pretty-format
4511 silly ADD node_modules/pretty-format/node_modules/ansi-styles
4512 silly ADD node_modules/expo-modules-core
4513 silly ADD node_modules/expo-modules-autolinking
4514 silly ADD node_modules/react-refresh
4515 silly ADD node_modules/@ungap/structured-clone
4516 silly ADD node_modules/@expo/metro
4517 silly ADD node_modules/@expo/local-build-cache-provider
4518 silly ADD node_modules/@expo/fingerprint
4519 silly ADD node_modules/@expo/devtools
4520 silly ADD node_modules/@expo/config-plugins
4521 silly ADD node_modules/@expo/config
4522 silly ADD node_modules/@babel/runtime
4523 silly ADD node_modules/expo-status-bar
4524 silly ADD node_modules/react-native
4525 silly ADD node_modules/react-native/node_modules/commander
4526 silly ADD node_modules/react
4527 silly ADD node_modules/expo
4528 silly ADD node_modules/expo/node_modules/mime-db
4529 silly ADD node_modules/expo/node_modules/hermes-estree
4530 silly ADD node_modules/expo/node_modules/negotiator
4531 silly ADD node_modules/expo/node_modules/mime-types
4532 silly ADD node_modules/expo/node_modules/hermes-parser
4533 silly ADD node_modules/expo/node_modules/picomatch
4534 silly ADD node_modules/expo/node_modules/ci-info
4535 silly ADD node_modules/expo/node_modules/accepts
4536 silly ADD node_modules/expo/node_modules/ws
4537 silly ADD node_modules/expo/node_modules/@expo/ws-tunnel
4538 silly ADD node_modules/expo/node_modules/expo-keep-awake
4539 silly ADD node_modules/expo/node_modules/expo-font
4540 silly ADD node_modules/expo/node_modules/expo-file-system
4541 silly ADD node_modules/expo/node_modules/expo-constants
4542 silly ADD node_modules/expo/node_modules/expo-asset
4543 silly ADD node_modules/expo/node_modules/babel-preset-expo
4544 silly ADD node_modules/expo/node_modules/@expo/metro-config
4545 silly ADD node_modules/expo/node_modules/@expo/log-box
4546 silly ADD node_modules/expo/node_modules/@expo/dom-webview
4547 silly ADD node_modules/expo/node_modules/@expo/cli
4548 silly ADD node_modules/expo/node_modules/@expo/cli/node_modules/@expo/router-server
4549 verbose cwd E:\Todo\task-manager\mobile
4550 verbose os Windows_NT 10.0.19045
4551 verbose node v26.5.1
4552 verbose npm  v11.17.0
4553 notice
4553 notice New major version of npm available! 11.17.0 -> 12.0.2
4553 notice Changelog: https://github.com/npm/cli/releases/tag/v12.0.2
4553 notice To update run: npm install -g npm@12.0.2
4553 notice  { force: true, Symbol(proc-log.meta): true }
4554 verbose exit 0
4555 info ok
